job_id,job_title,job_role,role_category,functional_area,employment_type,industry,exp_min,exp_max,exp_text,company_name,location_1,location_2,salary_min,salary_max,salary_hidden,salary_label,created_date,short_desc,source_file,search_term,company_rating,skills_list,skill_count,location,experience_level,salary_disclosed,salary_min_lpa,salary_max_lpa,job_role_clean,broad_role,skills_normalised
180926915757,Software Developer Intern / Trainee,Full Stack Developer,Software Development,Engineering - Software & QA,"Full Time, Permanent",IT Services & Consulting,0,1,0-1 Yrs,Techavidus,Gandhinagar,,0.0,0.0,True,Not Disclosed,2026-09-18 12:47:01,"Final year student or recent graduate in Computer Science or related field with knowledge of Asp.Net MVC/Core, Node JS, Java, Angular, React JS, and Web Designing|Collaborate with cross-functional teams, develop software using specified technologies, and solve technical problems in a fast-paced environment",1.csv,Software Developer / Full Stack / Frontend / Backend,4.6,Java|Software development|Node JS|Web Designing|Angular|React JS,6,Gandhinagar,Entry,False,,,Full Stack Developer,Full Stack Developer,web designing|software development|java|react|node.js|angular
160626503228,Software Developer - Fresher / Trainee,Software Development - Other,Software Development,Engineering - Software & QA,"Full Time, Permanent",Industrial Equipment / Machinery,0,3,0-3 Yrs,Techno Matrix,Pune,,0.0,0.0,True,Not Disclosed,2026-06-16 18:01:19,Hiring recently graduated computer science candidates for the position of software developer fresher position with organisation,1.csv,Software Developer / Full Stack / Frontend / Backend,,c#|css|c++|python|software development|dbms|hibernate|javascript|jquery|sql server|sql|spring|spring boot|software training|java|asp.net|.net|html|mysql|data structures|web development,21,Pune,Entry,False,,,Software Development - Other,Other IT,html|jquery|.net|spring|data structures|software development|python|dbms|c#|c++|software training|hibernate|java|spring boot|web development|javascript|asp.net|sql server|mysql|sql|css
141125501336,Software Developer Trainee / Intern,Front End Developer,Software Development,Engineering - Software & QA,"Full Time, Permanent",IT Services & Consulting,0,2,0-2 Yrs,Liangtuang Technologies,Noida,,,,False,Unpaid,2025-11-14 16:53:33,"Clarity of OOPs concepts . good in logical reasoning nbsp|Positive Attitude,willingness to learn new technologies nbsp| . Good personality,a good team player nbsp",1.csv,Software Developer / Full Stack / Frontend / Backend,3.9,algorithms|css|c++|android|dbms|bootstrap|jquery|react.js|java|oops|json|mysql|html|web development|data structures|mongodb|python|software development|c|react native|javascript|sql server|angular|django|android application development|php|node.js,27,Noida,Entry,True,,,Front End Developer,Frontend Developer,json|html|jquery|react native|data structures|django|android application development|software development|react|python|mongodb|dbms|c++|algorithms|java|web development|php|javascript|sql server|android|bootstrap|node.js|mysql|oops|css|angular
140926022430,Software Developer,Back End Developer,Software Development,Engineering - Software & QA,"Full Time, Permanent",IT Services & Consulting,0,5,0-5 Yrs,M/S Yashuss Unlimited Business Solutions Private L Imited,Mumbai,Mumbai Suburban,300000.0,450000.0,False,3-4.5 Lacs,2026-09-14 22:55:30,"Expertise in Zoho Applications and Deluge scripting, strong database and API integration skills, Zoho certifications preferred|Develop and customize Zoho CRM and Creator applications, build scalable server-side components with Node.js, optimize databases, integrate front-end with React.js, ensure security and performance, and manage deployments",1.csv,Software Developer / Full Stack / Frontend / Backend,,agile development methodologies|Restful Web API Development|Low code no code|Postgresql|Code Review|Graph API|SQL|Software Development|NoSQL|CRM customisation|DB Optimization|Cron Jobs|Deployment and Release Management,13,Mumbai,Entry,True,300000.0,450000.0,Back End Developer,Backend Developer,graph api|db optimization|cron jobs|software development|postgresql|crm customisation|low code no code|code review|agile development methodologies|deployment and release management|restful web api development|nosql|sql
180926501100,Software Developer,Software Developer in Test (SDET),Quality Assurance and Testing,Engineering - Software & QA,"Full Time, Permanent",IT Services & Consulting,0,3,0-3 Yrs,Brilliant Info System,Pune,,0.0,0.0,True,Not Disclosed,2026-09-18 17:47:47,,1.csv,Software Developer / Full Stack / Frontend / Backend,4.1,emerging technologies|python|software development|programming languages|code quality|user interface|sql|database management|java|agile methodologies|agile|front-end development|software developer|programming,14,Pune,Entry,False,,,Software Developer in Test (SDET),Software Developer / Engineer,database management|code quality|programming languages|emerging technologies|software development|agile|software developer|java|agile methodologies|programming|python|user interface|sql|front-end development
310723500254,Software Developer,Software Development - Other,Software Development,Engineering - Software & QA,"Full Time, Permanent",IT Services & Consulting,0,3,0-3 Yrs,Shreecom Info Tech,Pune,,0.0,0.0,True,Not Disclosed,2023-07-31 11:02:27,". Bachelors degree in Information Technology or related field . 2 years of overall IT experience working with dot net C# development framework creating Web applications . |Following all required software development standards,change control procedures,and security requirements within the company|Experience in integrating any payment gateway to web sites a plus .",1.csv,Software Developer / Full Stack / Frontend / Backend,4.6,Web technologies|android application development|Software development life cycle|Customer service|.Net|Troubleshooting|Information technology|SDLC|Ajax,9,Pune,Entry,False,,,Software Development - Other,Other IT,android application development|software development life cycle|ajax|.net|customer service|troubleshooting|web technologies|sdlc|information technology
250325505624,Software Developer,Software Development - Other,Software Development,Engineering - Software & QA,"Full Time, Permanent",Electronic Components / Semiconductors,0,4,0-4 Yrs,Pyrotech Workspace Solutions,Udaipur,,0.0,0.0,True,Not Disclosed,2025-03-25 18:40:06,,1.csv,Software Developer / Full Stack / Frontend / Backend,3.4,Software Developer,1,Udaipur,Entry,False,,,Software Development - Other,Other IT,software developer
150125502056,Software Developer,Software Developer in Test (SDET),Quality Assurance and Testing,Engineering - Software & QA,"Full Time, Permanent",IT Services & Consulting,0,3,0-3 Yrs,Impressive Star Softwares,Jaipur,,0.0,0.0,True,Not Disclosed,2025-01-15 17:36:23,,1.csv,Software Developer / Full Stack / Frontend / Backend,2.8,Tally|Manager Technology|Programming|Business management|Unit testing,5,Jaipur,Entry,False,,,Software Developer in Test (SDET),Software Developer / Engineer,manager technology|unit testing|tally|business management|programming
271223009512,Hiring Fresher Software Developer / Fresher Software Engineer,Full Stack Developer,Software Development,Engineering - Software & QA,"Full Time, Permanent",IT Services & Consulting,0,2,0-2 Yrs,Talent Spot,Chennai,,300000.0,500000.0,False,3-5 Lacs,2026-09-15 15:09:44,"Fresh graduates with BE/BTech, ME/MTech, MCA/MSc (CS, IT), BCA/BSc (CS, IT) degrees passed out between 2020-2026|Undergo free IT skilling and employability enhancement training; develop software skills and prepare for IT sector roles",1.csv,Software Developer / Full Stack / Frontend / Backend,,Java Developer|Java|Front End Developer|React JS|Angular|Python,6,Chennai,Entry,True,300000.0,500000.0,Full Stack Developer,Full Stack Developer,front end developer|java|react|java developer|python|angular
210426502461,SOFTWARE DEVELOPER/ENGINEER,Front End Developer,Software Development,Engineering - Software & QA,"Full Time, Permanent",Software Product,0,3,0-3 Yrs,Myospaz Software Technologies,Pune,,0.0,0.0,True,Not Disclosed,2026-04-21 18:34:49,"Experience with Asp.NET,VB.NET,and C#.NET using AJAX and MVC",1.csv,Software Developer / Full Stack / Frontend / Backend,3.2,jQuery|VB.NET|C|OOPS|Javascript|ASP.Net|MVC|bootstrap|SQL|Ajax,10,Pune,Entry,False,,,Front End Developer,Frontend Developer,mvc|asp.net|vb.net|jquery|sql|bootstrap|javascript|oops|ajax
210426502460,SOFTWARE DEVELOPER/ENGINEER,Front End Developer,Software Development,Engineering - Software & QA,"Full Time, Permanent",Software Product,0,3,0-3 Yrs,Myospaz Software Technologies,Pune,,0.0,0.0,True,Not Disclosed,2026-04-21 18:34:49,Experience with Asp.NET and VB.NET with C#.NET,1.csv,Software Developer / Full Stack / Frontend / Backend,3.2,jQuery|VB.NET|OOPS|Javascript|PHP|ASP.Net|MVC|bootstrap|SQL|Ajax,10,Pune,Entry,False,,,Front End Developer,Frontend Developer,mvc|asp.net|vb.net|jquery|sql|bootstrap|php|javascript|oops|ajax
210426502459,SOFTWARE DEVELOPER/ENGINEER,Front End Developer,Software Development,Engineering - Software & QA,"Full Time, Permanent",Software Product,0,3,0-3 Yrs,Myospaz Software Technologies,Pune,,0.0,0.0,True,Not Disclosed,2026-04-21 18:34:48,"Experience with OOPS Concepts,Bootstrap,Javascript,and jQuery",1.csv,Software Developer / Full Stack / Frontend / Backend,3.2,jQuery|VB.NET|OOPS|Javascript|ASP.Net|MVC|bootstrap|SQL|Ajax|Android,10,Pune,Entry,False,,,Front End Developer,Frontend Developer,mvc|asp.net|vb.net|jquery|sql|android|bootstrap|javascript|oops|ajax
70926501086,Software Developer,Software Developer in Test (SDET),Quality Assurance and Testing,Engineering - Software & QA,"Full Time, Permanent",IT Services & Consulting,0,4,0-4 Yrs,Jasmin Infotech,Chennai,,0.0,0.0,True,Not Disclosed,2026-09-07 14:28:40,"Fresher|Programming skills. Good analytical and debugging skills. A positive attitude,good communication skills and the ability to work well in a team| Years of Experience",1.csv,Software Developer / Full Stack / Frontend / Backend,3.9,debugging|software developer|programming|application development|communication skills,5,Chennai,Entry,False,,,Software Developer in Test (SDET),Software Developer / Engineer,application development|software developer|debugging|communication skills|programming
40926029668,Software Developer,Software Development - Other,Software Development,Engineering - Software & QA,"Full Time, Permanent",IT Services & Consulting,0,0,0 Yrs,Jasmin Infotech,Chennai,,0.0,0.0,True,Not Disclosed,2026-09-08 18:46:54,B.Sc (Computer Science) or BCA graduate with strong programming and debugging skills|Apply analytical and debugging skills in team projects,1.csv,Software Developer / Full Stack / Frontend / Backend,3.9,,0,Chennai,Entry,False,,,Software Development - Other,Other IT,
120826505033,Data Scientist/Software Developer,Software Developer in Test (SDET),Quality Assurance and Testing,Engineering - Software & QA,"Full Time, Permanent",Industrial Equipment / Machinery,0,4,0-4 Yrs,Xylem Water Solutions,Bengaluru,,0.0,0.0,True,Not Disclosed,2026-08-12 18:27:24,"Operate effectively in a modern data platform environment,with preference for experience in Databricks . Support,interpret,and interact with Power BI dashboards for business-facing insights and reporting. |Required Qualifications. |Preferred Qualifications. |Experience working with Databricks . .",1.csv,Software Developer / Full Stack / Frontend / Backend,3.8,advanced analytics|commercial buildings|information technology|databricks|data engineering|analytics|data quality|data extraction|data science|lead generation|complex queries|data scientist|debugging|communication skills,14,Bengaluru,Entry,False,,,Software Developer in Test (SDET),Software Developer / Engineer,complex queries|data quality|lead generation|data scientist|databricks|analytics|data engineering|debugging|commercial buildings|communication skills|advanced analytics|data extraction|information technology|data science
90726020222,Software Developer,Other,Other,Other,"Full Time, Permanent",IT Services & Consulting,0,4,0-4 Yrs,Nilorn,New Delhi,,0.0,0.0,True,Not Disclosed,2026-09-24 15:46:06,"Bachelor's or diploma in CS/IT/Electronics with SQL and ITSM tool experience|Provide 1st and 2nd level support for ERP and order systems, monitor applications and databases, resolve software issues within SLAs, handle incidents and service requests, deliver end-user training",1.csv,Software Developer / Full Stack / Frontend / Backend,4.0,Software Troubleshooting|Technical Helpdesk|Ticketing Tools|Software Implementation,4,New Delhi,Entry,False,,,Other,Other IT,technical helpdesk|software implementation|ticketing tools|software troubleshooting
230926503906,Software Developer,Software Developer in Test (SDET),Quality Assurance and Testing,Engineering - Software & QA,"Full Time, Permanent",IT Services & Consulting,0,2,0-2 Yrs,Ivis International,Hyderabad,,0.0,0.0,True,Not Disclosed,2026-09-23 17:42:30,,1.csv,Software Developer / Full Stack / Frontend / Backend,3.5,Training|Sales planning|Sales|Sales Representative|Management|Monitoring|Recruitment,7,Hyderabad,Entry,False,,,Software Developer in Test (SDET),Software Developer / Engineer,sales representative|sales planning|training|recruitment|monitoring|sales|management
121224502582,Saas Software Developer,Software Development - Other,Software Development,Engineering - Software & QA,"Full Time, Permanent",Internet,0,4,0-4 Yrs,BVM Web Solutions,Jaipur,,0.0,0.0,True,Not Disclosed,2024-12-12 16:44:14,,1.csv,Software Developer / Full Stack / Frontend / Backend,4.3,PDF|Web technologies|SAAS|Web development|PHP|HR|IOS|Software solutions|Android,9,Jaipur,Entry,False,,,Software Development - Other,Other IT,hr|php|pdf|android|saas|software solutions|web development|web technologies|ios
31224507010,Software Developer,Software Development - Other,Software Development,Engineering - Software & QA,"Full Time, Permanent",Engineering & Construction,0,5,0-5 Yrs,Coaxial Global Services,Nagercoil,,0.0,0.0,True,Not Disclosed,2024-12-03 18:32:24,,1.csv,Software Developer / Full Stack / Frontend / Backend,,Software Developer,1,Nagercoil,Entry,False,,,Software Development - Other,Other IT,software developer
240926040408,Software Developer,Full Stack Developer,Software Development,Engineering - Software & QA,"Full Time, Permanent",IT Services & Consulting,0,0,0 Yrs,Pragmatic Career Solutions,Pune,,300000.0,500000.0,False,3-5 Lacs,2026-09-24 18:59:35,"Fresher with excellent coding, programming, or software testing skills|Work as Java Developer or Software Tester in development and testing tasks",1.csv,Software Developer / Full Stack / Frontend / Backend,,Software Testing,1,Pune,Entry,True,300000.0,500000.0,Full Stack Developer,Full Stack Developer,software testing
220926503562,Software Developer (Dev0),Software Developer in Test (SDET),Quality Assurance and Testing,Engineering - Software & QA,"Full Time, Permanent",IT Services & Consulting,0,5,0-5 Yrs,Ziroh Labs,Bengaluru,,0.0,0.0,True,Not Disclosed,2026-09-22 17:53:27,"Hands-on experience with processor intrinsics: Demonstrated ability to use specialized CPU instructions (intrinsics) to write highly optimized code,leveraging direct hardware capabilities for performance gains|Experience with implementing and optimizing GEMM for different architectures is a strong plus",1.csv,Software Developer / Full Stack / Frontend / Backend,2.8,algorithms|systems programming|cache|ai|ai infrastructure|concurrent|processor|computer architecture|optimization techniques|debugging|distributed systems|performance optimization|software developer|ai model|programming|architecture,16,Bengaluru,Entry,False,,,Software Developer in Test (SDET),Software Developer / Engineer,ai|performance optimization|algorithms|debugging|distributed systems|systems programming|processor|computer architecture|software developer|cache|optimization techniques|ai model|ai infrastructure|programming|architecture|concurrent
180926037180,Telecaller Software Developer,Software Development - Other,Software Development,Engineering - Software & QA,"Full Time, Permanent",Software Product,0,0,0 Yrs,Spiro Prime Tech Services,Chennai,,125000.0,200000.0,False,1.25-2 Lacs,2026-09-18 19:21:40,"Freshers with aptitude for software development and telecalling, willing to undergo specialized training and 11-month service commitment|Start as Telecaller with training, generate leads, achieve targets, and transition to Software Developer role based on performance|Salary up to ₹20,000/month including fixed pay and performance-linked incentives",1.csv,Software Developer / Full Stack / Frontend / Backend,4.1,Sales|Telesales|Programming|Software,4,Chennai,Entry,True,125000.0,200000.0,Software Development - Other,Other IT,programming|telesales|software|sales
280524501053,Software Developer/Engineer ASP.Net Core(MVC,Software Developer in Test (SDET),Quality Assurance and Testing,Engineering - Software & QA,"Full Time, Permanent",Software Product,0,1,0-1 Yrs,Anvitechsys,Pune,,0.0,0.0,True,Not Disclosed,2024-05-28 17:34:41,,1.csv,Software Developer / Full Stack / Frontend / Backend,4.9,ASP.Net MVC|jQuery|C|html5|OOPS|Javascript|bootstrap|SQL|Ajax|CSS3,10,Pune,Entry,False,,,Software Developer in Test (SDET),Software Developer / Engineer,javascript|jquery|sql|css3|asp.net mvc|bootstrap|html5|oops|ajax
210926026157,Software Developer,IT Support - Other,IT Support,IT & Information Security,"Full Time, Permanent",IT Services & Consulting,0,1,0-1 Yrs,Smartronic Technical Solution Chennai,Chennai,,150000.0,325000.0,False,1.5-3.25 Lacs,2026-09-21 18:22:08,"Experience in Java, Python, Node.js, SQL, and web development technologies|Develop and maintain server-side applications and RESTful APIs for mobile and front-end use|Salary range 78713 to 86342",1.csv,Software Developer / Full Stack / Frontend / Backend,,Angularjs|CSS|Full Stack|Node.js|Spring Boot|HTML|Rest API Development|Angular|Rest|MySQL|PHP|Bootstrap|MongoDB|Flutter|React.js|AWS,16,Chennai,Entry,True,150000.0,325000.0,IT Support - Other,Other IT,mysql|html|flutter|full stack|spring boot|aws|react|mongodb|rest api development|bootstrap|php|node.js|rest|css|angular
190826014068,Urgent requirements For Software Developer (fresher) - Chennai,Full Stack Developer,Software Development,Engineering - Software & QA,"Full Time, Permanent",IT Services & Consulting,0,1,0-1 Yrs,Z Tech Solutions,Chennai,,175000.0,300000.0,False,1.75-3 Lacs,2026-09-15 15:08:50,"B.E/B.Tech/M.E/M.Tech/MCA in IT, CSE, EEE, ECE with 0-1 year experience and basic Full Stack Developer knowledge|Participate in skill-development training and work as Software Developer in Chennai|Salary range 1.8 to 2.4 lacs",1.csv,Software Developer / Full Stack / Frontend / Backend,,software|Javascript|full stack developer|Java Development|React.js|Angular,6,Chennai,Entry,True,175000.0,300000.0,Full Stack Developer,Full Stack Developer,java development|full stack developer|react|javascript|software|angular
170926014615,Software developer fresher,Full Stack Developer,Software Development,Engineering - Software & QA,"Full Time, Permanent",IT Services & Consulting,0,0,0 Yrs,Techsoft,Vijayawada,Visakhapatnam,300000.0,400000.0,False,3-4 Lacs,2026-09-17 11:41:50,"Experience with React.js, Python, CSS, JavaScript, Bootstrap, and HTML|Analyze requirements, develop and maintain software, debug issues, perform unit testing, collaborate with team, and support deployment",1.csv,Software Developer / Full Stack / Frontend / Backend,4.0,CSS|Javascript|Bootstrap|HTML|React.js,5,Vijayawada,Entry,True,300000.0,400000.0,Full Stack Developer,Full Stack Developer,html|react|bootstrap|javascript|css
170926007590,Software Developer Fresher @Madurai,Full Stack Developer,Software Development,Engineering - Software & QA,"Full Time, Permanent",IT Services & Consulting,0,2,0-2 Yrs,Innowave Healthcare,Madurai,,100000.0,300000.0,False,1-3 Lacs,2026-09-17 09:33:33,".NET Core, ASP.NET Core, Angular, PostgreSQL, MySQL expertise|Develop and maintain full-stack applications using .NET Core and Angular with REST/Web APIs",1.csv,Software Developer / Full Stack / Frontend / Backend,4.8,CSS|Web API|GIT|rest api|JavaScript and Git|Postgresql|MySQL|Javascript|HTML,9,Madurai,Entry,True,100000.0,300000.0,Full Stack Developer,Full Stack Developer,javascript|mysql|web api|html|postgresql|rest api|javascript and git|git|css
110926014183,Software Developer,Front End Developer,Software Development,Engineering - Software & QA,"Full Time, Permanent",IT Services & Consulting,0,1,0-1 Yrs,Aimsoft,Kochi,Bengaluru,0.0,0.0,True,Not Disclosed,2026-09-11 15:00:56,"Experience in Java, Python, SQL, and C# development|Design, develop, test, and deploy software applications; collaborate with cross-functional teams to translate business requirements into technical solutions",1.csv,Software Developer / Full Stack / Frontend / Backend,,C#|Java|Frontend Development|Python,4,Kochi,Entry,False,,,Front End Developer,Frontend Developer,java|frontend development|python|c#
240826021817,Software Developer,Software Development - Other,Software Development,Engineering - Software & QA,"Full Time, Permanent",IT Services & Consulting,0,2,0-2 Yrs,Surya Infotech,Vadodara,,300000.0,400000.0,False,3-4 Lacs,2026-08-24 17:32:35,"Advanced proficiency in C# or VB.NET with strong OOP design patterns and expertise in .NET Core, MS SQL Server, MongoDB .NET Driver, and AWS SDK for .NET|Develop cross-platform mobile apps for iOS and Android, manage cloud-native .NET backend, build and consume secure RESTful Web Services, and integrate front-end technologies like Angular or React",1.csv,Software Developer / Full Stack / Frontend / Backend,3.0,Software Engineering,1,Vadodara,Entry,True,300000.0,400000.0,Software Development - Other,Other IT,software engineering
20926502739,Software Developer - Virendra Swarup College,Software Developer in Test (SDET),Quality Assurance and Testing,Engineering - Software & QA,"Full Time, Permanent",IT Services & Consulting,0,1,0-1 Yrs,Trigya Innovations India,Kanpur,,0.0,0.0,True,Not Disclosed,2026-09-02 16:56:19,"Location: Kanpur,Uttar Pradesh,India. Job Type: Full time. |The ideal candidate will be responsible for designing,developing,testing,and maintaining high-quality software solutions that meet business requirements.  . Job Title: Software Developer - Virendra Swarup College. |This position requires a minimum service commitment of 12 months.",1.csv,Software Developer / Full Stack / Frontend / Backend,1.6,Computer science|IT services|Version control|GIT|Coding|Postgresql|MySQL|Javascript|MongoDB|Python,10,Kanpur,Entry,False,,,Software Developer in Test (SDET),Software Developer / Engineer,javascript|computer science|coding|mysql|version control|postgresql|mongodb|python|git|it services
300826003825,Software Developer,Full Stack Developer,Software Development,Engineering - Software & QA,"Full Time, Permanent",Travel & Tourism,0,3,0-3 Yrs,Patronus Auto,Siliguri,,175000.0,250000.0,False,1.75-2.5 Lacs,2026-08-30 13:48:15,"Bachelor's degree in Computer Science with proficiency in Java, Python, JavaScript, or C++ and experience with Git|Write, test, deploy, and maintain software; design system architecture; collaborate with teams; create technical documentation",1.csv,Software Developer / Full Stack / Frontend / Backend,,TypeScript|Java|C++|C+|Javascript|Full Stack|Node.js|MongoDB|AWS|Python,10,Siliguri,Entry,True,175000.0,250000.0,Full Stack Developer,Full Stack Developer,typescript|python|java|full stack|aws|mongodb|c+|node.js|javascript|c++
300626504099,SOFTWARE DEVELOPER,Full Stack Developer,Software Development,Engineering - Software & QA,"Full Time, Permanent",IT Services & Consulting,0,1,0-1 Yrs,Endeavor IT Solution,Indore,,0.0,0.0,True,Not Disclosed,2026-06-30 17:57:30,"PHP,Java,Ajax,JavaScript,jQuery . Good command in OOPS . MySQL database creation and manipulation using standard approach | Technical skills : Technically,He / She must be proficient in the following-",1.csv,Software Developer / Full Stack / Frontend / Backend,1.0,jQuery|Agile scrum|OOPS|MySQL|Debugging|Javascript|Database|PHP|HR|Ajax,10,Indore,Entry,False,,,Full Stack Developer,Full Stack Developer,javascript|hr|debugging|agile scrum|jquery|database|php|mysql|oops|ajax
260826501082,Software Developer,Software Developer in Test (SDET),Quality Assurance and Testing,Engineering - Software & QA,"Full Time, Permanent",IT Services & Consulting,0,2,0-2 Yrs,Authorselvi,Vellore,,0.0,0.0,True,Not Disclosed,2026-08-26 14:43:48,Experience with asynchronous programming in JavaScript.  |Experience of writing automated tests for APIs Rest.  |Experience of working with Node Package Manager.,1.csv,Software Developer / Full Stack / Frontend / Backend,4.9,css|data manipulation|html5|javascript|jquery|node|git|apis|asynchronous|control systems|php|html|software developer|programming,14,Vellore,Entry,False,,,Software Developer in Test (SDET),Software Developer / Engineer,asynchronous|control systems|data manipulation|jquery|html|software developer|programming|node|apis|html5|php|javascript|css|git
240826031639,Software Developer at A FinTech Company,Back End Developer,Software Development,Engineering - Software & QA,"Full Time, Permanent",FinTech / Payments,0,2,0-2 Yrs,Talentzo Delhi,Gurugram,,1000000.0,1400000.0,False,10-14 Lacs,2026-08-24 19:53:52,"Strong experience with Java or Python multithreading, distributed systems, and NoSQL databases like MongoDB and HBase|Design and develop secure APIs, build scalable distributed systems, and optimize network and database performance",1.csv,Software Developer / Full Stack / Frontend / Backend,,MongoDB|Python,2,Gurugram,Entry,True,1000000.0,1400000.0,Back End Developer,Backend Developer,python|mongodb
240418500593,Software Developer,Back End Developer,Software Development,Engineering - Software & QA,"Full Time, Permanent",IT Services & Consulting,0,2,0-2 Yrs,Aimsoft,Thiruvananthapuram,,0.0,0.0,True,Not Disclosed,2019-07-24 12:20:09,"Skill Set Required: Basic Knowledge of.NET,PHP,HTML,CSS,JavaScript,AJAXGood Knowledge of object oriented programming ASP.NET|Designation / Job Title:Software Developer (0- 2 Years Experience)",1.csv,Software Developer / Full Stack / Frontend / Backend,,ASP.Net|Javascript|PHP|Software|HTML|Time|developer|Individual Contributor|msc|Object oriented programming|programming|Ajax,12,Thiruvananthapuram,Entry,False,,,Back End Developer,Backend Developer,individual contributor|time|asp.net|html|developer|msc|ajax|programming|php|object oriented programming|javascript|software
221225024627,Software Developer,Back End Developer,Software Development,Engineering - Software & QA,"Full Time, Permanent",Software Product,0,2,0-2 Yrs,FUTURE COMMUNICATIONS,Indore,,300000.0,500000.0,False,3-5 Lacs,2026-08-31 17:10:36,"Experience with C#, ASP.NET, .NET Framework, and SQL databases|Develop and maintain applications, integrate APIs, perform unit testing, and participate in SDLC activities",1.csv,Software Developer / Full Stack / Frontend / Backend,3.1,ASP.NET|Asynchronous programming,2,Indore,Entry,True,300000.0,500000.0,Back End Developer,Backend Developer,asp.net|asynchronous programming
220725030124,Software Developer,Full Stack Developer,Software Development,Engineering - Software & QA,"Full Time, Permanent",IT Services & Consulting,0,1,0-1 Yrs,Techathalon Software,Mumbai,,0.0,0.0,True,Not Disclosed,2026-08-28 15:26:25,"Experience with React.js, Next.js, Node.js, Express.js, and databases like MySQL or PostgreSQL|Develop and maintain scalable web applications, fix bugs, and write testable code",1.csv,Software Developer / Full Stack / Frontend / Backend,2.2,CSS|Fullstack Development|Postgresql|MySQL|Full Stack|HTML|Node.js|Nextjs|Expresjs|SQL,10,Mumbai,Entry,False,,,Full Stack Developer,Full Stack Developer,expresjs|nextjs|html|fullstack development|postgresql|full stack|node.js|mysql|sql|css
210726501809,Software Developer,Software Developer in Test (SDET),Quality Assurance and Testing,Engineering - Software & QA,"Full Time, Permanent",IT Services & Consulting,0,3,0-3 Yrs,Markteq708 Iscon Elegance,Ahmedabad,,0.0,0.0,True,Not Disclosed,2026-07-21 15:31:44,Knowledge of C# and MSSQL are required|Qualifications:  . Any Graduates| . Any Graduates . Disclaimer: This job posting has been aggregated from external source|Candidate should be dedicated and hard working with coding|Experience:  . - 0-3 YearsQualifications,1.csv,Software Developer / Full Stack / Frontend / Backend,,ASP.Net|Coding|Database design|Wordpress|Web development|CMS|Javascript|PHP|Windows|Open source,10,Ahmedabad,Entry,False,,,Software Developer in Test (SDET),Software Developer / Engineer,coding|asp.net|php|open source|windows|wordpress|database design|cms|web development|javascript
190326500615,Software Developer : Fresher / Expereince,Software Developer in Test (SDET),Quality Assurance and Testing,Engineering - Software & QA,"Full Time, Permanent",Management Consulting,0,4,0-4 Yrs,Impact Hr N Km Solutions,Jalgaon,,0.0,0.0,True,Not Disclosed,2026-03-19 13:39:17,"job Location : College Road Nashik ( No work from Home) |Qualification Required : BE / MCA / MCS only |skill set required : JSP,JDBC,MySql,CSS,JavaScript,Python |Experience: 0-2 Years |Experience 0 - 4 Years Salary 2 Lac 25 Thousand To 2 Lac 50 Thousand P.A",1.csv,Software Developer / Full Stack / Frontend / Backend,,CSS|RSS|Web technologies|JSP|Application programming|MySQL|Web development|Javascript|JDBC|Python,10,Jalgaon,Entry,False,,,Software Developer in Test (SDET),Software Developer / Engineer,application programming|javascript|mysql|rss|python|jdbc|web development|jsp|web technologies|css
150926931990,Software Developer,Software Developer in Test (SDET),Quality Assurance and Testing,Engineering - Software & QA,"Full Time, Permanent",Recruitment / Staffing,0,0,0 Yrs,Rudr Consultancy Services,Ahmedabad,,0.0,0.0,True,Not Disclosed,2026-09-15 17:45:03,,1.csv,Software Developer / Full Stack / Frontend / Backend,,bootstrap|jquery|sql|react.js|software development life cycle|java|design patterns|oops|asp.net|architectural patterns|html|api|software development|sql server|javascript|angular|linq|.net core|troubleshooting|angularjs,20,Ahmedabad,Entry,False,,,Software Developer in Test (SDET),Software Developer / Engineer,html|jquery|software development|linq|react|troubleshooting|software development life cycle|sql|java|javascript|architectural patterns|api|design patterns|asp.net|sql server|bootstrap|.net core|oops|angular
150926931781,Software Developer (CSD),Software Developer in Test (SDET),Quality Assurance and Testing,Engineering - Software & QA,"Full Time, Permanent",Recruitment / Staffing,0,0,0 Yrs,Rudr Consultancy Services,Ahmedabad,,0.0,0.0,True,Not Disclosed,2026-09-15 17:43:43,,1.csv,Software Developer / Full Stack / Frontend / Backend,,cloud services|css|software development|system design|system testing|sql server|azure devops|javascript|jquery|microservices|software programming|sql|software development life cycle|java|aws cloud|.net core|html|aws,18,Ahmedabad,Entry,False,,,Software Developer in Test (SDET),Software Developer / Engineer,system testing|cloud services|sql server|azure devops|software development|jquery|software development life cycle|html|java|aws|system design|aws cloud|software programming|javascript|sql|css|.net core|microservices
140726500706,Software Developer,Software Developer in Test (SDET),Quality Assurance and Testing,Engineering - Software & QA,"Full Time, Permanent",IT Services & Consulting,0,4,0-4 Yrs,Acsass It Ites,Chennai,,0.0,0.0,True,Not Disclosed,2026-07-14 13:25:40,,1.csv,Software Developer / Full Stack / Frontend / Backend,3.6,algorithms|css|python|bootstrap|javascript|application development|java|design|full stack|php|html|software developer|technical documentation,13,Chennai,Entry,False,,,Software Developer in Test (SDET),Software Developer / Engineer,application development|technical documentation|algorithms|php|html|software developer|java|full stack|bootstrap|design|python|javascript|css
120525501907,Fresher software developer,Software Development - Other,Software Development,Engineering - Software & QA,"Full Time, Permanent",Software Product,0,3,0-3 Yrs,Suavis India Software Services,Pune,,0.0,0.0,True,Not Disclosed,2025-05-12 15:46:16,"We welcome engineers from the industry,and freshers out of college with a Masters or Bachelors degree having a good understanding of software development. .",1.csv,Software Developer / Full Stack / Frontend / Backend,3.4,Java EE|Architecture|Debugging|Software development life cycle|Investigation|Programming|Application development|Management|Continuous improvement|Testing,10,Pune,Entry,False,,,Software Development - Other,Other IT,continuous improvement|application development|investigation|debugging|software development life cycle|management|testing|architecture|programming|java ee
80926502551,Software Developer,Full Stack Developer,Software Development,Engineering - Software & QA,"Full Time, Permanent",IT Services & Consulting,0,4,0-4 Yrs,Sepal Institute Of Mobile Technology,New Delhi,,0.0,0.0,True,Not Disclosed,2026-09-08 14:04:20,Very good exposure to n-tier architecture . design & development . Agile Environment Extensive -experience working with Web Services|Good coding experience. Microsoft Certification is a plus point| Should have Analytical blend of mind|Very good exposure to Object Oriented Programming| Good communication skills,1.csv,Software Developer / Full Stack / Frontend / Backend,,web services|dot net|jquery|sql server|sql|microsoft certification|ssrs|agile|mvc|software developer|programming|architecture|communication skills,13,New Delhi,Entry,False,,,Full Stack Developer,Full Stack Developer,mvc|web services|sql server|agile|software developer|jquery|ssrs|communication skills|microsoft certification|architecture|programming|sql|dot net
80926502102,Software Developer,Software Developer in Test (SDET),Quality Assurance and Testing,Engineering - Software & QA,"Full Time, Permanent",IT Services & Consulting,0,1,0-1 Yrs,Video Sdk,Surat,,0.0,0.0,True,Not Disclosed,2026-09-08 14:03:30,Build and enhance features using ReactJS where required.  . Debug and troubleshoot SDK-related issues.  | Strong understanding of JavaScript fundamentals.  . Good hands-on knowledge of ReactJS.  . Strong understanding of TypeScript.  . Good understanding of HTML and CSS.  | Good to Have,1.csv,Software Developer / Full Stack / Frontend / Backend,2.6,css|debug|information technology|it services|networking concepts|live streaming|ai|js|networking|code quality|javascript|node|git|apis|asynchronous|javascript development|debugging|data structures|html|html and css|programming,21,Surat,Entry,False,,,Software Developer in Test (SDET),Software Developer / Engineer,html|programming|data structures|asynchronous|information technology|html and css|networking|code quality|live streaming|node|networking concepts|javascript|git|apis|ai|javascript development|debugging|debug|css|it services
80926502100,Software Developer,Software Developer in Test (SDET),Quality Assurance and Testing,Engineering - Software & QA,"Full Time, Permanent",Internet,0,1,0-1 Yrs,Video Sdk,Surat,,0.0,0.0,True,Not Disclosed,2026-09-08 14:03:29,"This role is ideal for a fresher or early-career developer who has a strong foundation in JavaScript and ReactJS and is eager to learn SDK development,real-time communication technologies,and system-level concepts.  . Key Responsibilities|Build and enhance features using ReactJS where required.  . Debug and troubleshoot SDK-related issues.  | Good to Have",1.csv,Software Developer / Full Stack / Frontend / Backend,2.6,css|debug|information technology|it services|networking concepts|live streaming|ai|js|networking|code quality|javascript|node|git|apis|asynchronous|javascript development|debugging|data structures|html|html and css|programming,21,Surat,Entry,False,,,Software Developer in Test (SDET),Software Developer / Engineer,html|programming|data structures|asynchronous|information technology|html and css|networking|code quality|live streaming|node|networking concepts|javascript|git|apis|ai|javascript development|debugging|debug|css|it services
70826500297,Software Developers - FRESHERS,Software Developer in Test (SDET),Quality Assurance and Testing,Engineering - Software & QA,"Full Time, Permanent",IT Services & Consulting,0,5,0-5 Yrs,Sardonyx Technologies,Thanjavur,,0.0,0.0,True,Not Disclosed,2026-08-07 16:15:02,"Should Possess good working experience in implementing Object Oriented design using Mvc,Domain Driven design|Good knowledge in Web services,WCF,RESTFUL services",1.csv,Software Developer / Full Stack / Frontend / Backend,4.1,Object oriented design|jQuery|C|XML|Javascript|HTML|XSLT|WCF|MVC|Ajax,10,Thanjavur,Entry,False,,,Software Developer in Test (SDET),Software Developer / Engineer,mvc|html|object oriented design|jquery|xml|wcf|javascript|xslt|ajax
50626500777,Software Developer C Programming,Software Developer in Test (SDET),Quality Assurance and Testing,Engineering - Software & QA,"Full Time, Permanent",IT Services & Consulting,0,2,0-2 Yrs,Cabal Technologies,Ernakulam,,0.0,0.0,True,Not Disclosed,2026-06-05 16:17:54,"Experience. 0 to 2 Years. Key Skills. Embedded C,Communication Protocols,Micro-controller,Python,Java,SQL,C++",1.csv,Software Developer / Full Stack / Frontend / Backend,3.0,Embedded C|C++|Communication protocols|Coding|Programming|SQL|Python,7,Ernakulam,Entry,False,,,Software Developer in Test (SDET),Software Developer / Engineer,coding|programming|python|sql|embedded c|c++|communication protocols
40926030855,Software developer,Back End Developer,Software Development,Engineering - Software & QA,"Full Time, Permanent",IT Services & Consulting,0,1,0-1 Yrs,INFINX,Mumbai,,0.0,0.0,True,Not Disclosed,2026-09-04 20:57:13,"2+ years experience with ASP.NET, SQL, React, C#, and knowledge of AI preferred|Design, develop, test, and maintain Windows and web applications; create reports and technical documentation",1.csv,Software Developer / Full Stack / Frontend / Backend,3.7,ASP.Net|sql,2,Mumbai,Entry,False,,,Back End Developer,Backend Developer,sql|asp.net
311219501883,Software Developer,Back End Developer,Software Development,Engineering - Software & QA,"Full Time, Permanent",IT Services & Consulting,0,1,0-1 Yrs,Webrelier Software Solutions,Pune,,0.0,0.0,True,Not Disclosed,2019-12-31 18:08:05,Freshers also can apply |Preferred - Good communication skills. | 0-1 yrs experience on related technology|Good analytical skills and Logic Building skills,1.csv,Software Developer / Full Stack / Frontend / Backend,4.5,Analytical skills|Software testing|Training|Web technologies|ASP.Net|Web development|Manager Technology|PHP,8,Pune,Entry,False,,,Back End Developer,Backend Developer,asp.net|manager technology|php|software testing|training|analytical skills|web development|web technologies
310815500349,Software Developer,Back End Developer,Software Development,Engineering - Software & QA,"Full Time, Permanent",IT Services & Consulting,0,2,0-2 Yrs,Aimsoft,Thiruvananthapuram,Thiruvananthapuram,0.0,0.0,True,Not Disclosed,2019-07-24 10:01:10,Skill Set Required:  . . . | Good Knowledge of object oriented programming ASP.NET. . .,1.csv,Software Developer / Full Stack / Frontend / Backend,,html css|act|php|object oriented programming|net|software developer|ajax|javascript|programming|knowledge|asp net,11,Thiruvananthapuram,Entry,False,,,Back End Developer,Backend Developer,software developer|programming|knowledge|asp net|ajax|net|php|object oriented programming|javascript|act|html css
301122500826,Software Developer,Full Stack Developer,Software Development,Engineering - Software & QA,"Full Time, Permanent",Software Product,0,3,0-3 Yrs,Nevonprojects,Mumbai,,0.0,0.0,True,Not Disclosed,2022-11-30 17:12:58,,1.csv,Software Developer / Full Stack / Frontend / Backend,3.0,Automation|C|ASP.Net|Manager Technology|Electronics|PHP|Research|Mechanical engineering|Android|Python,10,Mumbai,Entry,False,,,Full Stack Developer,Full Stack Developer,asp.net|manager technology|mechanical engineering|python|android|research|php|automation|electronics
300626500166,Software Developer,Full Stack Developer,Software Development,Engineering - Software & QA,"Full Time, Permanent",Analytics / KPO / Research,0,4,0-4 Yrs,GreyB,Mohali,,0.0,0.0,True,Not Disclosed,2026-06-30 13:13:46,Experience with database management systems and querying languages.,1.csv,Software Developer / Full Stack / Frontend / Backend,2.2,c#|c++|python|css|software development|oracle|strong analytical skills|data warehousing|problem solving|ajax|javascript|sql server|sql|stored procedures|java|design patterns|troubleshooting|code review|html|mysql|query writing|mvc|etl|programming,24,Mohali,Entry,False,,,Full Stack Developer,Full Stack Developer,html|stored procedures|problem solving|etl|programming|query writing|ajax|software development|code review|troubleshooting|python|c#|c++|oracle|java|javascript|design patterns|strong analytical skills|mvc|sql server|data warehousing|mysql|sql|css
300421500646,Software Developer,Back End Developer,Software Development,Engineering - Software & QA,"Full Time, Permanent",IT Services & Consulting,0,5,0-5 Yrs,Solmeyvn Software,Jabalpur,,0.0,0.0,True,Not Disclosed,2021-04-30 18:15:32,,1.csv,Software Developer / Full Stack / Frontend / Backend,,MS SQL|ASP.Net|PHP|Ajax,4,Jabalpur,Entry,False,,,Back End Developer,Backend Developer,ms sql|asp.net|ajax|php
291225505176,Software Developer,Software Developer in Test (SDET),Quality Assurance and Testing,Engineering - Software & QA,"Full Time, Permanent",IT Services & Consulting,0,2,0-2 Yrs,AVA Technology,Noida,,0.0,0.0,True,Not Disclosed,2025-12-29 18:08:45,". Disclaimer: This job description has been sourced from a public domain and may have been modified by Naukri.com to improve clarity for our users|Experience working with blue-collar workers is an added advantage. About Company . AVA TECHNOLOGY is a leading company in the industry,committed to delivering high-quality solutions and services to its clients",1.csv,Software Developer / Full Stack / Frontend / Backend,4.8,python|software development|version control|design|agile|agile development|communication and interpersonal skills|software developer|javascript|code quality|sql,11,Noida,Entry,False,,,Software Developer in Test (SDET),Software Developer / Engineer,code quality|agile|software development|version control|software developer|communication and interpersonal skills|agile development|design|python|javascript|sql
290524501528,Software Developer,Software Development - Other,Software Development,Engineering - Software & QA,"Full Time, Permanent",Management Consulting,0,3,0-3 Yrs,Oswal Computer & Consultants,Indore,,0.0,0.0,True,Not Disclosed,2024-05-29 18:05:48,,1.csv,Software Developer / Full Stack / Frontend / Backend,3.2,Software Developer,1,Indore,Entry,False,,,Software Development - Other,Other IT,software developer
290419500183,Software Developer,Back End Developer,Software Development,Engineering - Software & QA,"Full Time, Permanent",IT Services & Consulting,0,1,0-1 Yrs,Icast Erp,Ahmedabad,,0.0,0.0,True,Not Disclosed,2019-07-24 12:30:25,knowledge of 3 tier architecture . Coding : c# . Front End: Win Forms . |ASP.NET Application Developer . Must have knowledge SQL / PLSQL .,1.csv,Software Developer / Full Stack / Frontend / Backend,,Front end|Architecture|application|ASP.Net|level|Winforms|PLSQL|developer|SQL coding|SQL,10,Ahmedabad,Entry,False,,,Back End Developer,Backend Developer,front end|asp.net|winforms|sql|developer|level|application|architecture|plsql|sql coding
281025502312,Software Developer,Software Developer in Test (SDET),Quality Assurance and Testing,Engineering - Software & QA,"Full Time, Permanent",Management Consulting,0,2,0-2 Yrs,Peoplexm Technologies,Bengaluru,,0.0,0.0,True,Not Disclosed,2025-10-28 17:16:45,"Must have skills in JS,Python,HTML / CSS,MongoDB,React Native,or MySQL|Knowledge of Node.js,Python,and frontend frameworks like React,React Native is preferred.  . |Looking for a candidate with 0-2 years of experience as a Full-Stack Developer",1.csv,Software Developer / Full Stack / Frontend / Backend,,CSS|Front end|PDF|MySQL|Javascript|HTML|MongoDB|Python,8,Bengaluru,Entry,False,,,Software Developer in Test (SDET),Software Developer / Engineer,front end|mysql|html|pdf|mongodb|python|javascript|css
280919500134,Software Developers,Back End Developer,Software Development,Engineering - Software & QA,"Full Time, Permanent",Events / Live Entertainment,0,6,0-6 Yrs,Gateway 7 Productions & Technologies,Mumbai,,0.0,0.0,True,Not Disclosed,2019-09-28 18:11:53,". Should have excellent oral & written communication skills |Experience with any Technology Platforms such as J2EE,Dot Net,PL / sql XML etc|Experience of solution architecting for alteast 2 large IT turnkey projects in remote or onsite workenvironment |Experience on the use of software development best practices,tools and technologies",1.csv,Software Developer / Full Stack / Frontend / Backend,,SOA|Oracle SQL|UML|XML|Agile|Database|XHTML|J2Ee|SDLC|Ajax,10,Mumbai,Entry,False,,,Back End Developer,Backend Developer,agile|oracle sql|xml|ajax|uml|j2ee|xhtml|database|sdlc|soa
260525502028,Software Developer,Software Development - Other,Software Development,Engineering - Software & QA,"Full Time, Permanent",IT Services & Consulting,0,3,0-3 Yrs,Vinayak Compserve,New Delhi,,0.0,0.0,True,Not Disclosed,2025-05-26 18:20:05,Conferring with project managers to obtain information on limitations or capabilities . We are looking for a passionate Software Developer with full-stack experience,1.csv,Software Developer / Full Stack / Frontend / Backend,2.5,c++|css|hibernate|jquery|sql|spring|java|oops|html|data structures|mysql|asp.net|programming|c#|rest|interfaces|python|software development|system testing|system design|engineering|javascript|sql server|software programming|spring boot|.net,26,New Delhi,Entry,False,,,Software Development - Other,Other IT,html|jquery|.net|interfaces|spring|programming|data structures|software development|python|c#|c++|hibernate|sql|java|spring boot|system design|engineering|rest|javascript|system testing|asp.net|sql server|software programming|mysql|oops|css
250826500765,Software Developer,Software Developer in Test (SDET),Quality Assurance and Testing,Engineering - Software & QA,"Full Time, Permanent",Management Consulting,0,1,0-1 Yrs,Impact Hr N Km Solutions,Nashik,,0.0,0.0,True,Not Disclosed,2026-08-25 14:05:37,Experience 0 - 1 Years Salary 2 Lac To 3 Lac P.A,1.csv,Software Developer / Full Stack / Frontend / Backend,,algorithms|application software support|emerging technologies|asp.net mvc|css|laravel|debug|javascript|jquery|advanced java|java|apis|coding standards|agile|application programming|api testing|css3|agile methodology|azure,19,Nashik,Entry,False,,,Software Developer in Test (SDET),Software Developer / Engineer,agile|agile methodology|jquery|application programming|emerging technologies|advanced java|algorithms|java|asp.net mvc|api testing|javascript|laravel|apis|azure|application software support|css|css3|debug|coding standards
250626507330,Software Developer,Software Developer in Test (SDET),Quality Assurance and Testing,Engineering - Software & QA,"Full Time, Permanent",IT Services & Consulting,0,3,0-3 Yrs,Mizzen Digital,Mumbai,,0.0,0.0,True,Not Disclosed,2026-06-25 18:19:15,,1.csv,Software Developer / Full Stack / Frontend / Backend,3.3,c++|css|hibernate|ajax|jquery|spring|java|design patterns|json|code review|html|mysql|mongodb|programming|communication skills|c#|rest|python|software development|version control|problem solving|javascript|troubleshooting|agile|angularjs|node.js,26,Mumbai,Entry,False,,,Software Developer in Test (SDET),Software Developer / Engineer,json|html|jquery|agile|problem solving|spring|programming|ajax|version control|software development|communication skills|code review|python|troubleshooting|mongodb|c#|c++|hibernate|java|rest|javascript|design patterns|node.js|mysql|css|angular
250526501771,Quantum Software Developer,Software Developer in Test (SDET),Quality Assurance and Testing,Engineering - Software & QA,"Full Time, Permanent",Education / Training,0,4,0-4 Yrs,Amrita Vishwa Vidyapeetham,Kollam,,0.0,0.0,True,Not Disclosed,2026-05-25 16:51:24,,1.csv,Software Developer / Full Stack / Frontend / Backend,3.5,Computer science|Backend|Networking|Artificial Intelligence|Machine learning|Performance optimization|Hardware|Management,8,Kollam,Entry,False,,,Software Developer in Test (SDET),Software Developer / Engineer,performance optimization|computer science|artificial intelligence|networking|machine learning|hardware|backend|management
250320501479,Software Developer,Back End Developer,Software Development,Engineering - Software & QA,"Full Time, Permanent",IT Services & Consulting,0,2,0-2 Yrs,iByteCode,Chennai,,0.0,0.0,True,Not Disclosed,2020-03-25 21:28:08,"Strong proficiency in PHP programming with OOPS,MySql,Javascript,Jquery & Ajax.-Good knowledge of WordPress,Codeigniter,Joomla,Magento",1.csv,Software Developer / Full Stack / Frontend / Backend,2.7,Software Developer|java|OOPS|MySql|Javascript|PHP|Jquery,7,Chennai,Entry,False,,,Back End Developer,Backend Developer,mysql|software developer|jquery|java|php|javascript|oops
241224507502,Software Developer,Software Developer in Test (SDET),Quality Assurance and Testing,Engineering - Software & QA,"Full Time, Permanent",Software Product,0,2,0-2 Yrs,Bloomont Solutions,Bengaluru,,0.0,0.0,True,Not Disclosed,2024-12-24 18:17:35,,1.csv,Software Developer / Full Stack / Frontend / Backend,3.6,c++|css|hibernate|jquery|sql|spring|java|oops|html|data structures|mysql|asp.net|programming|c#|rest|interfaces|python|software development|system testing|system design|engineering|javascript|sql server|software programming|spring boot|.net,26,Bengaluru,Entry,False,,,Software Developer in Test (SDET),Software Developer / Engineer,html|jquery|.net|interfaces|spring|programming|data structures|software development|python|c#|c++|hibernate|sql|java|spring boot|system design|engineering|rest|javascript|system testing|asp.net|sql server|software programming|mysql|oops|css
241224507387,Software Developer - NodeJS,Software Developer in Test (SDET),Quality Assurance and Testing,Engineering - Software & QA,"Full Time, Permanent",IT Services & Consulting,0,3,0-3 Yrs,Sri Sastha Solutions,Thiruvananthapuram,,0.0,0.0,True,Not Disclosed,2024-12-24 18:17:25,Academic Qualifications . Bachelors degree in Computer Science / Engineering or Equivalent or with a minimum of 5 years of industry experience . Professional Qualifications . WSO2 Certification . Strong knowledge of Linux and open source software . |Minimum Qualifications & Requirements |Experience with implementing CI / CD . .,1.csv,Software Developer / Full Stack / Frontend / Backend,,continuous integration|cd|kubernetes|software development|software|software testing|configuration|wso2|ci/cd|microsoft azure|engineering|docker|continuous delivery|open source|java|written communication|devops|linux|aws|node.js|communication skills,21,Thiruvananthapuram,Entry,False,,,Software Developer in Test (SDET),Software Developer / Engineer,cd|kubernetes|devops|linux|wso2|software development|communication skills|configuration|continuous integration|open source|java|ci/cd|engineering|software|azure|docker|software testing|continuous delivery|aws|written communication|node.js
240626500376,Software Developer | Fresher,Software Developer in Test (SDET),Quality Assurance and Testing,Engineering - Software & QA,"Full Time, Permanent",IT Services & Consulting,0,2,0-2 Yrs,Endeavor IT Solution,Indore,,0.0,0.0,True,Not Disclosed,2026-06-24 12:34:44,"This core development role requires strong programming skills with college level experience in design,coding,and testing|Good programming and logical skills.",1.csv,Software Developer / Full Stack / Frontend / Backend,1.0,Backend|Front end|Web technologies|Coding|Programming|HR|SQL|Testing,8,Indore,Entry,False,,,Software Developer in Test (SDET),Software Developer / Engineer,front end|coding|hr|testing|programming|web technologies|sql|backend
230426501010,Software Developer,Software Developer in Test (SDET),Quality Assurance and Testing,Engineering - Software & QA,"Full Time, Permanent",IT Services & Consulting,0,4,0-4 Yrs,SLN Systems,Hyderabad,,0.0,0.0,True,Not Disclosed,2026-04-23 13:42:56,"Bachelor degree in Computer Science / Information Systems / Electrical Engineering / Electronics Enginnering / Mathematics / Science or the US equivalent . Analyze,Program,Upgrade,Support for software Applications",1.csv,Software Developer / Full Stack / Frontend / Backend,,Computer science|Electrical engineering|operational support|Web services|Electronics|Mathematics|Windows|Unit testing|Application software|Software troubleshooting,10,Hyderabad,Entry,False,,,Software Developer in Test (SDET),Software Developer / Engineer,computer science|electrical engineering|web services|operational support|windows|unit testing|mathematics|application software|software troubleshooting|electronics
230426500891,Software Developer,Software Developer in Test (SDET),Quality Assurance and Testing,Engineering - Software & QA,"Full Time, Permanent",IT Services & Consulting,0,4,0-4 Yrs,SLN Systems,Hyderabad,,0.0,0.0,True,Not Disclosed,2026-04-23 13:42:43,Bachelor degree in Computer Science / Information Systems / Electrical Engineering / Electronics Enginnering / Mathematics / Science or the US equivalent . Analyze and document the business and technical requirements,1.csv,Software Developer / Full Stack / Frontend / Backend,,Computer science|Electrical engineering|Database testing|Web technologies|Database|Electronics|J2Ee|Mathematics|Spring|Testing,10,Hyderabad,Entry,False,,,Software Developer in Test (SDET),Software Developer / Engineer,computer science|electrical engineering|mathematics|j2ee|testing|database testing|spring|database|web technologies|electronics
230426500849,Software Developer,Software Developer in Test (SDET),Quality Assurance and Testing,Engineering - Software & QA,"Full Time, Permanent",IT Services & Consulting,0,4,0-4 Yrs,SLN Systems,Hyderabad,,0.0,0.0,True,Not Disclosed,2026-04-23 13:42:19,Bachelor degree in Computer Science / Information Systems / Electrical Engineering / Electronics Enginnering / Mathematics / Science or the US equivalent . Good understanding of software development principles . Good analytical and problem solving abilities . .,1.csv,Software Developer / Full Stack / Frontend / Backend,,Computer science|Electrical engineering|Analytical|Software development life cycle|Database|Electronics|Mathematics,7,Hyderabad,Entry,False,,,Software Developer in Test (SDET),Software Developer / Engineer,analytical|computer science|electrical engineering|software development life cycle|mathematics|database|electronics
230426500832,Software Developer,Software Developer in Test (SDET),Quality Assurance and Testing,Engineering - Software & QA,"Full Time, Permanent",IT Services & Consulting,0,4,0-4 Yrs,SLN Systems,Hyderabad,,0.0,0.0,True,Not Disclosed,2026-04-23 13:42:17,"Bachelor degree in Computer Science / Information Systems / Electrical Engineering / Electronics Enginnering / Mathematics / Science or the US equivalent . Analyze,design,develop,test,debug,implement,maintain and / or enhance existing or new systems that are reliable and efficient",1.csv,Software Developer / Full Stack / Frontend / Backend,,Computer science|Electrical engineering|Software testing|Web services|XML|Debugging|Database|Windows|Oracle|PFC,10,Hyderabad,Entry,False,,,Software Developer in Test (SDET),Software Developer / Engineer,computer science|electrical engineering|web services|oracle|debugging|software testing|pfc|windows|xml|database
230426500778,Software Developer,Software Developer in Test (SDET),Quality Assurance and Testing,Engineering - Software & QA,"Full Time, Permanent",IT Services & Consulting,0,4,0-4 Yrs,SLN Systems,Hyderabad,,0.0,0.0,True,Not Disclosed,2026-04-23 13:42:11,"Bachelor degree in Computer Science / Information Systems / Electrical Engineering / Electronics Enginnering / Mathematics / Science or the US equivalent . |Responsible for creating tables,data scripts,and PLSQL based on the business requirement",1.csv,Software Developer / Full Stack / Frontend / Backend,,Computer science|Electrical engineering|J2Ee architecture|Electronics|PLSQL|Mathematics|Testing,7,Hyderabad,Entry,False,,,Software Developer in Test (SDET),Software Developer / Engineer,computer science|electrical engineering|j2ee architecture|mathematics|testing|plsql|electronics
230426500745,Software Developer,Software Developer in Test (SDET),Quality Assurance and Testing,Engineering - Software & QA,"Full Time, Permanent",IT Services & Consulting,0,4,0-4 Yrs,SLN Systems,Hyderabad,,0.0,0.0,True,Not Disclosed,2026-04-23 13:42:07,"Bachelor degree in Computer Science / Information Systems / Electrical Engineering / Electronics Enginnering / Mathematics / Science or the US equivalent . |The programmer must have the ability to multi-task in a stressful,fast-paced work environment and be highly organized",1.csv,Software Developer / Full Stack / Frontend / Backend,,Computer science|Electrical engineering|SQL database|Electronics|Mathematics,5,Hyderabad,Entry,False,,,Software Developer in Test (SDET),Software Developer / Engineer,computer science|electrical engineering|mathematics|sql database|electronics
230425503798,Software Developer VB.Net,Software Development - Other,Software Development,Engineering - Software & QA,"Full Time, Permanent",Industrial Automation,0,3,0-3 Yrs,Ducem Technologies,Surat,,0.0,0.0,True,Not Disclosed,2025-04-23 19:04:49,"Required Skills:  . Strong programming experience in VB.NET| We are looking for a skilled and detail-oriented Software Developer with strong experience in VB.NET,MS SQL,and Crystal Reports to join our development team| . Good understanding of software development life cycle (SDLC)",1.csv,Software Developer / Full Stack / Frontend / Backend,4.7,System architecture|SQL queries|MS SQL|Business Analyst|Enterprise applications|Software development life cycle|Stored procedures|Application software|VB.NET|SDLC,10,Surat,Entry,False,,,Software Development - Other,Other IT,vb.net|enterprise applications|software development life cycle|business analyst|system architecture|stored procedures|application software|ms sql|sql queries|sdlc
220915501714,Software Developer,Back End Developer,Software Development,Engineering - Software & QA,"Full Time, Permanent",IT Services & Consulting,0,2,0-2 Yrs,Aimsoft,Thiruvananthapuram,Thiruvananthapuram,0.0,0.0,True,Not Disclosed,2019-07-24 10:13:42,Skill Set Required:  . . . | Good Knowledge of object oriented programming ASP,1.csv,Software Developer / Full Stack / Frontend / Backend,,html css|act|activities|php|object oriented programming|software developer|ajax|javascript|programming|asp net|knowledge,11,Thiruvananthapuram,Entry,False,,,Back End Developer,Backend Developer,software developer|knowledge|asp net|activities|ajax|programming|php|object oriented programming|javascript|act|html css
220715500716,Software Developer,Back End Developer,Software Development,Engineering - Software & QA,"Full Time, Permanent",IT Services & Consulting,0,2,0-2 Yrs,Aimsoft,Thiruvananthapuram,Thiruvananthapuram,0.0,0.0,True,Not Disclosed,2019-07-24 09:48:10,,1.csv,Software Developer / Full Stack / Frontend / Backend,,css|act|software developing|php|html|object oriented programming|net|ajax|javascript|programming|knowledge,11,Thiruvananthapuram,Entry,False,,,Back End Developer,Backend Developer,html|software developing|programming|knowledge|ajax|net|php|object oriented programming|javascript|css|act
220520501448,Software Developer,Back End Developer,Software Development,Engineering - Software & QA,"Full Time, Permanent",Recruitment / Staffing,0,3,0-3 Yrs,Infomind India,Bengaluru,,0.0,0.0,True,Not Disclosed,2020-05-22 23:39:23,. Bachelors degree in Computer Science / IT/ECE or higher |Experience of 0 to 3 years in software development.,1.csv,Software Developer / Full Stack / Frontend / Backend,,Software Developer,1,Bengaluru,Entry,False,,,Back End Developer,Backend Developer,software developer
211217500566,Software Developer - JS,Back End Developer,Software Development,Engineering - Software & QA,"Full Time, Permanent",Gaming,0,2,0-2 Yrs,Hashcube,Bengaluru,,0.0,0.0,True,Not Disclosed,2017-12-21 16:59:52,,1.csv,Software Developer / Full Stack / Frontend / Backend,4.6,Unix|github|Version control|GIT|Linux|Control system|Technical|Open source|Gaming|Facebook,10,Bengaluru,Entry,False,,,Back End Developer,Backend Developer,linux|version control|open source|unix|control system|technical|facebook|git|gaming
211124507523,Software Developer,Software Developer in Test (SDET),Quality Assurance and Testing,Engineering - Software & QA,"Full Time, Permanent",Software Product,0,3,0-3 Yrs,Proerror Software Solutions,Pune,,0.0,0.0,True,Not Disclosed,2024-11-21 18:39:53,,1.csv,Software Developer / Full Stack / Frontend / Backend,4.9,Coding|Programming|Javascript|Director|PHP|.Net,6,Pune,Entry,False,,,Software Developer in Test (SDET),Software Developer / Engineer,coding|director|.net|programming|php|javascript
201125502995,SOFTWARE DEVELOPER,Back End Developer,Software Development,Engineering - Software & QA,"Full Time, Permanent",Telecom / ISP,0,2,0-2 Yrs,Saminfratech,Kanpur,Lucknow,0.0,0.0,True,Not Disclosed,2025-11-20 15:16:02,Disclaimer: This job description has been sourced from a public domain and may have been modified by Naukri.com to improve clarity for our users,1.csv,Software Developer / Full Stack / Frontend / Backend,4.7,c++|css|hibernate|jquery|sql|spring|java|oops|html|data structures|mysql|asp.net|programming|c#|rest|interfaces|python|software development|c|system testing|system design|engineering|javascript|sql server|software programming|spring boot|.net,27,Kanpur,Entry,False,,,Back End Developer,Backend Developer,html|jquery|.net|interfaces|spring|programming|data structures|software development|python|c#|c++|hibernate|sql|java|spring boot|system design|engineering|rest|javascript|system testing|asp.net|sql server|software programming|mysql|oops|css
200826501638,Software Developer,Full Stack Developer,Software Development,Engineering - Software & QA,"Full Time, Permanent",IT Services & Consulting,0,4,0-4 Yrs,SIGMAIT SOFTWARE,Lucknow,,0.0,0.0,True,Not Disclosed,2026-08-20 15:51:06,,1.csv,Software Developer / Full Stack / Frontend / Backend,4.1,database management|python|debug|java|software development|communication and interpersonal skills|programming languages|software developer|code quality|programming,10,Lucknow,Entry,False,,,Full Stack Developer,Full Stack Developer,database management|code quality|programming languages|software developer|software development|java|communication and interpersonal skills|debug|programming|python
200517500262,Software Developer,Back End Developer,Software Development,Engineering - Software & QA,"Full Time, Permanent",IT Services & Consulting,0,3,0-3 Yrs,Cytrion Software Solutions,Hyderabad,,0.0,0.0,True,Not Disclosed,2017-05-20 16:56:46,,1.csv,Software Developer / Full Stack / Frontend / Backend,4.6,C|Application programming|Technical|PHP|Software|Android SDK|iPhone SDK|Software services|System Administrator,9,Hyderabad,Entry,False,,,Back End Developer,Backend Developer,application programming|iphone sdk|software services|system administrator|technical|android sdk|php|software
190326500512,Software Developer,Software Developer in Test (SDET),Quality Assurance and Testing,Engineering - Software & QA,"Full Time, Permanent",Management Consulting,0,1,0-1 Yrs,Impact Hr N Km Solutions,Nashik,,0.0,0.0,True,Not Disclosed,2026-03-19 13:39:06,"We are looking for 2 Software Developer Posts in Nashik,with deep knowledge in Java-script,Html,Java,Software Project Management and Required Educational Qualification is : BCA,MCA |Experience 0 - 1 Years Salary 2 Lac To 3 Lac 50 Thousand P.A",1.csv,Software Developer / Full Stack / Frontend / Backend,,RSS|C|Application programming|Javascript|HTML|Software project management,6,Nashik,Entry,False,,,Software Developer in Test (SDET),Software Developer / Engineer,application programming|rss|html|javascript|software project management
170915500232,Software Developer,Back End Developer,Software Development,Engineering - Software & QA,"Full Time, Permanent",IT Services & Consulting,0,2,0-2 Yrs,Aimsoft,Thiruvananthapuram,,0.0,0.0,True,Not Disclosed,2019-07-24 10:13:33,"Basic Knowledge of.NET,PHP,HTML,CSS,JavaScript,AJAX. . . . Good Knowledge of object oriented programming ASP.NET. . . . .",1.csv,Software Developer / Full Stack / Frontend / Backend,,html css|act|activities|php|object oriented programming|software developer|ajax|javascript|programming|asp net|knowledge,11,Thiruvananthapuram,Entry,False,,,Back End Developer,Backend Developer,software developer|knowledge|asp net|activities|ajax|programming|php|object oriented programming|javascript|act|html css
170726500409,Software Developer,Software Developer in Test (SDET),Quality Assurance and Testing,Engineering - Software & QA,"Full Time, Permanent",Education / Training,0,4,0-4 Yrs,Kidloland Kids & Toddler Games,Thane,,0.0,0.0,True,Not Disclosed,2026-07-17 14:59:29,Key Requirements. |You are good in logic and solving puzzles.  . .,1.csv,Software Developer / Full Stack / Frontend / Backend,,app development|prototyping|software developer|mobile app development,4,Thane,Entry,False,,,Software Developer in Test (SDET),Software Developer / Engineer,mobile app development|app development|prototyping|software developer
161224501794,SOFTWARE DEVELOPER,Software Development - Other,Software Development,Engineering - Software & QA,"Full Time, Permanent",IT Services & Consulting,0,2,0-2 Yrs,Picasoid,Imphal,,0.0,0.0,True,Not Disclosed,2024-12-16 16:06:39,,1.csv,Software Developer / Full Stack / Frontend / Backend,,SOFTWARE DEVELOPER,1,Imphal,Entry,False,,,Software Development - Other,Other IT,software developer
160726502521,Software Developer,Software Developer in Test (SDET),Quality Assurance and Testing,Engineering - Software & QA,"Full Time, Permanent",Education / Training,0,4,0-4 Yrs,Kidloland Kids & Toddler Games,Mumbai,,0.0,0.0,True,Not Disclosed,2026-07-16 14:59:07,Key Requirements. |You are good in logic and solving puzzles.  . .,1.csv,Software Developer / Full Stack / Frontend / Backend,,app development|prototyping|software developer|mobile app development,4,Mumbai,Entry,False,,,Software Developer in Test (SDET),Software Developer / Engineer,mobile app development|app development|prototyping|software developer
160426503684,Robotic & Automation software developer,Software Developer in Test (SDET),Quality Assurance and Testing,Engineering - Software & QA,"Full Time, Permanent",Building Material,0,4,0-4 Yrs,Rexus Group,Remote,,0.0,0.0,True,Not Disclosed,2026-04-16 17:18:25,"Location: Remote . Job Type: Full-time / Part-time|Bachelor s degree in Computer Science,Robotics,Electrical Engineering,or related field|Master s degree preferred|Proven experience in software development for robotics and automation systems|Experience with robotic middleware frameworks (e.g.,ROS,ROS 2) and simulation tools (e.g.,Gazebo,V-REP)",1.csv,Software Developer / Full Stack / Frontend / Backend,2.2,Computer science|C++|Automation|Version control|GIT|Simulation|Troubleshooting|Middleware|Technical support|Python,10,Remote,Entry,False,,,Software Developer in Test (SDET),Software Developer / Engineer,computer science|technical support|simulation|version control|middleware|python|troubleshooting|git|automation|c++
140526503414,Software Developer,Software Developer in Test (SDET),Quality Assurance and Testing,Engineering - Software & QA,"Full Time, Permanent",IT Services & Consulting,0,1,0-1 Yrs,Tekksol Global,Chennai,,0.0,0.0,True,Not Disclosed,2026-05-14 18:05:11,"Full Time . We are hiring Software Developer Freshers at Tekksol Global|Candidates should have strong programming fundamentals (Java / Python/PHP / JavaScript) and basic knowledge of HTML,CSS,JavaScript,and MySQL or MongoDB|Fresh CS graduates are encouraged to apply",1.csv,Software Developer / Full Stack / Frontend / Backend,,spring boot|GIT|Django|MySQL|Javascript|Programming|PHP|HTML|MongoDB|Python,10,Chennai,Entry,False,,,Software Developer in Test (SDET),Software Developer / Engineer,mysql|php|html|python|spring boot|mongodb|programming|django|javascript|git
140225502751,Software Developer,Software Development - Other,Software Development,Engineering - Software & QA,"Full Time, Permanent",IT Services & Consulting,0,1,0-1 Yrs,Digitalyuga It Services,Bhopal,,0.0,0.0,True,Not Disclosed,2025-02-14 17:29:09,,1.csv,Software Developer / Full Stack / Frontend / Backend,4.9,Software Developer,1,Bhopal,Entry,False,,,Software Development - Other,Other IT,software developer
131223501519,Software Developer,Software Developer in Test (SDET),Quality Assurance and Testing,Engineering - Software & QA,"Full Time, Permanent",IT Services & Consulting,0,2,0-2 Yrs,Acumen Technologies,Chennai,,0.0,0.0,True,Not Disclosed,2023-12-13 23:31:10,Good communication skills. * Good knowledge of computers as an end user. * Good team player. .,1.csv,Software Developer / Full Stack / Frontend / Backend,3.8,Hibernate|Usage|jQuery|Business Analyst|Software development life cycle|Programming|MVC|Operations|Software solutions|Technical documentation,10,Chennai,Entry,False,,,Software Developer in Test (SDET),Software Developer / Engineer,mvc|technical documentation|jquery|hibernate|business analyst|software development life cycle|operations|software solutions|usage|programming
130525500533,Software Developer,Software Development - Other,Software Development,Engineering - Software & QA,"Full Time, Permanent",Software Product,0,5,0-5 Yrs,Amaravathi Software Innovations,East Godavari,,0.0,0.0,True,Not Disclosed,2025-05-13 10:16:32,,1.csv,Software Developer / Full Stack / Frontend / Backend,3.9,c++|css|hibernate|jquery|sql|spring|java|oops|html|data structures|mysql|asp.net|programming|c#|rest|interfaces|python|software development|system testing|system design|engineering|javascript|sql server|software programming|spring boot|.net,26,East Godavari,Entry,False,,,Software Development - Other,Other IT,html|jquery|.net|interfaces|spring|programming|data structures|software development|python|c#|c++|hibernate|sql|java|spring boot|system design|engineering|rest|javascript|system testing|asp.net|sql server|software programming|mysql|oops|css
130326502966,Software Developer,Software Developer in Test (SDET),Quality Assurance and Testing,Engineering - Software & QA,"Full Time, Permanent",IT Services & Consulting,0,2,0-2 Yrs,SmartDocs Business Solutions,Hyderabad,,0.0,0.0,True,Not Disclosed,2026-03-13 16:36:33,"Participate in the full software development lifecycle including requirement gathering,development,testing,deployment,and maintenance.  . Troubleshoot,debug,and resolve application issues in a timely manner to ensure smooth performance across all platforms.  . |Experience with version control systems such as Git in a collaborative team setting|Required Skills",1.csv,Software Developer / Full Stack / Frontend / Backend,3.3,Computer science|Backend|Version control|GIT|Postgresql|MySQL|HTML|MongoDB|Information technology|Python,10,Hyderabad,Entry,False,,,Software Developer in Test (SDET),Software Developer / Engineer,computer science|mysql|version control|html|postgresql|mongodb|backend|python|git|information technology
121224506670,Software Developer,Software Development - Other,Software Development,Engineering - Software & QA,"Full Time, Permanent",Agriculture / Forestry / Fishing,0,2,0-2 Yrs,Falca E Solutions,Bengaluru,,0.0,0.0,True,Not Disclosed,2024-12-12 18:34:31,,1.csv,Software Developer / Full Stack / Frontend / Backend,3.0,Software Developer,1,Bengaluru,Entry,False,,,Software Development - Other,Other IT,software developer
121125503301,Software Developer,Full Stack Developer,Software Development,Engineering - Software & QA,"Full Time, Permanent",IT Services & Consulting,0,2,0-2 Yrs,Athmin Technologies,Remote,,0.0,0.0,True,Not Disclosed,2025-11-12 17:09:40,"CS / IT Freshers with BTech / MCA . | B Tech/ MCA Freshers |The candidate should have a passion for software development. |Quick Learner & Capability to grasp new technologies . Good Analytical,coding,and communication skills .",1.csv,Software Developer / Full Stack / Frontend / Backend,3.6,Backend|Front end|Version control|GIT|Coding|Postgresql|Analytical|MySQL|MongoDB|android development,10,Remote,Entry,False,,,Full Stack Developer,Full Stack Developer,analytical|front end|coding|mysql|version control|postgresql|android development|mongodb|backend|git
120717500912,Software Developer Fresher,Back End Developer,Software Development,Engineering - Software & QA,"Full Time, Permanent",Recruitment / Staffing,0,1,0-1 Yrs,RIGHT STEP CONSULTING PRIVATE LIMITED,Noida,,0.0,0.0,True,Not Disclosed,2017-07-12 17:49:54,,1.csv,Software Developer / Full Stack / Frontend / Backend,,English|Application programming|Technical|Tools|Programming|Software|Business Executive|Software services|Product marketing|SQL,10,Noida,Entry,False,,,Back End Developer,Backend Developer,application programming|english|software services|product marketing|technical|business executive|tools|programming|sql|software
101125502976,Software Developer,Software Developer in Test (SDET),Quality Assurance and Testing,Engineering - Software & QA,"Full Time, Permanent",IT Services & Consulting,0,7,0-7 Yrs,Sisl Infotech,New Delhi,,0.0,0.0,True,Not Disclosed,2025-11-10 17:18:25,. Bachelors degree in Computer Science or related field,1.csv,Software Developer / Full Stack / Frontend / Backend,3.4,c++|css|hibernate|sql|spring|java|spring mvc|design patterns|oops|json|code review|data structures|html|mysql|programming|communication skills|c#|rest|python|software development|c|problem solving|javascript|sql server|spring boot|troubleshooting,26,New Delhi,Entry,False,,,Software Developer in Test (SDET),Software Developer / Engineer,json|html|problem solving|spring|programming|data structures|software development|communication skills|code review|python|spring mvc|troubleshooting|c#|c++|hibernate|sql|java|spring boot|rest|javascript|design patterns|sql server|mysql|oops|css
90226504033,Security Software Developer,Software Developer in Test (SDET),Quality Assurance and Testing,Engineering - Software & QA,"Full Time, Permanent",IT Services & Consulting,0,6,0-6 Yrs,AKS It Services,Noida,,0.0,0.0,True,Not Disclosed,2026-02-09 18:05:23,Ability to work collaboratively in a team environment. Disclaimer: This job description has been sourced from a public domain and may have been modified by Naukri.com to improve clarity for our users|Experience with security frameworks and standards,1.csv,Software Developer / Full Stack / Frontend / Backend,2.9,Security Software Developer,1,Noida,Entry,False,,,Software Developer in Test (SDET),Software Developer / Engineer,security software developer
90125501328,Software Developers,Software Developer in Test (SDET),Quality Assurance and Testing,Engineering - Software & QA,"Full Time, Permanent",Financial Services,0,2,0-2 Yrs,Traderscockpit,Bengaluru,,0.0,0.0,True,Not Disclosed,2025-01-09 15:09:35,"The ideal candidate will be proficient in programming languages and have strong problem-solving skills. Key Responsibilities: Develop,test,and deploy software applications",1.csv,Software Developer / Full Stack / Frontend / Backend,4.2,Web technologies|Management|Marketing,3,Bengaluru,Entry,False,,,Software Developer in Test (SDET),Software Developer / Engineer,marketing|web technologies|management
80925503518,Software Developer,Software Developer in Test (SDET),Quality Assurance and Testing,Engineering - Software & QA,"Full Time, Permanent",IT Services & Consulting,0,4,0-4 Yrs,Hexadecimal Software,Noida,,,,False,Unpaid,2025-09-08 16:55:56,,1.csv,Software Developer / Full Stack / Frontend / Backend,3.6,Computer science|C++|Software Developer Intern|GIT|Debugging|Software development life cycle|Programming|Visual Studio|Internship|Python,10,Noida,Entry,True,,,Software Developer in Test (SDET),Software Developer / Engineer,software developer intern|computer science|debugging|software development life cycle|visual studio|programming|python|git|internship|c++
80820500578,software developer,Back End Developer,Software Development,Engineering - Software & QA,"Full Time, Permanent",Recruitment / Staffing,0,1,0-1 Yrs,Right Fit Resources,Bhubaneswar,,0.0,0.0,True,Not Disclosed,2020-08-08 20:25:26,"we are Looking for Freshers with Excellent Problem Solving Skills|Candidate Should have Good Knowledge of Requirement Analysis,Software Architecture,Database Design,Programming Concepts and Technical Documentation",1.csv,Software Developer / Full Stack / Frontend / Backend,,BPO|software architecture|Database design|Customer service operations|Programming|LPO|ITES|Technical documentation,8,Bhubaneswar,Entry,False,,,Back End Developer,Backend Developer,technical documentation|customer service operations|lpo|database design|software architecture|bpo|programming|ites
70926505828,Software developer,Full Stack Developer,Software Development,Engineering - Software & QA,"Full Time, Permanent",IT Services & Consulting,0,2,0-2 Yrs,Atishay Limited,Mumbai,Nagpur,0.0,0.0,True,Not Disclosed,2026-09-07 17:14:14,,1.csv,Software Developer / Full Stack / Frontend / Backend,4.0,emerging technologies|python|software development|version control|agile development|programming languages|code quality|sql|database management|git|java|software solutions|agile|software developer|programming,15,Mumbai,Entry,False,,,Full Stack Developer,Full Stack Developer,database management|code quality|emerging technologies|version control|software development|programming languages|agile|software developer|programming|java|agile development|software solutions|python|git|sql
70918500957,Software Developers,Back End Developer,Software Development,Engineering - Software & QA,"Full Time, Permanent",IT Services & Consulting,0,1,0-1 Yrs,IT Bytes,Dehradun,,0.0,0.0,True,Not Disclosed,2019-07-24 11:58:50,,1.csv,Software Developer / Full Stack / Frontend / Backend,4.2,Computer science|software|OOPS,3,Dehradun,Entry,False,,,Back End Developer,Backend Developer,computer science|oops|software
70826503161,Software Developer,Software Developer in Test (SDET),Quality Assurance and Testing,Engineering - Software & QA,"Full Time, Permanent",IT Services & Consulting,0,3,0-3 Yrs,Ridhitech India,Kochi,,0.0,0.0,True,Not Disclosed,2026-08-07 16:54:10,"we are looking for enthusiastic,professional and motivated person with good interpersonal skills,to work as Sr. PHP Developer|Experience with Message Queues (RabbitMQ / ZeroMQ/Amazon SQS mandatory. Any Graduate - Any Specialization,BTech / BE - Any Specialization |Must be proficient in HTML,CSS,JavaScript,JQuery,AJAX|Experience with MVC frameworks",1.csv,Software Developer / Full Stack / Frontend / Backend,,css|html5|rest api|js|php developer|ajax|jquery|open source|git|postgresql|product development|legal|opencart|data protection|html|mysql|mvc|cakephp|message queues|rabbitmq|javascript|amazon sqs|angular|apis|php,25,Kochi,Entry,False,,,Software Developer in Test (SDET),Software Developer / Engineer,amazon sqs|product development|html|jquery|rest api|html5|ajax|php developer|data protection|cakephp|open source|rabbitmq|php|javascript|git|apis|mvc|postgresql|message queues|legal|opencart|mysql|css|angular
60723500826,Software Developer,Full Stack Developer,Software Development,Engineering - Software & QA,"Full Time, Permanent",IT Services & Consulting,0,3,0-3 Yrs,Zumosun,Jaipur,,0.0,0.0,True,Not Disclosed,2023-07-06 21:21:00,,1.csv,Software Developer / Full Stack / Frontend / Backend,,C++|Hibernate|Software design|GIT|Coding|PHP|Unit testing|Data communication|Technical support|Python,10,Jaipur,Entry,False,,,Full Stack Developer,Full Stack Developer,coding|technical support|software design|hibernate|python|unit testing|data communication|php|git|c++
60525502108,Fresher Software Developer,Software Developer in Test (SDET),Quality Assurance and Testing,Engineering - Software & QA,"Full Time, Permanent",IT Services & Consulting,0,2,0-2 Yrs,Apponward Technologies,Noida,,0.0,0.0,True,Not Disclosed,2025-05-06 17:24:34,"As a Fresher Software Developer,you will be part of a dynamic team working on innovative software solutions|Education: Bachelor s degree in Computer Science,Engineering,or related field (2025 graduates preferred). |Skills Required:  Proficiency in at least one programming language (e.g.,Java,Python,C++). Strong understanding of programming fundamentals and problem-solving skills.",1.csv,Software Developer / Full Stack / Frontend / Backend,3.7,Computer science|Training|C++|Version control|GIT|Debugging|Javascript|HTML|Software solutions|Python,10,Noida,Entry,False,,,Software Developer in Test (SDET),Software Developer / Engineer,javascript|computer science|version control|debugging|html|training|software solutions|python|git|c++
51124502876,Software Developer,Software Development - Other,Software Development,Engineering - Software & QA,"Full Time, Permanent",Fitness & Wellness,0,1,0-1 Yrs,Techniche Imunita,Pune,,0.0,0.0,True,Not Disclosed,2024-11-05 17:07:30,,1.csv,Software Developer / Full Stack / Frontend / Backend,4.5,c++|css|hibernate|jquery|sql|spring|java|oops|html|data structures|mysql|programming|c#|interfaces|python|software development|c|software testing|system testing|system design|engineering|javascript|sql server|software programming|spring boot,25,Pune,Entry,False,,,Software Development - Other,Other IT,html|jquery|interfaces|spring|programming|data structures|software development|python|c#|c++|hibernate|sql|java|spring boot|system design|engineering|javascript|system testing|sql server|software testing|software programming|mysql|oops|css
51124502863,software developers,Software Development - Other,Software Development,Engineering - Software & QA,"Full Time, Permanent",IT Services & Consulting,0,2,0-2 Yrs,Selsoft Software Solutions,Tiruppur,,0.0,0.0,True,Not Disclosed,2024-11-05 17:07:29,,1.csv,Software Developer / Full Stack / Frontend / Backend,,c++|css|hibernate|jquery|sql|spring|java|oops|software solutions|html|data structures|mysql|programming|c#|interfaces|python|software development|c|system testing|system design|engineering|javascript|sql server|software programming|spring boot,25,Tiruppur,Entry,False,,,Software Development - Other,Other IT,html|jquery|interfaces|spring|programming|data structures|software development|python|c#|c++|hibernate|sql|java|spring boot|system design|engineering|software solutions|javascript|system testing|sql server|software programming|mysql|oops|css
40924500861,Software Developer,Software Development - Other,Software Development,Engineering - Software & QA,"Full Time, Permanent",IT Services & Consulting,0,1,0-1 Yrs,Le Jensoft,Kollam,,0.0,0.0,True,Not Disclosed,2024-09-04 18:08:09,"Skills Required | Proficient in PHP,Javascript,MySQL,AJAX,jQuery,CSS and HTML . |Cost effective solutions & optimal resources . Help with latest technology . Work Experience",1.csv,Software Developer / Full Stack / Frontend / Backend,,CSS|jQuery|MySQL|Javascript|Manager Technology|PHP|HTML|Cost|Ajax|Android,10,Kollam,Entry,False,,,Software Development - Other,Other IT,javascript|manager technology|html|jquery|cost|android|php|mysql|css|ajax
30823501221,Software Developer,Software Development - Other,Software Development,Engineering - Software & QA,"Full Time, Permanent",Software Product,0,1,0-1 Yrs,Ingenious Technohub,Pune,,0.0,0.0,True,Not Disclosed,2023-08-03 20:58:42,,1.csv,Software Developer / Full Stack / Frontend / Backend,4.8,System testing|Software development|Consulting|Programming|System design|Hardware,6,Pune,Entry,False,,,Software Development - Other,Other IT,system testing|software development|hardware|system design|consulting|programming
30426504760,Software Developer,Software Developer in Test (SDET),Quality Assurance and Testing,Engineering - Software & QA,"Full Time, Permanent",IT Services & Consulting,0,3,0-3 Yrs,Zappyworks Software Solutions,Chennai,,0.0,0.0,True,Not Disclosed,2026-04-03 17:20:04,". Good understanding of front\-end technologies,such as HTML5,\ CSS3 and JavaScript",1.csv,Software Developer / Full Stack / Frontend / Backend,3.9,Front end|Architecture|Compliance|html5|Javascript|Manager Technology|Investigation|Continuous improvement|CSS3,9,Chennai,Entry,False,,,Software Developer in Test (SDET),Software Developer / Engineer,continuous improvement|front end|manager technology|investigation|compliance|css3|architecture|html5|javascript
30125503209,Software Developer Cum Consultant,Software Development - Other,Software Development,Engineering - Software & QA,"Full Time, Permanent",IT Services & Consulting,0,1,0-1 Yrs,KSS Management Services,Chitrakoot,,0.0,0.0,True,Not Disclosed,2025-01-03 17:56:28,"Remark :  In this role,you will be responsible for work as a leader as per the requirement and also to provide training to team member and students|Experience :  0-1 Year",1.csv,Software Developer / Full Stack / Frontend / Backend,,Training|CSS|Advanced Java|Javascript|Manager Technology|Database|bootstrap|Android,8,Chitrakoot,Entry,False,,,Software Development - Other,Other IT,database|manager technology|training|android|bootstrap|advanced java|javascript|css
20126502471,Software Developer,Software Developer in Test (SDET),Quality Assurance and Testing,Engineering - Software & QA,"Full Time, Permanent",IT Services & Consulting,0,2,0-2 Yrs,Proximity It Solution,Raipur,,0.0,0.0,True,Not Disclosed,2026-01-02 17:15:32,,1.csv,Software Developer / Full Stack / Frontend / Backend,,CSS|Management systems|Javascript|HTML,4,Raipur,Entry,False,,,Software Developer in Test (SDET),Software Developer / Engineer,html|javascript|management systems|css
11117501173,Software Developers,Back End Developer,Software Development,Engineering - Software & QA,"Full Time, Permanent",IT Services & Consulting,0,1,0-1 Yrs,Sardonyx Technologies,Chennai,,0.0,0.0,True,Not Disclosed,2019-07-24 12:18:02,"Having good logical skills and good problem solving skills. |Minimum Qualification: ME,MTech,BE,BTech,MCA,MSc,(Comp|Understand well & analyze new business requirements and determine appropriate technical solutions keeping mind the latest technology trends in mind. Should Possess good working experience in implementing Object Oriented design using Mvc,Domain Driven design",1.csv,Software Developer / Full Stack / Frontend / Backend,4.1,C|technical|software|HTML|XSLT|jQuery|web|XML|design|Javascript|WCF|MVC|MSC|Ajax,14,Chennai,Entry,False,,,Back End Developer,Backend Developer,mvc|web|html|jquery|xml|technical|msc|ajax|wcf|design|javascript|xslt|software
10915503370,Software Developer,Back End Developer,Software Development,Engineering - Software & QA,"Full Time, Permanent",IT Services & Consulting,0,2,0-2 Yrs,Aimsoft,Thiruvananthapuram,,0.0,0.0,True,Not Disclosed,2019-07-24 09:48:46,"Skill Set Required:  . . . . . |Net,PHP,HTML,CSS,JavaScript,AJAX . . . . Good Knowledge of object oriented programming ASP",1.csv,Software Developer / Full Stack / Frontend / Backend,,html css|act|php|object oriented programming|net|software developer|ajax|javascript|programming|knowledge|asp net,11,Thiruvananthapuram,Entry,False,,,Back End Developer,Backend Developer,software developer|programming|knowledge|asp net|ajax|net|php|object oriented programming|javascript|act|html css
260826008619,Software Developer,Back End Developer,Software Development,Engineering - Software & QA,"Full Time, Permanent",Analytics / KPO / Research,0,5,0-5 Yrs,Avom Consultants,Pune,Bengaluru,350000.0,800000.0,False,3.5-8 Lacs,2026-08-26 09:33:56,"Strong programming, problem-solving, database, API, and software development skills|Develop, test, and maintain scalable software applications; write clean code; debug issues; collaborate with product and engineering teams",1.csv,Software Developer / Full Stack / Frontend / Backend,,Angularjs|HTML|Angular|Application Development|TypeScript|Software Development|design|Javascript|j2ee|.NET|backend|React.js|Web Development|Python|Flask|Application Programming|Java|C++|Data Structures|Node.js|Vue.js|dsa|Software Engineering|Django|fullstack|frontend,26,Pune,Entry,True,350000.0,800000.0,Back End Developer,Backend Developer,application development|html|software engineering|.net|vue.js|data structures|django|application programming|dsa|software development|react|python|fullstack|c++|flask|java|design|web development|javascript|typescript|j2ee|frontend|backend|node.js|angular
250826020713,Freshers opening Pan India Software developer,Software Development - Other,Software Development,Engineering - Software & QA,"Full Time, Permanent",IT Services & Consulting,0,5,0-5 Yrs,Avom Consultants,Bengaluru,,500000.0,1200000.0,False,5-12 Lacs,2026-08-25 15:08:39,"Freshers interested in software development or non-tech roles like sales, marketing, analyst, digital marketing, client engagement, HR|Apply for entry-level positions across tech and non-tech functions",1.csv,Software Developer / Full Stack / Frontend / Backend,,digital marketing|bba|btech|software|jobs|testing|manual testing|hr|graphic designer|mba|sales|Software Solutions|customer support|Talent Acquisition|Entry Level|marketing|Communication Skills|Engineering|Software Services|Software Engineering|SDE|Client Handling,22,Bengaluru,Entry,True,500000.0,1200000.0,Software Development - Other,Other IT,software services|btech|software engineering|testing|jobs|hr|communication skills|graphic designer|customer support|marketing|mba|sales|digital marketing|manual testing|engineering|software solutions|entry level|client handling|software|bba|talent acquisition|sde
300424004918,Software Developer / For Malad East Mumbai,Software Development - Other,Software Development,Engineering - Software & QA,"Full Time, Permanent",IT Services & Consulting,0,1,0-1 Yrs,SoftTact,Mumbai malad,,125000.0,425000.0,False,1.25-4.25 Lacs,2026-08-26 12:20:59,"Fresher with skills in C#, .Net, SQL and testing|Develop and test software and web applications",1.csv,Software Developer / Full Stack / Frontend / Backend,1.7,Software Development|Program|Coding|Development,4,Mumbai malad,Entry,True,125000.0,425000.0,Software Development - Other,Other IT,software development|coding|development|program
240826006033,Software Developer,Full Stack Developer,Software Development,Engineering - Software & QA,"Full Time, Permanent",BPM / BPO,0,1,0-1 Yrs,Twiite,Thane,,200000.0,325000.0,False,2-3.25 Lacs,2026-08-24 11:48:02,Basic knowledge of SQL and relational databases and understanding of REST APIs|Develop and maintain web applications using programming and problem-solving skills,1.csv,Software Developer / Full Stack / Frontend / Backend,,C#|C++,2,Thane,Entry,True,200000.0,325000.0,Full Stack Developer,Full Stack Developer,c#|c++
201023500169,JUNIOR SOFTWARE DEVELOPER,Full Stack Developer,Software Development,Engineering - Software & QA,"Full Time, Permanent",Management Consulting,0,1,0-1 Yrs,Godigi Infotech,Pune,,0.0,0.0,True,Not Disclosed,2023-10-20 15:12:46,,1.csv,Software Developer / Full Stack / Frontend / Backend,4.6,ASP.Net|PHP|Python,3,Pune,Entry,False,,,Full Stack Developer,Full Stack Developer,php|python|asp.net
281223500758,Software Developer / Engineer,Full Stack Developer,Software Development,Engineering - Software & QA,"Full Time, Permanent",Software Product,2,3,2-3 Yrs,Bharat Software Solutions,New Delhi,,0.0,0.0,True,Not Disclosed,2023-12-28 18:27:59,"The ideal candidate should understand PHP,Laravel,and MySQL strongly|Experience or knowledge about logistics or transport industry is considered as an advantage. We are looking for experienced and fresher developers|They should be proficient in HTML,CSS,JavaScript,and AJAX|Experience with RESTful APIs,Git version control,and agile methodologies is preferred",1.csv,Software Developer / Full Stack / Frontend / Backend,3.4,Bss|Version control|GIT|MySQL|Javascript|Agile|HTML|Core PHP|Ajax|Logistics,10,New Delhi,Entry,False,,,Full Stack Developer,Full Stack Developer,core php|mysql|bss|version control|agile|html|logistics|javascript|git|ajax
230926043441,Software Developer,Back End Developer,Software Development,Engineering - Software & QA,"Full Time, Permanent",IT Services & Consulting,4,9,4-9 Yrs,Tata Consultancy Services,Hyderabad,Pune,500000.0,1400000.0,False,5-14 Lacs,2026-09-23 20:38:46,"4-13 years Java development with expertise in Java 8/11/17, Spring Boot, Microservices, Docker, Kubernetes|Design, develop, and maintain Microservices applications; build REST APIs; deploy on AWS; collaborate with teams; troubleshoot production issues",1.csv,Software Developer / Full Stack / Frontend / Backend,3.2,,0,Hyderabad,Mid,True,500000.0,1400000.0,Back End Developer,Backend Developer,
230926042170,Software Developer,Back End Developer,Software Development,Engineering - Software & QA,"Full Time, Permanent",IT Services & Consulting,7,12,7-12 Yrs,Tata Consultancy Services,Hyderabad,Chennai,0.0,0.0,True,Not Disclosed,2026-09-23 19:54:52,"6-10 years experience with strong Java, Spring Boot, Microservices, REST API, and PostgreSQL skills|Design and develop backend services, build microservices architecture, use Git, participate in Agile processes",1.csv,Software Developer / Full Stack / Frontend / Backend,3.2,,0,Hyderabad,Senior,False,,,Back End Developer,Backend Developer,
230926502076,Software Developer,Software Developer in Test (SDET),Quality Assurance and Testing,Engineering - Software & QA,"Full Time, Permanent",IT Services & Consulting,3,5,3-5 Yrs,Broadridge,Mumbai,,0.0,0.0,True,Not Disclosed,2026-09-23 16:52:37,,1.csv,Software Developer / Full Stack / Frontend / Backend,3.8,algorithms|electronic trading|build tools|client delivery|ai|capital markets|financial services|artificial intelligence|bs|git|java|cassandra|db2|compliance|full stack|jenkins|data structures|application programming|angularjs,19,Mumbai,Mid,False,,,Software Developer in Test (SDET),Software Developer / Engineer,artificial intelligence|full stack|data structures|application programming|client delivery|algorithms|java|jenkins|db2|cassandra|git|ai|electronic trading|bs|build tools|capital markets|financial services|compliance|angular
230926040970,Software Developer,Full Stack Developer,Software Development,Engineering - Software & QA,"Full Time, Permanent",IT Services & Consulting,6,11,6-11 Yrs,Tata Consultancy Services,Hyderabad,Chennai,500000.0,1400000.0,False,5-14 Lacs,2026-09-23 19:41:38,"5-12 years experience as .NET Full Stack Developer with expertise in GitHub Copilot, Angular, React, FastAPI, PostgreSQL, and Azure DevOps|Develop and rapidly deliver crypto-based lending solutions using modern web technologies and AI-assisted coding",1.csv,Software Developer / Full Stack / Frontend / Backend,3.2,.Net Core,1,Hyderabad,Mid,True,500000.0,1400000.0,Full Stack Developer,Full Stack Developer,.net core
230926035301,Software Developer,Full Stack Developer,Software Development,Engineering - Software & QA,"Full Time, Permanent",IT Services & Consulting,6,11,6-11 Yrs,Tata Consultancy Services,Bengaluru,,1800000.0,3300000.0,False,18-33 Lacs,2026-09-23 17:43:42,"8+ years in Java Microservices and ReactJS full-stack development with expertise in Spring Boot, Kafka, Redis, and API design|Develop and expose RESTful APIs, build responsive ReactJS UI, integrate frontend with backend, implement unit testing, and work in Agile CI/CD environments",1.csv,Software Developer / Full Stack / Frontend / Backend,3.2,react,1,Bengaluru,Mid,True,1800000.0,3300000.0,Full Stack Developer,Full Stack Developer,react
230926034021,Software Developer,Full Stack Developer,Software Development,Engineering - Software & QA,"Full Time, Permanent",IT Services & Consulting,6,11,6-11 Yrs,Tata Consultancy Services,Bengaluru,,0.0,0.0,True,Not Disclosed,2026-09-23 17:33:23,"6+ years experience with Java Spring Boot, Angular, Microservices, JPA/Hibernate, SQL, and unit testing frameworks|Develop and maintain applications using Angular and Java Spring Boot, focus on API and event-driven design, collaborate in Agile teams, and implement comprehensive unit testing",1.csv,Software Developer / Full Stack / Frontend / Backend,3.2,Angularjs,1,Bengaluru,Mid,False,,,Full Stack Developer,Full Stack Developer,angular
230926023968,Walk-in || Software Developer,Back End Developer,Software Development,Engineering - Software & QA,"Full Time, Permanent",IT Services & Consulting,6,11,6-11 Yrs,Tata Consultancy Services,Bengaluru,,1400000.0,2400000.0,False,14-24 Lacs,2026-09-23 14:44:23,"6+ years Java development experience with expertise in Spring Boot, Spring MVC, Spring Security, React JS, and TypeScript|Develop and maintain backend and frontend applications, design and implement RESTful APIs, integrate event-driven architectures, and deliver responsive UI aligned with UX/UI guidelines",1.csv,Software Developer / Full Stack / Frontend / Backend,3.2,Typescript|Javascript,2,Bengaluru,Mid,True,1400000.0,2400000.0,Back End Developer,Backend Developer,typescript|javascript
130926004058,Software Engineer / Developer,Software Development - Other,Software Development,Engineering - Software & QA,"Full Time, Permanent",IT Services & Consulting,0,4,0-4 Yrs,Netm Corporate Solutions,Hyderabad,India,500000.0,1200000.0,False,5-12 Lacs,2026-09-13 17:37:53,"Bachelor's or Master's in CS/IT/Engineering, 0-4 years experience, knowledge of Java, C, C++, SQL, Oracle, SAP or .NET|Develop, maintain and support software applications, write clean code, work with databases, debug and troubleshoot, collaborate with teams",1.csv,Software Developer / Full Stack / Frontend / Backend,,C++|C|SAP|Debugging|Problem Solving|Programming|Troubleshooting|SQL|Application Development|Software Engineering|Database Management|.NET|Oracle|Testing,14,Hyderabad,Entry,True,500000.0,1200000.0,Software Development - Other,Other IT,application development|database management|oracle|debugging|sap|problem solving|software engineering|.net|testing|programming|troubleshooting|sql|c++
30926502116,Associate Software Developer,Full Stack Developer,Software Development,Engineering - Software & QA,"Full Time, Permanent",Industrial Equipment / Machinery,0,3,0-3 Yrs,KSB,Pune,,0.0,0.0,True,Not Disclosed,2026-09-03 18:00:05,"Continuous Improvements . Good knowledge of MS SQL DB,HANA DB and SQL queries,HANA queries,crystal reporting tool .",1.csv,Software Developer / Full Stack / Frontend / Backend,3.7,Analytical skills|SQL queries|SIDE|MS SQL|SAP|IT strategy|SAP B1|Software Associate|Crystal report|Python,10,Pune,Entry,False,,,Full Stack Developer,Full Stack Developer,side|it strategy|sap b1|sap|analytical skills|ms sql|sql queries|python|software associate|crystal report
191023500350,SOFTWARE DEVELOPER - ANGULAR JS,Software Development - Other,Software Development,Engineering - Software & QA,"Full Time, Permanent",Management Consulting,0,1,0-1 Yrs,Godigi Infotech,Pune,,0.0,0.0,True,Not Disclosed,2023-10-19 18:12:24,Proficient understanding of mobile web platforms and responsive design . Self-driven and motivated with the desire to work in a fast-paced environment,1.csv,Software Developer / Full Stack / Frontend / Backend,4.6,CSS|Web technologies|html5|Analytical|Javascript|bootstrap|CSS3,7,Pune,Entry,False,,,Software Development - Other,Other IT,analytical|css3|web technologies|bootstrap|html5|javascript|css
191023500127,SOFTWARE DEVELOPER (PHP/ WORDPRESS),Front End Developer,Software Development,Engineering - Software & QA,"Full Time, Permanent",Management Consulting,0,1,0-1 Yrs,Godigi Infotech,Pune,,0.0,0.0,True,Not Disclosed,2023-10-19 18:12:04,Requirements:  . Good Hands-on knowledge of any programming language . |Willing to learn new technologies and frameworks as required|Willingness to learn and work on PHP/ Javascript/ HTML/ CSS Frameworks . Good English communication skills . .,1.csv,Software Developer / Full Stack / Frontend / Backend,4.6,Analytical skills|Windows OS|Linux|MySQL|Wordpress|Programming|Javascript|PHP|HTML|CSS3,10,Pune,Entry,False,,,Front End Developer,Frontend Developer,linux|javascript|html|analytical skills|wordpress|css3|programming|php|mysql|windows os
210926504983,Software Developer Regulatory Affairs & China Clinical Development,Full Stack Developer,Software Development,Engineering - Software & QA,"Full Time, Permanent",Pharmaceutical & Life Sciences,5,8,5-8 Yrs,Hoffmann La Roche,Hyderabad,,0.0,0.0,True,Not Disclosed,2026-09-21 18:22:21,"Shift: CET time zone. #Hyderabad 2026. Who we are |Fosters good collaboration,knowledge sharing,coaching,and mentoring| Education / Experience. Bachelors degree in Computer Science,Software Engineering,or related technical field",1.csv,Software Developer / Full Stack / Frontend / Backend,5.0,Backend|GIT|Coding|Pharma|Agile|Healthcare|software quality|Monitoring|Python,9,Hyderabad,Mid,False,,,Full Stack Developer,Full Stack Developer,coding|agile|pharma|monitoring|backend|python|git|software quality|healthcare
210926003520,Software Developer,Technical Lead,Software Development,Engineering - Software & QA,"Full Time, Permanent",Financial Services,8,13,8-13 Yrs,PwC,Hyderabad,Bengaluru,1400000.0,2400000.0,False,14-24 Lacs,2026-09-21 10:59:59,"Bachelor's degree from Tier 1 and 7+ years experience with strong Python, Kubernetes, PostgreSQL, REST API, and asynchronous messaging skills|Lead data science projects, develop ML models, design data solutions, mentor teams, manage project lifecycle, and drive innovation",1.csv,Software Developer / Full Stack / Frontend / Backend,3.3,LangGraph|API|PostgreSQL|Docker|Aiml|React.Js|Python|Kubernetes,8,Hyderabad,Senior,True,1400000.0,2400000.0,Technical Lead,Management / Leadership,aiml|docker|langgraph|postgresql|react|python|kubernetes|api
240926929869,Software Developer,Software Developer in Test (SDET),Quality Assurance and Testing,Engineering - Software & QA,"Full Time, Permanent",Software Product,5,10,5-10 Yrs,Opentext,Hyderabad,,0.0,0.0,True,Not Disclosed,2026-09-24 16:35:43,"Bachelor's in CS with 3-5 years in enterprise product development; expertise in Java/J2EE, Angular, REST APIs, CI/CD tools, and AI-assisted dev tools like GitHub Copilot|Design, develop, validate, and deploy enterprise software; lead technical initiatives; ensure code quality and timely delivery; collaborate on test plans and handle customer escalations",1.csv,Software Developer / Full Stack / Frontend / Backend,3.2,copilot|css|ai|cd tools|agile development|analytical skills|equity|code quality|angular|automation|apis|content server|design patterns|debugging|distributed systems|data structures|digital transformation|css3|deployment,19,Hyderabad,Mid,False,,,Software Developer in Test (SDET),Software Developer / Engineer,content server|cd tools|analytical skills|data structures|code quality|distributed systems|agile development|digital transformation|equity|deployment|design patterns|apis|ai|copilot|debugging|css|css3|automation|angular
190826022210,Software Developer,Full Stack Developer,Software Development,Engineering - Software & QA,"Full Time, Permanent",IT Services & Consulting,5,9,5-9 Yrs,ThoughtWorks,Bengaluru,,0.0,0.0,True,Not Disclosed,2026-09-24 17:35:53,"5+ years experience with Java and React, strong Object-Oriented programming skills, knowledge of TDD and continuous delivery|Design and build large-scale distributed microservices, write clean reusable code, advocate DevSecOps and Agile practices, mentor junior developers",1.csv,Software Developer / Full Stack / Frontend / Backend,4.0,,0,Bengaluru,Mid,False,,,Full Stack Developer,Full Stack Developer,
160926029164,Software Developer,Software Development - Other,Software Development,Engineering - Software & QA,"Full Time, Permanent",IT Services & Consulting,5,10,5-10 Yrs,Infosys,Hyderabad,Pune,0.0,0.0,True,Not Disclosed,2026-09-17 09:30:04,"Expertise in Java or Python, Data Structures & Algorithms, Design Patterns, OOPS, AWS Cloud, ReactJS or Angular|Design, develop, and deploy scalable enterprise and cloud-native applications; solve complex problems; collaborate in Agile teams; mentor juniors; participate in architecture and code reviews",1.csv,Software Developer / Full Stack / Frontend / Backend,3.5,Oracle Database|PostgreSQL|OOPS|Agile Scrum|Ci/Cd|Node.js|Microservices|Jenkins|TypeScript|DevOps|Git|Docker|Terraform|Data Structures and Algorithms|Cloud|Kubernetes,16,Hyderabad,Mid,False,,,Software Development - Other,Other IT,terraform|agile scrum|oracle database|typescript|docker|postgresql|data structures and algorithms|jenkins|kubernetes|ci/cd|cloud|node.js|devops|oops|git|microservices
140926501958,Software Developer,Software Developer in Test (SDET),Quality Assurance and Testing,Engineering - Software & QA,"Full Time, Permanent",IT Services & Consulting,13,18,13-18 Yrs,Web Brain Infotech,New Delhi,,0.0,0.0,True,Not Disclosed,2026-09-14 16:03:00,"Qualifications Bachelors degree in Computer Science,Software Engineering,or related field|Key Responsibilities Requirement Analysis Collaborate with stakeholders to understand user needs and translate them into technical specifications|Required Skills Strong knowledge of programming languages (Java,Python,C++,JavaScript)|Experience with version control systems (Git)",1.csv,Software Developer / Full Stack / Frontend / Backend,4.6,System architecture|System testing|C++|Software design|Coding|Debugging|Javascript|SDLC|SQL|Python,10,New Delhi,Senior,False,,,Software Developer in Test (SDET),Software Developer / Engineer,system testing|coding|software design|debugging|system architecture|python|javascript|sql|sdlc|c++
260326503787,Senior Software Engineer (Java Backend Developer),Full Stack Developer,Software Development,Engineering - Software & QA,"Full Time, Permanent",FinTech / Payments,0,6,0-6 Yrs,Mastercard,Pune,,0.0,0.0,True,Not Disclosed,2026-03-26 22:35:59,,1.csv,Software Developer / Full Stack / Frontend / Backend,3.8,Maven|Production support|JBoss|Information security|Debugging|Performance testing|Agile|J2Ee|Unit testing|SDLC,10,Pune,Entry,False,,,Full Stack Developer,Full Stack Developer,debugging|agile|unit testing|information security|j2ee|production support|performance testing|maven|sdlc|jboss
120626504587,Senior Software Developer,Full Stack Developer,Software Development,Engineering - Software & QA,"Full Time, Permanent",IT Services & Consulting,0,2,0-2 Yrs,Machadalo,New Delhi,,0.0,0.0,True,Not Disclosed,2026-06-12 17:40:57,,1.csv,Software Developer / Full Stack / Frontend / Backend,1.7,Computer science|Usage|Web services|MySQL|Agile|PHP|Data structures|Google AdWords|AWS|Python,10,New Delhi,Entry,False,,,Full Stack Developer,Full Stack Developer,computer science|web services|google adwords|agile|python|usage|data structures|aws|php|mysql
260326503447,Senior Software Developer,Software Development - Other,Software Development,Engineering - Software & QA,"Full Time, Permanent",Legal,0,4,0-4 Yrs,Ipexcel Services,Bengaluru,,0.0,0.0,True,Not Disclosed,2026-03-26 17:50:34,Stay up-to-date with industry trends and emerging technologies to continuously improve skills and knowledge. Disclaimer: This job description has been sourced from a public domain and may have been modified by Naukri.com to improve clarity for our users,1.csv,Software Developer / Full Stack / Frontend / Backend,3.2,emerging technologies|project management|software development|enterprise architecture|machine learning|artificial intelligence|strategy consulting|troubleshooting|.net|code review|it strategy|technical documentation|programming|architecture,14,Bengaluru,Entry,False,,,Software Development - Other,Other IT,enterprise architecture|strategy consulting|artificial intelligence|technical documentation|machine learning|emerging technologies|software development|project management|it strategy|code review|.net|architecture|programming|troubleshooting
180226502890,Senior Software Developer,Functional Consultant,IT Consulting,Consulting,"Full Time, Permanent",Biotechnology,0,3,0-3 Yrs,Accusol Technologies,Ahmedabad,,0.0,0.0,True,Not Disclosed,2026-02-18 17:51:01,Stay updated with industry trends and emerging technologies to enhance existing systems. Disclaimer: This job description has been sourced from a public domain and may have been modified by Naukri.com to improve clarity for our users,1.csv,Software Developer / Full Stack / Frontend / Backend,,innovation|emerging technologies|project management|software development|business analysis|presales|artificial intelligence|iot|troubleshooting|code review|.net|technical documentation|digital transformation|programming|architecture,15,Ahmedabad,Entry,False,,,Functional Consultant,Other IT,technical documentation|artificial intelligence|emerging technologies|software development|project management|iot|innovation|code review|business analysis|.net|architecture|programming|troubleshooting|digital transformation|presales
170826504148,Software Developer Intern,Blockchain Quality Assurance Engineer,Quality Assurance and Testing,Engineering - Software & QA,"Full Time, Permanent",Agriculture / Forestry / Fishing,0,1,0-1 Yrs,Bharatrohan,Gurugram,,,,False,Unpaid,2026-08-17 17:10:52,"Software Developer Intern |Position: Software Developer Intern . |Bachelor s or Master s degree in Computer Science,Engineering,or a related . field|Familiarity with JavaScript-based Shopify development. Option 2 - Embedded Systems (Programming Languages only) . | Hands-on experience with modern technologies and real-world projects",1.csv,Software Developer / Full Stack / Frontend / Backend,4.5,TCP|Computer science|C++|Version control|GIT|Linux|Networking|USB|Debugging|Troubleshooting,10,Gurugram,Entry,True,,,Blockchain Quality Assurance Engineer,QA / Test Engineer,tcp|linux|computer science|networking|version control|debugging|troubleshooting|git|usb|c++
20725502736,Sr. Software Developer,Full Stack Developer,Software Development,Engineering - Software & QA,"Full Time, Permanent",BPM / BPO,0,6,0-6 Yrs,My Taxi,Gurugram,,0.0,0.0,True,Not Disclosed,2025-07-02 15:06:32,"Strong problem solving skills and algorithmic knowledge specific to performance . Educational Qualifications:  UG: BTech / BE - Computers,Diploma - Computers,BSc - Computers,BCA - Computers |Experience: 0- 5 years |Skills:  . 1-6 years of hardcore dev experience|Experience with indexing systems like solr / elastic search",1.csv,Software Developer / Full Stack / Frontend / Backend,4.5,Unix|Hibernate|Tomcat|jQuery|Linux|SOA|JBoss|Javascript|PLSQL|Ajax,10,Gurugram,Entry,False,,,Full Stack Developer,Full Stack Developer,linux|jboss|jquery|hibernate|unix|ajax|tomcat|plsql|javascript|soa
140926904786,Associate Software Developer - Java,Full Stack Developer,Software Development,Engineering - Software & QA,"Full Time, Permanent",Software Product,0,1,0-1 Yrs,Nuchange Informatics,Bengaluru,,0.0,0.0,True,Not Disclosed,2026-09-14 11:57:51,"BE/BTech/MSc Computer Science or MCA graduate with expertise in Java, SpringBoot, TDD, CI/CD, and strong SQL skills|Write clean code, collaborate on feature development, troubleshoot and optimize applications, stay updated with tech trends",1.csv,Software Developer / Full Stack / Frontend / Backend,2.7,Continuous Deployment|Continuous Integration|Springboot|Test Driven Development|SQL,5,Bengaluru,Entry,False,,,Full Stack Developer,Full Stack Developer,springboot|test driven development|continuous deployment|sql|continuous integration
100926028036,CAD Software Developer / CAD Integration Engineer,Software Development - Other,Software Development,Engineering - Software & QA,"Full Time, Permanent",IT Services & Consulting,5,7,5-7 Yrs,Coforge,Bengaluru,,0.0,0.0,True,Not Disclosed,2026-09-10 17:11:03,"BE/BTech, MCA, or MTech with 4-6 years experience in CAD customization (SolidWorks, Inventor, CATIA) and desktop app development using C# and .NET WPF|Develop and validate CAD plugin software, fix integration bugs, perform manual testing, and collaborate in agile teams",1.csv,Software Developer / Full Stack / Frontend / Backend,3.3,C#|CATIA|.Net|WPF|SolidWorks,5,Bengaluru,Mid,False,,,Software Development - Other,Other IT,solidworks|.net|catia|wpf|c#
190525503431,Junior Software Developer,Software Development - Other,Software Development,Engineering - Software & QA,"Full Time, Permanent",Industrial Automation,0,1,0-1 Yrs,Exeliq Solutions,Noida,,0.0,0.0,True,Not Disclosed,2025-05-19 18:23:37,"As part of our continuous growth strategy,we are . actively seeking enthusiastic and talented recent graduates to join our team as LabVIEW Developers. |NI CLAD or CLD certification (preferable but not mandatory) . |Document LabVIEW code according to industry standards . Travel as required |Immediate joiners will . be given preference",1.csv,Software Developer / Full Stack / Frontend / Backend,3.9,Automation|Interpersonal skills|Digital electronics|Debugging|Programming|Instrumentation|Labview|Hardware|Software troubleshooting|Testing,10,Noida,Entry,False,,,Software Development - Other,Other IT,instrumentation|debugging|interpersonal skills|software troubleshooting|hardware|testing|digital electronics|programming|automation|labview
280826009534,Software Developer,Software Development - Other,Software Development,Engineering - Software & QA,"Full Time, Permanent",IT Services & Consulting,5,9,5-9 Yrs,Synechron,Pune,Chennai,0.0,0.0,True,Not Disclosed,2026-08-28 16:56:26,"5-10 years experience in Java development with expertise in Microservices, Hexagonal Architecture, and Quarkus Framework|Design, develop, and maintain scalable enterprise applications using Java, Microservices, and Quarkus; implement Hexagonal Architecture; design RESTful APIs; support CI/CD and DevOps practices",1.csv,Software Developer / Full Stack / Frontend / Backend,3.4,Enterprise Applications|Rabbitmq|Rest Api Design|Kafka|Spring Boot|Microservices,6,Pune,Mid,False,,,Software Development - Other,Other IT,enterprise applications|rabbitmq|spring boot|kafka|rest api design|microservices
280826009467,Software Developer,Software Development - Other,Software Development,Engineering - Software & QA,"Full Time, Permanent",IT Services & Consulting,5,9,5-9 Yrs,Synechron,Pune,Chennai,1500000.0,2000000.0,False,15-20 Lacs,2026-08-28 16:52:16,"5-10 years experience in Java development with expertise in Microservices, Hexagonal Architecture, and Quarkus Framework|Design, develop, and maintain scalable enterprise applications using Java, Microservices, and Quarkus; implement Hexagonal Architecture; design RESTful APIs; collaborate with teams; conduct code reviews and support CI/CD and DevOps practices",1.csv,Software Developer / Full Stack / Frontend / Backend,3.4,Enterprise Applications|Rabbitmq|Spring Boot|Microservices,4,Pune,Mid,True,1500000.0,2000000.0,Software Development - Other,Other IT,enterprise applications|microservices|rabbitmq|spring boot
260826031118,Software Developer,Embedded Systems Engineer,Software Development,Engineering - Software & QA,"Full Time, Permanent",Miscellaneous,4,9,4-9 Yrs,Tata Elxsi,Bengaluru,,0.0,0.0,True,Not Disclosed,2026-08-26 19:55:51,"BS in Software Engineering or related field with 5-10 years experience, strong Linux OS and TCP/IP networking knowledge, expertise in SCM and requirements tracing tools|Design, develop, test, debug, and document real-time software on Linux platforms; support system integration and validation; conduct code and design reviews",1.csv,Software Developer / Full Stack / Frontend / Backend,3.4,,0,Bengaluru,Mid,False,,,Embedded Systems Engineer,Other IT,
260826023401,Software Developer,Back End Developer,Software Development,Engineering - Software & QA,"Full Time, Permanent",IT Services & Consulting,4,6,4-6 Yrs,"NTT DATA, Inc.",Hyderabad,Chennai,500000.0,1000000.0,False,5-10 Lacs,2026-08-26 16:04:54,"Experienced Java Developer with expertise in Spring Boot and SQL databases|Develop, test, and maintain Java applications; build RESTful APIs; design scalable and secure software; troubleshoot issues",1.csv,Software Developer / Full Stack / Frontend / Backend,3.9,,0,Hyderabad,Mid,True,500000.0,1000000.0,Back End Developer,Backend Developer,
210926006648,Software Developer,IT Infrastructure Services - Other,IT Infrastructure Services,IT & Information Security,"Full Time, Permanent",IT Services & Consulting,8,12,8-12 Yrs,Persistent,Gurugram,Bengaluru,0.0,0.0,True,Not Disclosed,2026-09-21 12:21:05,"8-12 years experience in modern C++ with expertise in distributed messaging technologies like Apache Kafka, ZeroMQ, and Redis|Design, develop, and maintain high-performance distributed messaging libraries and networking components; implement scalable service discovery, message routing, and compression; maintain cross-language bindings and ensure API consistency|Competitive salary and benefits package including insurance coverage and growth opportunities",1.csv,Software Developer / Full Stack / Frontend / Backend,3.6,,0,Gurugram,Senior,False,,,IT Infrastructure Services - Other,DevOps / Cloud,
210926004797,Software Developer,IT Infrastructure Services - Other,IT Infrastructure Services,IT & Information Security,"Full Time, Permanent",IT Services & Consulting,12,15,12-15 Yrs,Persistent,Pune,,0.0,0.0,True,Not Disclosed,2026-09-21 11:31:18,"12-15 years experience in C++ with strong Qt and QML expertise|Design, develop, and maintain software applications using C++ and Qt; implement user stories, bug fixes, and unit tests; collaborate with architects and cross-functional teams in Agile environments|Competitive salary and benefits including health insurance, flexible work hours, and talent development opportunities",1.csv,Software Developer / Full Stack / Frontend / Backend,3.6,,0,Pune,Senior,False,,,IT Infrastructure Services - Other,DevOps / Cloud,
180826504219,Software Developer,Software Developer in Test (SDET),Quality Assurance and Testing,Engineering - Software & QA,"Full Time, Permanent",Pharmaceutical & Life Sciences,2,7,2-7 Yrs,Iqvia Biotech,Bengaluru,,0.0,0.0,True,Not Disclosed,2026-08-18 16:50:13,Designs / develops software solutions requiring general domain knowledge and developing business experience.  . Analyzes user requirements / needs and makes decisions within limited parameters under regular supervision.  |Typically requires 2 years of prior relevant experience,1.csv,Software Developer / Full Stack / Frontend / Backend,3.4,Computer science|Backend|Front end|Software Associate|Healthcare|Clinical research|Life sciences|Business development|Software solutions|Recruitment,10,Bengaluru,Entry,False,,,Software Developer in Test (SDET),Software Developer / Engineer,computer science|front end|business development|clinical research|software solutions|recruitment|healthcare|backend|life sciences|software associate
160726500983,Software Developer / Analyst,Software Development - Other,Software Development,Engineering - Software & QA,"Full Time, Permanent",IT Services & Consulting,4,9,4-9 Yrs,Varun Info Tech Consulting (opc),Remote,,0.0,0.0,True,Not Disclosed,2026-07-16 14:37:07,"Analysis,Design,and Development of Software Applications using various software languages and tools.  . Min Education: Bachelor in Computer or Information Technology or Engineering or Business or Science or related with 24 months experience|Travel required to customer locations across the U.S. to perform required tasks| or in alternate an Associate degree with 4 years of experience",1.csv,Software Developer / Full Stack / Frontend / Backend,,information technology|design|programmer|software engineer|software developer,5,Remote,Mid,False,,,Software Development - Other,Other IT,software developer|software engineer|design|programmer|information technology
160726500982,Software Developer / Analyst,Software Development - Other,Software Development,Engineering - Software & QA,"Full Time, Permanent",IT Services & Consulting,5,10,5-10 Yrs,Varun Info Tech Consulting (opc),Remote,,0.0,0.0,True,Not Disclosed,2026-07-16 14:37:07,"or in alternate a Bachelor degree with 5 years of experience|Travel required to customer locations across the U.S. to perform required tasks|Analysis,Design,and Development of Software Applications using various software languages and tools.  . Min Education: Master s in Computer or Information Technology or Engineering or Business or Science or related with 6 months experience",1.csv,Software Developer / Full Stack / Frontend / Backend,,information technology|design|programmer|software engineer|software developer,5,Remote,Mid,False,,,Software Development - Other,Other IT,software developer|software engineer|design|programmer|information technology
90926500918,Software Developer ( Spec-Driven AI-Assisted ),Software Developer in Test (SDET),Quality Assurance and Testing,Engineering - Software & QA,"Full Time, Permanent",IT Services & Consulting,3,7,3-7 Yrs,Techies Infotech,Ahmedabad,,0.0,0.0,True,Not Disclosed,2026-09-09 14:13:57,,1.csv,Software Developer / Full Stack / Frontend / Backend,4.1,cursor|developer tools|api development|copilot|github|ai|js|docker|microservices|nosql|cloud|ai tools|claude|node|automation|git|apis|devops|github copilot|aws|graphql|integrations|architecture|nosql databases,24,Ahmedabad,Mid,False,,,Software Developer in Test (SDET),Software Developer / Engineer,graphql|integrations|ai tools|devops|claude|api development|node|microservices|github copilot|nosql databases|cursor|javascript|git|nosql|apis|ai|copilot|docker|developer tools|aws|cloud|architecture|automation
30926928014,Software Developer,Software Developer in Test (SDET),Quality Assurance and Testing,Engineering - Software & QA,"Full Time, Permanent",Banking,3,5,3-5 Yrs,Bajaj Finance,Pune,,0.0,0.0,True,Not Disclosed,2026-09-03 17:17:30,"3+ years Salesforce Admin/Developer experience with strong Java and Apex skills, expertise in Salesforce APIs and integrations|Lead Salesforce CRM design, development, integration, support, and incident management; coordinate cross-functional teams and manage project milestones",1.csv,Software Developer / Full Stack / Frontend / Backend,3.9,Java|Compliance|Architecture|Finance|User Experience|Diagnostic|Restful|Soap|Devops|Marketing|Sales|Project Management|Skill Development|Service Delivery|Software Engineer|Automation Testing|Crm|Salesforce,18,Pune,Mid,False,,,Software Developer in Test (SDET),Software Developer / Engineer,salesforce|user experience|marketing|project management|automation testing|diagnostic|java|compliance|restful|skill development|service delivery|software engineer|crm|soap|finance|architecture|devops|sales
20926032668,Walk-in || Software Developer,Software Development - Other,Software Development,Engineering - Software & QA,"Full Time, Temporary/Contractual",IT Services & Consulting,4,6,4-6 Yrs,Vorizo Info Tech India,Hyderabad,,800000.0,1800000.0,False,8-18 Lacs,2026-09-02 18:10:16,"Software developers with 5+ years experience, candidates with up to 6 months career break, Hyderabad-based only|Meet in person at Hyderabad office for profile discussion and career support",1.csv,Software Developer / Full Stack / Frontend / Backend,,Application Programming|Software Development Life Cycle|Software Development Methodologies|Software Implementation|Software Design|Software Programming,6,Hyderabad,Mid,True,800000.0,1800000.0,Software Development - Other,Other IT,application programming|software development methodologies|software design|software development life cycle|software implementation|software programming
310321500155,Software Developer,Back End Developer,Software Development,Engineering - Software & QA,"Full Time, Permanent",Management Consulting,2,3,2-3 Yrs,Raviva Infotech,Mumbai,,0.0,0.0,True,Not Disclosed,2021-03-31 18:57:20,"Proven experience as a Software Developer,|Experience with software design and development in a test-driven environment . |Experience with databases and Object-Relational Mapping (ORM) frameworks (e.g",1.csv,Software Developer / Full Stack / Frontend / Backend,,Computer science|C++|Hibernate|Software design|GIT|Coding|Agile development|Javascript|Software development life cycle|Technical documentation,10,Mumbai,Entry,False,,,Back End Developer,Backend Developer,javascript|computer science|coding|technical documentation|software design|software development life cycle|hibernate|agile development|git|c++
290925004641,Software Developer - L&T Sargent & Lundy (CLS),IT & Information Security - Other,IT & Information Security - Other,IT & Information Security,"Full Time, Permanent",Power (Nuclear),3,6,3-6 Yrs,Larsen & Toubro (L&T),Vadodara,,0.0,0.0,True,Not Disclosed,2026-09-09 11:11:28,"Proven experience in C#, .NET Framework, .NET Core/.NET 8, and test-driven development|Design, develop, test, and maintain applications using backend technologies including ASP.NET MVC, Web API, Entity Framework, and LINQ",1.csv,Software Developer / Full Stack / Frontend / Backend,3.9,Dotnet Development|Net MVC|.NET|Net Development|ASP.NET|Angular|SQL,7,Vadodara,Mid,False,,,IT & Information Security - Other,Other IT,asp.net|net mvc|.net|net development|sql|dotnet development|angular
220926014691,Software Developer,Software Development - Other,Software Development,Engineering - Software & QA,"Full Time, Permanent",IT Services & Consulting,4,7,4-7 Yrs,Altimetrik,Bengaluru,,0.0,0.0,True,Not Disclosed,2026-09-22 13:08:56,"Strong expertise in C# .NET and AWS containerization (ECS/EKS); experience with Bitbucket, Jenkins/Argo/Octopus CI/CD tools, and monitoring tools like PagerDuty and Grafana|Develop and maintain backend services using .NET, manage CI/CD pipelines, support production environments, and work with databases and messaging queues",1.csv,Software Developer / Full Stack / Frontend / Backend,3.4,Dot net|kafka|jenkins|sql,4,Bengaluru,Mid,False,,,Software Development - Other,Other IT,sql|dot net|jenkins|kafka
210926013617,Software Developer,IT Infrastructure Services - Other,IT Infrastructure Services,IT & Information Security,"Full Time, Permanent",IT Services & Consulting,12,15,12-15 Yrs,Persistent,Bengaluru,,0.0,0.0,True,Not Disclosed,2026-09-21 14:03:09,"12-15 years experience in modern C++ with expertise in distributed messaging systems like Kafka, Pulsar, ZeroMQ and strong knowledge of Pub/Sub architectures and Redis Cluster|Design, develop, and maintain high-performance distributed messaging libraries and APIs; implement scalable service discovery, message routing, compression, and cross-language bindings; troubleshoot complex distributed system issues|Competitive salary and benefits including insurance, health check-ups, flexible work hours, and growth opportunities",1.csv,Software Developer / Full Stack / Frontend / Backend,3.6,,0,Bengaluru,Senior,False,,,IT Infrastructure Services - Other,DevOps / Cloud,
210926007613,Software Developer,IT Infrastructure Services - Other,IT Infrastructure Services,IT & Information Security,"Full Time, Permanent",IT Services & Consulting,5,8,5-8 Yrs,Persistent,Gurugram,Bengaluru,0.0,0.0,True,Not Disclosed,2026-09-21 12:32:08,"5-8 years experience in C/C++ development with expertise in LTE/EPC core network, MME, NAS and Diameter protocols|Develop and maintain telecom software modules, implement protocol enhancements, troubleshoot network issues, and collaborate with cross-functional teams|Competitive salary and benefits including health insurance, flexible work hours, and professional development opportunities",1.csv,Software Developer / Full Stack / Frontend / Backend,3.6,networking fundamental|LTE,2,Gurugram,Mid,False,,,IT Infrastructure Services - Other,DevOps / Cloud,lte|networking fundamental
170626500446,Software Developer,Software Developer in Test (SDET),Quality Assurance and Testing,Engineering - Software & QA,"Full Time, Permanent",Gaming,2,3,2-3 Yrs,RJ Softwares Apps Games AWS Experts,Durgapur,,0.0,0.0,True,Not Disclosed,2026-06-17 11:58:15,,1.csv,Software Developer / Full Stack / Frontend / Backend,1.6,Backend|CSS|Front end|GIT|Mobile development|Web technologies|Business Analyst|Cloud|HTML|Supervision,10,Durgapur,Entry,False,,,Software Developer in Test (SDET),Software Developer / Engineer,front end|html|business analyst|web technologies|supervision|cloud|backend|git|mobile development|css
120826505964,Software Developers,Full Stack Developer,Software Development,Engineering - Software & QA,"Full Time, Permanent",Banking,3,6,3-6 Yrs,Synergy Tech Solutions,Pune,,0.0,0.0,True,Not Disclosed,2026-08-12 18:49:05,,1.csv,Software Developer / Full Stack / Frontend / Backend,1.4,c#|emerging technologies|project management|software development|microsoft technologies|enterprise architecture|sql server|javascript|java|asp.net|software solutions|troubleshooting|.net|code review|agile|digital transformation|architecture,17,Pune,Mid,False,,,Full Stack Developer,Full Stack Developer,microsoft technologies|enterprise architecture|asp.net|emerging technologies|sql server|software development|project management|agile|java|code review|.net|architecture|software solutions|troubleshooting|javascript|digital transformation|c#
90426500181,Software Developer,Software Developer in Test (SDET),Quality Assurance and Testing,Engineering - Software & QA,"Full Time, Permanent",Biotechnology,2,5,2-5 Yrs,SMG Infosolutions,Ahmedabad,,0.0,0.0,True,Not Disclosed,2026-04-09 16:03:47,"We are looking for skilled Software Developers with experience in developing,enhancing,and maintaining business applications|Experience in developing,enhancing,and maintaining business applications.  .  Strong understanding of software development principles and methodologies.  |  .  Proficient in ASP.NET/.NET Core MVC development.",1.csv,Software Developer / Full Stack / Frontend / Backend,1.9,ASP.Net|MVC|Business applications|Facility management|Software solutions,5,Ahmedabad,Entry,False,,,Software Developer in Test (SDET),Software Developer / Engineer,mvc|asp.net|business applications|software solutions|facility management
80926008997,Software Developer,Back End Developer,Software Development,Engineering - Software & QA,"Full Time, Permanent",IT Services & Consulting,6,9,6-9 Yrs,Capgemini,Bengaluru,,0.0,0.0,True,Not Disclosed,2026-09-08 10:48:47,"Experience in C++ development on Linux with strong knowledge of data structures and memory management|Design, develop, test, and maintain software applications; collaborate with teams; participate in code reviews; troubleshoot technical issues",1.csv,Software Developer / Full Stack / Frontend / Backend,3.6,,0,Bengaluru,Mid,False,,,Back End Developer,Backend Developer,
80719500080,Software Developer,Back End Developer,Software Development,Engineering - Software & QA,"Full Time, Permanent",Advertising & Marketing,1,2,1-2 Yrs,Heresy Info Tech,Hyderabad,,0.0,0.0,True,Not Disclosed,2019-07-08 15:05:23,"Qualification: Any degree . Years of experience: 1-2 years . Job Type: Full Time . Salary: Competitive . |Willingness to learn new technologies|Good aptitude|Willingness to work in a startup environment|Experience in Python,Ruby or AngularJS",1.csv,Software Developer / Full Stack / Frontend / Backend,,NoSQL|MVC architecture|Javascript|Deployment|HTML|Open source|angularjs|Ruby|SQL|Python,10,Hyderabad,Entry,False,,,Back End Developer,Backend Developer,html|open source|deployment|mvc architecture|python|javascript|sql|nosql|ruby|angular
60626004781,Software Developer,Software Development - Other,Software Development,Engineering - Software & QA,"Full Time, Permanent",IT Services & Consulting,2,3,2-3 Yrs,Sis-bms Information Systems,Chennai,,0.0,0.0,True,Not Disclosed,2026-08-26 10:59:33,"Bachelor's in CS/IT with strong C#, ASP.NET, .NET Core, and SQL Server skills|Develop and optimize .NET web applications, design SQL databases, troubleshoot issues, integrate APIs, and collaborate with teams|Competitive compensation package",1.csv,Software Developer / Full Stack / Frontend / Backend,,C#|ASP.NET|React.js|.NET Core,4,Chennai,Entry,False,,,Software Development - Other,Other IT,.net core|react|asp.net|c#
50626503315,Software Developers,Software Developer in Test (SDET),Quality Assurance and Testing,Engineering - Software & QA,"Full Time, Permanent",IT Services & Consulting,2,4,2-4 Yrs,Tekplant Infotech,Chennai,,0.0,0.0,True,Not Disclosed,2026-06-05 16:34:29,"We are looking for skilled Software Developers with 2 to 7 years of experience to design,develop,test,and maintain software applications|  .  Proficient in one or more programming languages such as Java,Python,or C++.  .  Strong understanding of software development principles and methodologies.",1.csv,Software Developer / Full Stack / Frontend / Backend,,application software|python|c++|css|software development|software testing|version control|problem solving|javascript|jquery|java|design|troubleshooting|code review|html|agile|.net|technical documentation|asp.net|programming|communication skills,21,Chennai,Entry,False,,,Software Developer in Test (SDET),Software Developer / Engineer,agile|html|jquery|problem solving|application software|.net|programming|technical documentation|version control|software development|communication skills|code review|troubleshooting|python|c++|java|design|javascript|asp.net|software testing|css
20926033714,Software Developer,Back End Developer,Software Development,Engineering - Software & QA,"Full Time, Permanent",IT Services & Consulting,2,4,2-4 Yrs,Aetram Infotech,Chennai,,0.0,0.0,True,Not Disclosed,2026-09-02 18:39:38,"Experienced in C#, .NET, SQL Server, and Web & Windows Application Development|Develop and maintain .NET applications, write SQL queries, fix bugs, and improve performance",1.csv,Software Developer / Full Stack / Frontend / Backend,2.8,ASp.net|SQL,2,Chennai,Entry,False,,,Back End Developer,Backend Developer,sql|asp.net
10926933274,Software Developer (AI and Data Platform),Software Developer in Test (SDET),Quality Assurance and Testing,Engineering - Software & QA,"Full Time, Permanent",IT Services & Consulting,7,9,7-9 Yrs,Infosys,Bengaluru,,0.0,0.0,True,Not Disclosed,2026-09-01 17:52:39,"Exposure to LLM applications,Azure OpenAI,OCR / Document Processing,SAP integrations,MLflow,and Azure ML is preferred.  |Bachelor Of Comp|Bachelor Of Science. |Bachelor of Engineering. |Bachelor Of Technology.",1.csv,Software Developer / Full Stack / Frontend / Backend,3.5,Automation|Azure|Ai Solutions|Api Development|Artificial Intelligence|Automated Testing|Azure Openai|Azure Iot|Analytics|Azure Services|Azure Ml|Ai Models|Azure Cloud|Azure Functions|Blob Storage|Application Insights,16,Bengaluru,Senior,False,,,Software Developer in Test (SDET),Software Developer / Engineer,azure iot|ai solutions|artificial intelligence|azure|analytics|azure cloud|azure functions|api development|blob storage|application insights|azure openai|azure services|automated testing|automation|azure ml|ai models
301025500679,Software Developer,Software Developer in Test (SDET),Quality Assurance and Testing,Engineering - Software & QA,"Full Time, Permanent",Industrial Equipment / Machinery,3,5,3-5 Yrs,KSB,Pune,,0.0,0.0,True,Not Disclosed,2025-10-30 12:11:30,BE / BTech with minimum 3-5 years experience . minimum 3-5 years experience| . Should possess very good knowledge in the areas of:  . .,1.csv,Software Developer / Full Stack / Frontend / Backend,3.7,Analytical skills|Training|MS SQL|GIT|Eclipse|Subversion|Deployment|Application development|Visual Studio|Object oriented programming,10,Pune,Mid,False,,,Software Developer in Test (SDET),Software Developer / Engineer,eclipse|application development|training|analytical skills|ms sql|subversion|visual studio|deployment|object oriented programming|git
280426502058,Software Developer,Software Developer in Test (SDET),Quality Assurance and Testing,Engineering - Software & QA,"Full Time, Permanent",Accounting / Auditing,1,6,1-6 Yrs,Proowrx,Jaipur,,0.0,0.0,True,Not Disclosed,2026-04-28 17:42:22,Chance to build products that are actively used inside the business . What We re Looking Fo r . Minimum 1 year of software development experience |Preferred Technical Skills | Do you have 1+ year of experience and want to do more than just follow tickets or write routine code? |Good communication and collaboration skills .,1.csv,Software Developer / Full Stack / Frontend / Backend,3.8,Automation|Data analysis|Coding|Postgresql|MySQL|Javascript|PHP|Workflow|SQL|Python,10,Jaipur,Entry,False,,,Software Developer in Test (SDET),Software Developer / Engineer,javascript|coding|workflow|python|postgresql|php|mysql|sql|automation|data analysis
270326503914,Software Developer,Full Stack Developer,Software Development,Engineering - Software & QA,"Full Time, Permanent",IT Services & Consulting,3,8,3-8 Yrs,Silent Infotech,Ahmedabad,,0.0,0.0,True,Not Disclosed,2026-07-17 16:10:24,,1.csv,Software Developer / Full Stack / Frontend / Backend,2.2,Analytical skills|Web services|Database design|Javascript|Programming|Application software|Object oriented programming|Software solutions|Team building|Python,10,Ahmedabad,Mid,False,,,Full Stack Developer,Full Stack Developer,web services|analytical skills|database design|application software|software solutions|team building|programming|python|object oriented programming|javascript
240826029290,Autosar Base Software Developer,Software Development - Other,Software Development,Engineering - Software & QA,"Full Time, Permanent",IT Services & Consulting,3,5,3-5 Yrs,HCLTech,Bengaluru,,0.0,0.0,True,Not Disclosed,2026-09-01 03:45:10,"Bachelor's or Master's in Electronics/Electrical/ECE with AUTOSAR base software development experience and proficiency in C/C++, AUTOSAR tools like ISOLAR and DaVinci|Design, develop, integrate, and maintain AUTOSAR base software components including OS, drivers, and middleware; perform testing and debugging using tools like Lauterbach and Trace32; analyze requirements and ensure compliance with standards",1.csv,Software Developer / Full Stack / Frontend / Backend,3.4,RTOS|LIN|CAN|Isolar|C++|Davinci|I2C|SPI,8,Bengaluru,Mid,False,,,Software Development - Other,Other IT,isolar|rtos|can|i2c|lin|davinci|spi|c++
240426501804,Software Developer C++,Full Stack Developer,Software Development,Engineering - Software & QA,"Full Time, Permanent",IT Services & Consulting,1,3,1-3 Yrs,Isarva Infotech,Bengaluru,,0.0,0.0,True,Not Disclosed,2026-04-24 15:40:42,Proficiency in C++ programming language.  .  Strong understanding of software development principles and methodologies.,1.csv,Software Developer / Full Stack / Frontend / Backend,4.9,emerging technologies|c++|project management|c|software development|version control|problem solving|machine learning|artificial intelligence|java|troubleshooting|code review|agile|programming|communication skills|architecture,16,Bengaluru,Entry,False,,,Full Stack Developer,Full Stack Developer,artificial intelligence|emerging technologies|version control|software development|project management|machine learning|agile|problem solving|java|communication skills|code review|architecture|programming|troubleshooting|c++
240125501203,Software Developer,Software Development - Other,Software Development,Engineering - Software & QA,"Full Time, Permanent",IT Services & Consulting,1,5,1-5 Yrs,Dcode Infotech Kolkata,Kolkata,,0.0,0.0,True,Not Disclosed,2025-01-24 12:50:52,,1.csv,Software Developer / Full Stack / Frontend / Backend,,c++|css|hibernate|jquery|sql|spring|java|oops|html|data structures|mysql|asp.net|programming|c#|rest|interfaces|python|software development|system testing|system design|engineering|javascript|sql server|software programming|spring boot|.net,26,Kolkata,Entry,False,,,Software Development - Other,Other IT,html|jquery|.net|interfaces|spring|programming|data structures|software development|python|c#|c++|hibernate|sql|java|spring boot|system design|engineering|rest|javascript|system testing|asp.net|sql server|software programming|mysql|oops|css
230725501199,Software Developer,Software Developer in Test (SDET),Quality Assurance and Testing,Engineering - Software & QA,"Full Time, Permanent",Industrial Equipment / Machinery,3,5,3-5 Yrs,KSB,Pune,,0.0,0.0,True,Not Disclosed,2025-07-23 15:42:47,. Qualification:  BE /BTech with minimum 3-5 years experience | . Should possess very good knowledge in the areas of:  . .,1.csv,Software Developer / Full Stack / Frontend / Backend,3.7,Analytical skills|MS SQL|GIT|Eclipse|Subversion|Debugging|Deployment|Application development|Visual Studio|Object oriented programming,10,Pune,Mid,False,,,Software Developer in Test (SDET),Software Developer / Engineer,eclipse|application development|debugging|analytical skills|ms sql|subversion|visual studio|deployment|object oriented programming|git
210726503837,Software Developer,Software Developer in Test (SDET),Quality Assurance and Testing,Engineering - Software & QA,"Full Time, Permanent",Advertising & Marketing,5,10,5-10 Yrs,WPP,Chennai,,0.0,0.0,True,Not Disclosed,2026-07-21 16:07:24,"WPP ET is undergoing a significant transformation to modernise ways of working,shift to cloud-based and micro-service architectures,increase automation,and digitise colleague and client experiences|Experience with Agile development methodologies and modern engineering practices (code reviews,version control,DevOps workflows). Professional Analytical Skills",1.csv,Software Developer / Full Stack / Frontend / Backend,3.0,Automation|Data migration|Version control|Debugging|Microsoft Dynamics|Continuous improvement|Downstream|SQL|Recruitment|Technical documentation,10,Chennai,Mid,False,,,Software Developer in Test (SDET),Software Developer / Engineer,continuous improvement|technical documentation|version control|debugging|recruitment|downstream|microsoft dynamics|sql|automation|data migration
190723502358,Software Developer,Software Development - Other,Software Development,Engineering - Software & QA,"Full Time, Permanent",Software Product,2,3,2-3 Yrs,Microbi Infotech,Bengaluru,,0.0,0.0,True,Not Disclosed,2023-07-19 18:32:29,,1.csv,Software Developer / Full Stack / Frontend / Backend,,ADO.Net|Performance tuning|MS SQL|Multithreading|Coding|Configuration management|SSRS|E-governance|Data structures|Unit testing,10,Bengaluru,Entry,False,,,Software Development - Other,Other IT,ado.net|coding|multithreading|ssrs|unit testing|ms sql|performance tuning|configuration management|e-governance|data structures
181124501716,Avionics Software Developer,Software Developer in Test (SDET),Quality Assurance and Testing,Engineering - Software & QA,"Full Time, Permanent",Biotechnology,3,7,3-7 Yrs,Thales,Bengaluru,,0.0,0.0,True,Not Disclosed,2024-11-18 12:31:05,"Should has good understanding of data structures,Object Oriented Programming (OOPs),GIT Hub configuration management etc|Contribute to the requirement definition,to the software design and you will be involved with the architectural aspects of the software projects .",1.csv,Software Developer / Full Stack / Frontend / Backend,3.4,C++|Software design|Coding|Configuration management|Agile|Data structures|Scrum|Internship|SDLC|Embedded software,10,Bengaluru,Mid,False,,,Software Developer in Test (SDET),Software Developer / Engineer,sdlc|coding|embedded software|agile|software design|configuration management|scrum|data structures|internship|c++
181024502733,Software Developer,Software Development - Other,Software Development,Engineering - Software & QA,"Full Time, Permanent",IT Services & Consulting,2,4,2-4 Yrs,Tirupati Software Infotech,Tirupati,,0.0,0.0,True,Not Disclosed,2024-10-18 16:58:54,,1.csv,Software Developer / Full Stack / Frontend / Backend,4.5,c++|css|hibernate|jquery|sql|spring|java|oops|html|data structures|mysql|asp.net|programming|c#|rest|interfaces|python|software development|c|system testing|system design|engineering|javascript|sql server|software programming|spring boot|.net,27,Tirupati,Entry,False,,,Software Development - Other,Other IT,html|jquery|.net|interfaces|spring|programming|data structures|software development|python|c#|c++|hibernate|sql|java|spring boot|system design|engineering|rest|javascript|system testing|asp.net|sql server|software programming|mysql|oops|css
180926014254,Walk-in || Software Developer,Other,Other,Other,"Full Time, Permanent",Ports & Shipping,4,5,4-5 Yrs,Executive Ship Management (ESM),Chennai,,0.0,0.0,True,Not Disclosed,2026-09-18 12:21:44,"Experience in ASP.NET (C#) development, expertise in Telerik UI Controls and Reporting, strong SQL Server optimization skills|Develop enterprise web applications, design dashboards and reports, optimize databases, maintain source code with Git/Azure DevOps, and collaborate with QA and support teams",1.csv,Software Developer / Full Stack / Frontend / Backend,4.0,C#,1,Chennai,Mid,False,,,Other,Other IT,c#
170723500462,Software developer,Software Development - Other,Software Development,Engineering - Software & QA,"Full Time, Permanent",IT Services & Consulting,2,3,2-3 Yrs,Webilesk Infotech,Chennai,,0.0,0.0,True,Not Disclosed,2024-11-25 18:20:30,,1.csv,Software Developer / Full Stack / Frontend / Backend,4.7,Front end|Web technologies|Javascript|PHP|JPEG|MVC|SQL|CSS3,8,Chennai,Entry,False,,,Software Development - Other,Other IT,mvc|front end|sql|css3|web technologies|php|javascript|jpeg
170225504591,Software Developer,Software Development - Other,Software Development,Engineering - Software & QA,"Full Time, Permanent",Education / Training,8,13,8-13 Yrs,Genesys Academy Of Computer Science,Puducherry,,0.0,0.0,True,Not Disclosed,2025-02-17 17:37:07,,1.csv,Software Developer / Full Stack / Frontend / Backend,3.8,Printing|Typesetting|Shaping|Software solutions,4,Puducherry,Senior,False,,,Software Development - Other,Other IT,shaping|typesetting|printing|software solutions
81024502244,Software Developer,Software Development - Other,Software Development,Engineering - Software & QA,"Full Time, Permanent",IT Services & Consulting,2,5,2-5 Yrs,Handshek Infotech,Patna,,0.0,0.0,True,Not Disclosed,2024-10-08 17:53:03,,1.csv,Software Developer / Full Stack / Frontend / Backend,,C,1,Patna,Entry,False,,,Software Development - Other,Other IT,
70826504591,Software Developer,Software Developer in Test (SDET),Quality Assurance and Testing,Engineering - Software & QA,"Full Time, Permanent",IT Services & Consulting,2,5,2-5 Yrs,Simbesi Technosoft,Guntur,,0.0,0.0,True,Not Disclosed,2026-08-07 16:59:35,Experience with database management systems and querying languages like SQL.,1.csv,Software Developer / Full Stack / Frontend / Backend,5.0,emerging technologies|python|debug|software development|version control|agile development|programming languages|code quality|sql|database management|git|java|agile|software developer|programming,15,Guntur,Entry,False,,,Software Developer in Test (SDET),Software Developer / Engineer,database management|code quality|emerging technologies|version control|software development|programming languages|agile|software developer|java|agile development|debug|programming|python|git|sql
70826504035,software developers,Software Developer in Test (SDET),Quality Assurance and Testing,Engineering - Software & QA,"Full Time, Permanent",IT Services & Consulting,1,4,1-4 Yrs,Hyperdrive Infotech,Bengaluru,,0.0,0.0,True,Not Disclosed,2026-08-07 16:57:09,Understand object oriented programming principles.  . Have good understanding of data structures.  . Are able to apply programming logic to complex situations.  . Can create good user interface implementation. Can work with win-form application development in C#|Important : We are not looking for specific experience or specific educational qualifications,1.csv,Software Developer / Full Stack / Frontend / Backend,1.1,container|software development|bakery|blogs|costing|programming principles|retail|sales|user interface|application development|cloud|pos|data structures|food costing|software developer|finance|programming,17,Bengaluru,Entry,False,,,Software Developer in Test (SDET),Software Developer / Engineer,application development|container|software developer|software development|costing|blogs|bakery|programming|pos|retail|programming principles|cloud|finance|data structures|user interface|food costing|sales
60526500892,AUTOSAR SOFTWARE DEVELOPER,Software Developer in Test (SDET),Quality Assurance and Testing,Engineering - Software & QA,"Full Time, Permanent",Automobile,3,5,3-5 Yrs,HELLA,Pune,,0.0,0.0,True,Not Disclosed,2026-05-06 15:22:22,,1.csv,Software Developer / Full Stack / Frontend / Backend,3.7,AUTOSAR|Embedded C|C++|Software design|Change management|Communication protocols|Application development|SPI|Automotive|Testing,10,Pune,Mid,False,,,Software Developer in Test (SDET),Software Developer / Engineer,application development|software design|spi|autosar|testing|change management|automotive|embedded c|c++|communication protocols
30718501000,Software Developer,Back End Developer,Software Development,Engineering - Software & QA,"Full Time, Permanent",Film / Music / Entertainment,5,10,5-10 Yrs,Quality Zone Infotech,Noida,,0.0,0.0,True,Not Disclosed,2018-07-03 18:18:53,"Should be MSc- IT,BE - Computers,MCA with minimum 5+ Years exp|Proven software development experience in PHP|Good knowledge of relational databases|Salary: Negotiable - Depending Upon the Candidate Experience Industry: IT- Software / Software Services",1.csv,Software Developer / Full Stack / Frontend / Backend,4.7,Internet technologies|MIN|Program Executive|E-commerce|Business Executive|Software services|Core PHP,7,Noida,Mid,False,,,Back End Developer,Backend Developer,internet technologies|core php|min|software services|e-commerce|business executive|program executive
30626505133,Software Developer,Software Developer in Test (SDET),Quality Assurance and Testing,Engineering - Software & QA,"Full Time, Permanent",Education / Training,3,8,3-8 Yrs,Chegg,Remote,,0.0,0.0,True,Not Disclosed,2026-06-03 18:26:10,,1.csv,Software Developer / Full Stack / Frontend / Backend,4.2,Coding|SAAS|Postgresql|MySQL|Javascript|Workflow|Scheduling|HTTP|Analytics|CSS3,10,Remote,Mid,False,,,Software Developer in Test (SDET),Software Developer / Engineer,scheduling|javascript|coding|analytics|workflow|postgresql|css3|saas|http|mysql
11225504702,Angular Software Developer,Software Developer in Test (SDET),Quality Assurance and Testing,Engineering - Software & QA,"Full Time, Permanent",IT Services & Consulting,1,6,1-6 Yrs,Tirupati Software Infotech,Tirupati,,0.0,0.0,True,Not Disclosed,2025-12-01 18:26:32,"Laptop,Mobile,2-Wheeler for Work Relavent Purpose. Graduation fro IT / Technical Background (MCA / M.tech,BCA / BTech). Certficate of Development Course from well knnow institutes.  |The Candidate Must Have Following Requirement as Mandatory . One Year Angular Project Development (Angualr+Post Gre SqL Database). |Candidate Must able to Work Form Office. .",1.csv,Software Developer / Full Stack / Frontend / Backend,4.5,css|c++|hibernate|jquery|sql|spring|java|oops|json|html|mysql|data structures|mvc|asp.net|programming|c#|python|software development|c|project development|javascript|sql server|angular|spring boot|.net|sql database,26,Tirupati,Entry,False,,,Software Developer in Test (SDET),Software Developer / Engineer,json|html|jquery|.net|spring|programming|data structures|software development|python|c#|c++|hibernate|sql|java|spring boot|sql database|javascript|mvc|asp.net|sql server|project development|mysql|oops|css|angular
160926501825,Software Developer / Software Engineer,Software Development - Other,Software Development,Engineering - Software & QA,"Full Time, Permanent",Software Product,1,3,1-3 Yrs,Logic Research Labs,Kumbakonam,,0.0,0.0,True,Not Disclosed,2026-09-16 17:26:11,,1.csv,Software Developer / Full Stack / Frontend / Backend,4.8,Backend|Front end|Coding|Focus|Debugging|Manager Technology|Application software|Software solutions|Testing,9,Kumbakonam,Entry,False,,,Software Development - Other,Other IT,front end|coding|manager technology|debugging|software solutions|application software|testing|focus|backend
210926503961,Junior Software Developer,Blockchain Quality Assurance Engineer,Quality Assurance and Testing,Engineering - Software & QA,"Full Time, Permanent",IT Services & Consulting,0,2,0-2 Yrs,Allerin Tech,Navi Mumbai,,,,False,Unpaid,2026-09-21 16:32:25,. What you must arrive with . We do not require a particular degree and we are not filtering on your college. You can already program in something|See the GitHub requirement below,1.csv,Software Developer / Full Stack / Frontend / Backend,1.6,cloud|github|data platforms|computer vision|ai|software developer|iot,7,Mumbai,Entry,True,,,Blockchain Quality Assurance Engineer,QA / Test Engineer,ai|data platforms|software developer|iot|computer vision|cloud|git
180926503212,Junior Software Developer,Blockchain Quality Assurance Engineer,Quality Assurance and Testing,Engineering - Software & QA,"Full Time, Permanent",IT Services & Consulting,0,2,0-2 Yrs,Allerin Tech,Mumbai,,,,False,Unpaid,2026-09-18 17:51:44,. What you must arrive with . We do not require a particular degree and we are not filtering on your college. You can already program in something|See the GitHub requirement below,1.csv,Software Developer / Full Stack / Frontend / Backend,1.6,cloud|github|data platforms|computer vision|ai|software developer|iot,7,Mumbai,Entry,True,,,Blockchain Quality Assurance Engineer,QA / Test Engineer,ai|data platforms|software developer|iot|computer vision|cloud|git
100926015372,Software Developer,Full Stack Developer,Software Development,Engineering - Software & QA,"Full Time, Permanent",FMCG,4,6,4-6 Yrs,Dharampal Satyapal Group (DS Group),Noida,,0.0,0.0,True,Not Disclosed,2026-09-14 16:16:52,"45 years experience in Full Stack development with React, Node.js, .NET/.NET Core, Python and AI-assisted tools|Design, develop, test, deploy and maintain scalable web and enterprise applications; develop backend REST APIs; create responsive frontend with React; integrate APIs and databases; troubleshoot and ensure secure coding",1.csv,Software Developer / Full Stack / Frontend / Backend,4.0,Fullstack Development|rest api|MongoDB|mssql|Python|.NET Core,6,Noida,Mid,False,,,Full Stack Developer,Full Stack Developer,mssql|fullstack development|rest api|python|mongodb|.net core
230926043058,Data Analyst,Data Analyst,Business Intelligence & Analytics,Data Science & Analytics,"Full Time, Permanent",Internet (E-Commerce),0,5,0-5 Yrs,Esskay International,Mumbai (All Areas),,250000.0,375000.0,False,2.5-3.75 Lacs,2026-09-23 20:07:35,"Advanced MS Excel skills including VLOOKUP/XLOOKUP, Pivot Tables, Power Query; basic SQL and Power BI preferred|Analyze complex data sets, design and maintain dashboards, ensure data quality and governance, collaborate with teams for data integration|Additional performance incentives offered",2.csv,Data Analyst,4.7,Dashboards|Digital Analytics,2,Mumbai,Entry,True,250000.0,375000.0,Data Analyst,Data Analyst,dashboards|digital analytics
230926000040,Data Analyst,Data Science & Analytics - Other,Data Science & Analytics - Other,Data Science & Analytics,"Full Time, Permanent",IT Services & Consulting,0,3,0-3 Yrs,Vgen Software Solutions,Coimbatore,,0.0,0.0,True,Not Disclosed,2026-09-23 00:10:21,"Bachelor's degree in related field with 1-4 years experience; strong skills in Advanced Excel (VLOOKUP, INDEX-MATCH, Power Query), Power BI dashboarding, and SQL querying|Analyze large datasets, prepare reports and dashboards, perform data cleaning and validation, write SQL queries, collaborate with stakeholders",2.csv,Data Analyst,,Data Cleansing|Data Extraction|Machine Learning|Statistics|Data Manipulation|Data Processing|Data Analytics|Data Reporting,8,Coimbatore,Entry,False,,,Data Science & Analytics - Other,Other IT,data analytics|machine learning|data manipulation|statistics|data extraction|data cleansing|data reporting|data processing
190626020642,Data Analyst,Data Science & Analytics - Other,Data Science & Analytics - Other,Data Science & Analytics,"Full Time, Permanent",Emerging Technologies (AI/ML),0,3,0-3 Yrs,Leaz Edutech,Bengaluru,,375000.0,875000.0,False,3.75-8.75 Lacs,2026-09-19 06:35:18,"3+ years in data analytics with expertise in SQL, Python, Power BI, cloud environments (Databricks, AWS), and statistical/machine learning techniques|Provide data-driven insights, conduct investigative research, ensure compliance, support data quality and governance, collaborate with data science teams to enhance capabilities|Salary 13-16 lacs annually (Fixed + Incentive)",2.csv,Data Analyst,,Power BI|Artificial Intelligence|Data Visualization|Machine Learning|SQL|Python,6,Bengaluru,Entry,True,375000.0,875000.0,Data Science & Analytics - Other,Other IT,artificial intelligence|machine learning|data visualization|power bi|python|sql
220926030919,Data Analyst (English Required),Data Science & Analytics - Other,Data Science & Analytics - Other,Data Science & Analytics,"Part Time, Freelance/Homebased",IT Services & Consulting,0,5,0-5 Yrs,Peroptyx,Delhi / NCR,,0.0,0.0,True,Not Disclosed,2026-09-22 15:43:11,"Fluent in English with excellent research skills and strong local knowledge of India; experience with India Post Pin Codes and street view applications required|Review and validate mapping data, verify business details and route accuracy to improve navigation|Competitive pay with flexible hours and work-from-home convenience",2.csv,Data Analyst,3.4,English|Data Analytics|Data Mapping,3,Delhi/NCR,Entry,False,,,Data Science & Analytics - Other,Other IT,data analytics|english|data mapping
230926930158,Data Analyst,Data Analyst,Business Intelligence & Analytics,Data Science & Analytics,"Full Time, Permanent",Automobile,5,10,5-10 Yrs,Ford Business Solutions,Chennai,,0.0,0.0,True,Not Disclosed,2026-09-23 16:52:40,"Bachelor's degree with 5+ years in descriptive analytics and experience in Flow Craft, Power BI, Python, and Alteryx migration|Maintain dashboards, migrate workflows from Alteryx to Flow Craft/Python, convert Qlik Sense dashboards to Power BI, and support automation using Python/Power Automate",2.csv,Data Analyst,4.0,Visualization|Automation|Power Bi|Craft|Qlik Sense|Workflows|Sigma|Dashboard|Data Analyst|Analytics|Six Sigma|Gcp|Data Flow|Data Visualization|Power Automate|Qlik|Data Analytics|Python,18,Chennai,Mid,False,,,Data Analyst,Data Analyst,data analytics|qlik|data flow|analytics|gcp|power automate|python|craft|data visualization|power bi|workflows|sigma|dashboard|data analyst|visualization|six sigma|automation|qlik sense
230926020391,Data Analyst,Data Science & Analytics - Other,Data Science & Analytics - Other,Data Science & Analytics,"Full Time, Permanent",Analytics / KPO / Research,1,6,1-6 Yrs,Adani Group,Ahmedabad,,0.0,0.0,True,Not Disclosed,2026-09-23 13:23:10,"Experience in audit findings tracking, stakeholder management, and governance coordination with skills in Excel, Power BI, and data analytics|Track and coordinate audit findings closure, manage stakeholder reporting and alignment, monitor project deliverables and partner SLAs, and support governance initiatives",2.csv,Data Analyst,3.8,Data Analytics,1,Ahmedabad,Entry,False,,,Data Science & Analytics - Other,Other IT,data analytics
230926025244,Data Analyst - Walk In Drive - Friday,Data Science & Analytics - Other,Data Science & Analytics - Other,Data Science & Analytics,"Full Time, Permanent",Internet,0,3,0-3 Yrs,Simply Vyapar Apps,Bengaluru,,500000.0,1000000.0,False,5-10 Lacs,2026-09-23 15:19:17,"2-4 years experience in data analysis with expertise in SQL, Python, statistical techniques like A/B Testing and Regression Analysis|Interpret data, develop dashboards, KPI reporting, maintain databases, and collaborate on data visualization",2.csv,Data Analyst,3.6,Power BI,1,Bengaluru,Entry,True,500000.0,1000000.0,Data Science & Analytics - Other,Other IT,power bi
240926029605,Data Analyst,Business Intelligence & Analytics - Other,Business Intelligence & Analytics,Data Science & Analytics,"Full Time, Permanent",Financial Services,4,7,4-7 Yrs,ICICI Lombard,Mumbai,,1500000.0,3000000.0,False,15-30 Lacs,2026-09-24 16:29:23,"Bachelor’s/Master’s in Engineering or related fields with strong SQL, Python/R, and Power BI/Tableau skills|Analyze sales funnels, build dashboards, generate insights from large datasets, support regulatory reporting, and collaborate with business teams",2.csv,Data Analyst,3.5,Tableau|Data Analytics,2,Mumbai,Mid,True,1500000.0,3000000.0,Business Intelligence & Analytics - Other,Other IT,data analytics|tableau
100926013955,Data Analyst,Data Science & Analytics - Other,Data Science & Analytics - Other,Data Science & Analytics,"Full Time, Permanent",Pharmaceutical & Life Sciences,1,3,1-3 Yrs,Thyrocare,Bengaluru,,700000.0,900000.0,False,7-9 Lacs,2026-09-23 13:46:18,"1-3 years experience in data analysis with proficiency in SQL and data visualization tools like Tableau or Power BI|Gather business requirements, clean and explore data, create reports and dashboards, automate recurring tasks, and share actionable insights",2.csv,Data Analyst,3.7,Predictive Modeling|Decision Tree|Artificial Intelligence|Regression|Statistics|Forecasting|Random Forest|Xgboost|Predictive|Classification|Data Analysis|Time Series|Data Analytics|Predictive Analytics,14,Bengaluru,Entry,True,700000.0,900000.0,Data Science & Analytics - Other,Other IT,data analytics|artificial intelligence|random forest|regression|predictive|predictive modeling|predictive analytics|decision tree|xgboost|classification|statistics|forecasting|time series|data analysis
170926027097,Data Analyst,Data Science & Analytics - Other,Data Science & Analytics - Other,Data Science & Analytics,"Full Time, Permanent",IT Services & Consulting,0,4,0-4 Yrs,Extension Technologies Faridabad,Faridabad,,100000.0,600000.0,False,1-6 Lacs,2026-09-17 16:11:26,"Bachelor's degree in Data Science, Statistics, Mathematics, Computer Science or related field with 2+ years experience; expertise in Zoho CRM, Zoho Analytics, ERP systems, and advanced SQL|Collect, clean, and analyze data from Zoho, CRM, ERP; develop dashboards with Power BI, Tableau, Zoho Analytics; create automated data pipelines; track KPIs and present insights to stakeholders",2.csv,Data Analyst,1.9,Data Analysis|Tableau|Data Analytics,3,Faridabad,Entry,True,100000.0,600000.0,Data Science & Analytics - Other,Other IT,data analytics|tableau|data analysis
150926502828,Data Analyst,Data Analyst,Business Intelligence & Analytics,Data Science & Analytics,"Full Time, Permanent",IT Services & Consulting,0,2,0-2 Yrs,AVA Technology,Hybrid,,0.0,0.0,True,Not Disclosed,2026-09-15 15:23:47,,2.csv,Data Analyst,4.8,python|macros|data analysis|data analytics|sas|natural language processing|data mining|predictive analytics|machine learning|sql|analytics|excel|tableau|r|data science|vba|predictive modeling|data visualization|statistics,19,Hybrid,Entry,False,,,Data Analyst,Data Analyst,data analytics|machine learning|nlp|analytics|sas|data mining|tableau|data visualization|macros|predictive modeling|predictive analytics|excel|vba|statistics|python|sql|data analysis|data science
110926024557,Data Analyst (English Required),Data Science & Analytics - Other,Data Science & Analytics - Other,Data Science & Analytics,"Part Time, Freelance/Homebased",IT Services & Consulting,0,5,0-5 Yrs,Peroptyx,Mumbai (All Areas),,0.0,0.0,True,Not Disclosed,2026-09-11 21:46:07,"Fluent in English with excellent research skills and local knowledge of India; experience with India Post Pin Codes and street view applications required|Review and validate mapping data, verify business details and route accuracy to improve navigation|Competitive pay with flexible hours and work-from-home convenience",2.csv,Data Analyst,3.4,English|Data Analytics|Data Mapping,3,Mumbai,Entry,False,,,Data Science & Analytics - Other,Other IT,data analytics|english|data mapping
180926504848,Data Analyst,Data Analyst,Business Intelligence & Analytics,Data Science & Analytics,"Full Time, Permanent",Biotechnology,0,1,0-1 Yrs,Paarsh Infotech,Nashik,,0.0,0.0,True,Not Disclosed,2026-09-18 18:10:30,,2.csv,Data Analyst,2.2,Data analysis|tableau|Analytical|MySQL|Strategic planning|Data Analyst|Python,7,Nashik,Entry,False,,,Data Analyst,Data Analyst,analytical|strategic planning|tableau|data analyst|python|mysql|data analysis
230926038405,Data Analyst,Data Analyst,Business Intelligence & Analytics,Data Science & Analytics,"Full Time, Temporary/Contractual",IT Services & Consulting,1,3,1-3 Yrs,First American,Bengaluru,,300000.0,400000.0,False,3-4 Lacs,2026-09-23 18:25:50,"1-3 years experience with React.js, JavaScript (ES6+), Python, and SQL|Build, test, and maintain responsive web applications; translate business requirements into scalable solutions; collaborate in Agile teams; troubleshoot and document technical processes",2.csv,Data Analyst,3.5,Power BI|Data Visualization,2,Bengaluru,Entry,True,300000.0,400000.0,Data Analyst,Data Analyst,power bi|data visualization
140926017124,Data Analyst,Data Analyst,Business Intelligence & Analytics,Data Science & Analytics,"Full Time, Permanent",IT Services & Consulting,0,4,0-4 Yrs,Makkah Hypermarkets,Kozhikode,,200000.0,400000.0,False,2-4 Lacs,2026-09-14 16:30:58,"Bachelor’s degree in Statistics, Mathematics, Computer Science, Data Analytics, or related field with 2–4 years experience in data analysis and strong skills in Power BI, Excel (PivotTables, Power Query), and SQL|Collect, clean, and validate data; develop and maintain Excel reports and Power BI dashboards; track recruitment and financial metrics; analyze trends and performance gaps; prepare regular reports; automate reporting processes; ensure data accuracy and confidentiality",2.csv,Data Analyst,,Power BI|Data Visualization|Tableau|Data Warehousing|Dashboards|Data Analytics|SQL,7,Kozhikode,Entry,True,200000.0,400000.0,Data Analyst,Data Analyst,dashboards|data analytics|tableau|data visualization|data warehousing|power bi|sql
210926924199,Data Analyst - Power Transformer,Data Analyst,Business Intelligence & Analytics,Data Science & Analytics,"Full Time, Permanent",Power,2,7,2-7 Yrs,Hitachi Energy,Vadodara,,0.0,0.0,True,Not Disclosed,2026-09-21 17:29:07,"Graduate in Mechanical, Electrical or Data Science Engineering with 2-7 years experience, skilled in Microsoft SQL, Power BI, and Excel Power Automate|Create and automate data analysis systems, generate reports, analyze performance data, identify cost savings, and support engineering IT systems",2.csv,Data Analyst,4.0,data warehouse|python|transformers|case analysis|data analysis|data analytics|sap|networking skills|power bi|networking|programming languages|data analyst|sql|data science|compliance|it systems|power automate|programming,18,Vadodara,Entry,False,,,Data Analyst,Data Analyst,data analytics|networking|programming languages|power automate|sap|programming|it systems|compliance|power bi|networking skills|data warehouse|data analyst|python|sql|transformers|case analysis|data analysis|data science
210926014395,Data Analyst- Fixed Term Contract,Data Science & Analytics - Other,Data Science & Analytics - Other,Data Science & Analytics,"Part Time, Temporary/Contractual",Gaming,0,1,0-1 Yrs,Moonfrog Labs,Bengaluru,,0.0,0.0,True,Not Disclosed,2026-09-21 14:20:34,"1 year experience in Data Analytics with strong SQL skills and degree in Engineering, Mathematics, Statistics, Economics, or Computer Science|Analyze gaming data, write SQL queries, prepare reports and dashboards, monitor KPIs, support teams with data insights, and ensure data accuracy",2.csv,Data Analyst,3.3,Tableau|Python,2,Bengaluru,Entry,False,,,Data Science & Analytics - Other,Other IT,python|tableau
150225005334,Data Analyst,Data Analyst,Business Intelligence & Analytics,Data Science & Analytics,"Full Time, Temporary/Contractual",IT Services & Consulting,2,6,2-6 Yrs,Orcapod Consulting Services,Hyderabad,,300000.0,600000.0,False,3-6 Lacs,2026-09-25 11:38:34,"Postgraduate/MBA in Business, Strategy, or Commerce with 3-5 years in insights generation and dashboard/report development|Generate insights, create dashboards, develop reports for senior leaders, manage complex reporting projects, and handle stakeholder management",2.csv,Data Analyst,,VBA Excel|VBA|Data Visualization|Advanced Excel,4,Hyderabad,Entry,True,300000.0,600000.0,Data Analyst,Data Analyst,data visualization|vba excel|vba|advanced excel
240926019122,Data Analyst,Data Analyst,Business Intelligence & Analytics,Data Science & Analytics,"Full Time, Temporary/Contractual",BPM / BPO,3,6,3-6 Yrs,Swiggy,Bengaluru,,400000.0,600000.0,False,4-6 Lacs,2026-09-24 12:55:26,"Expert in advanced Excel functions (XLOOKUP, INDEX/MATCH, Let/Lambda), proficient in SQL query writing and data validation, skilled in Power BI dashboard design and DAX measures, experienced with AI tools for automation|Build and maintain scalable data reports, write efficient SQL queries, create visual dashboards, ensure data accuracy and error detection",2.csv,Data Analyst,3.7,Filters|Ai Techniques|Join|Advanced SQL Queries,4,Bengaluru,Mid,True,400000.0,600000.0,Data Analyst,Data Analyst,filters|ai techniques|advanced sql queries|join
100926034763,Data Analyst,Data Analyst,Business Intelligence & Analytics,Data Science & Analytics,"Full Time, Permanent",Miscellaneous,0,1,0-1 Yrs,Meredith India Services Private Limited (a People Inc. Subsidiary),Bengaluru,,0.0,0.0,True,Not Disclosed,2026-09-10 20:06:33,"Bachelor's degree or MBA with experience in digital advertising operations and campaign reporting, skilled in third-party ad servers like DCM and Digital Remedy|Manage end-to-end digital media campaign reporting, quality assurance, troubleshooting, billing, and coordination across multiple ad platforms",2.csv,Data Analyst,3.7,,0,Bengaluru,Entry,False,,,Data Analyst,Data Analyst,
210926000310,Walk-in || Data Analyst,Data Science & Analytics - Other,Data Science & Analytics - Other,Data Science & Analytics,"Full Time, Permanent",IT Services & Consulting,3,8,3-8 Yrs,Synapse Business Systems,Gurugram,Chennai,500000.0,1500000.0,False,5-15 Lacs,2026-09-21 02:53:13,"3-7 years experience in Data Analytics or related fields with advanced SQL and BI tool proficiency (Power BI, Tableau) and Python scripting|Design and maintain dashboards, optimize SQL queries, translate business needs into analytics, ensure data quality, and collaborate with stakeholders",2.csv,Data Analyst,3.3,Data Analytics,1,Gurugram,Mid,True,500000.0,1500000.0,Data Science & Analytics - Other,Other IT,data analytics
220926500050,Data Analyst,Data Analyst,Business Intelligence & Analytics,Data Science & Analytics,"Full Time, Permanent",IT Services & Consulting,0,3,0-3 Yrs,I2ispecialist Technologies,Pune,,0.0,0.0,True,Not Disclosed,2026-09-22 16:23:45,"Other: Knowledge of statistical methods and their application,Strong analytical and problem-solving skills,attention to detail,good communication skills,ability to work with large datasets . Disclaimer: This job posting has been aggregated from external source|Full-Time . | Experience: 0-3 Years",2.csv,Data Analyst,5.0,python|tableau|visualization|power bi|data visualization|data analyst|communication skills|sql,8,Pune,Entry,False,,,Data Analyst,Data Analyst,visualization|tableau|data visualization|communication skills|power bi|data analyst|python|sql
240926500960,Auth Fraud Supervisor- Data Analyst,Data Analyst,Business Intelligence & Analytics,Data Science & Analytics,"Full Time, Permanent",Government / Public Administration,6,11,6-11 Yrs,National%20institute%20for%20smart%20government,Bengaluru,,0.0,0.0,True,Not Disclosed,2026-09-24 16:46:55,Experience . - 6+ years of experience in fraud risk management with a strong focus on identity fraud analytics,2.csv,Data Analyst,3.7,model monitoring|analytics platforms|python|data querying|power bi|business analyst|random forest|machine learning|data analyst|analytics|advanced sql|fraud risk management|gradient boosting|dashboarding|looker|logistic regression,16,Bengaluru,Mid,False,,,Data Analyst,Data Analyst,dashboarding|random forest|looker|machine learning|analytics|logistic regression|business analyst|power bi|data querying|analytics platforms|model monitoring|data analyst|python|advanced sql|gradient boosting|fraud risk management
240926502518,Data Governance Analyst,Data Analyst,Business Intelligence & Analytics,Data Science & Analytics,"Full Time, Permanent",IT Services & Consulting,3,6,3-6 Yrs,INGRAM MICRO PLATFORM TECHNOLOGY INDIA PVT LTD,Mumbai,,0.0,0.0,True,Not Disclosed,2026-09-24 16:48:57,"The ideal candidate will have a strong understanding of master data,transactional data,reference data,and enterprise data ecosystems,along with the analytical skills required to identify trends,uncover risks,and communicate actionable insights to business stakeholders and data stewards.  . Key Responsibilities |Preferred Attributes",2.csv,Data Analyst,3.5,data analytics|business requirements|data platforms|auditing|process improvement|analytical skills|master data management|sql|analytics|data quality|stakeholder management|data governance|bigquery|audits|reference data,15,Mumbai,Mid,False,,,Data Analyst,Data Analyst,process improvement|data analytics|data quality|data governance|bigquery|data platforms|analytics|audits|stakeholder management|reference data|analytical skills|auditing|sql|business requirements|master data management
160926012913,Data Analyst,Procurement & Supply Chain - Other,Procurement & Supply Chain - Other,Procurement & Supply Chain,"Full Time, Temporary/Contractual",Pharmaceutical & Life Sciences,5,10,5-10 Yrs,Randstad,Hyderabad,,0.0,0.0,True,Not Disclosed,2026-09-16 11:48:02,"Expertise in SAP (ERP, BW, Lumira), Power BI, R, Python, SAS, and data mining/statistical tools with knowledge of Big Data and machine learning|Support global supply chain data consolidation, implement data management systems, develop analytics solutions, maintain reporting tools, manage digital tool implementation, engage stakeholders, and participate in global projects",2.csv,Data Analyst,,Business Intelligence|Supply Chain Analytics|BI|Data Analyst|Warehouse Management System|Supply Chain|Data Analytics Manager|Manager Supply Chain Analytics|Data Modeling|WMS|Python,11,Hyderabad,Mid,False,,,Procurement & Supply Chain - Other,Other IT,supply chain|supply chain analytics|wms|manager supply chain analytics|data modeling|bi|warehouse management system|data analytics manager|data analyst|python|business intelligence
230926022386,CSM Data Analyst,IT Security - Other,IT Security,IT & Information Security,"Full Time, Permanent",BPM / BPO,5,8,5-8 Yrs,Sutherland,Hyderabad,,1000000.0,1500000.0,False,10-15 Lacs,2026-09-23 14:08:13,"Advanced Tableau skills with experience in data blending and visualization, proficient in Salesforce reporting and Jira workflow management|Design and maintain interactive Tableau dashboards, extract and analyze sales data, create wireframes, document data models, and manage reporting workflows via Jira",2.csv,Data Analyst,3.3,Salesforce CRM,1,Hyderabad,Mid,True,1000000.0,1500000.0,IT Security - Other,Other IT,salesforce crm
230926000700,Data Analyst,Data Entry / MIS,Back Office,"Customer Success, Service & Operations","Full Time, Temporary/Contractual",BPM / BPO,2,6,2-6 Yrs,Swiggy,Gurugram,,300000.0,500000.0,False,3-5 Lacs,2026-09-23 03:33:22,"12 years experience in MIS/reporting with advanced Excel and intermediate SQL skills|Coordinate with sales to support offers, track activations, automate MIS reports, write SQL queries, and handle ad-hoc data requests",2.csv,Data Analyst,3.7,Filters|Cte|SQL Queries|Join|Python,5,Gurugram,Entry,True,300000.0,500000.0,Data Entry / MIS,Other IT,filters|cte|sql queries|join|python
130126506831,DATA ANALYST,Data Analyst,Business Intelligence & Analytics,Data Science & Analytics,"Full Time, Permanent",Management Consulting,0,1,0-1 Yrs,Godigi Infotech,Pune,,,,False,Unpaid,2026-01-13 17:23:03,". Get Daily Job & Internship Updates. Download Our App And Apply Instantly.  . Download our mobile app to receive the latest job and internship updates every day| As a Data Analyst intern at Maxgen Technologies Private Limited,you will have the opportunity to sharpen your skills in Data Analytics,Power BI,Data Analysis,and Tableau while working on real-world projects",2.csv,Data Analyst,4.6,Data analysis|MySQL|Data collection|Data processing|power bi|Data quality|Data analytics|Data mining|Internship|SQL,10,Pune,Entry,True,,,Data Analyst,Data Analyst,data analytics|data quality|data mining|power bi|data collection|mysql|sql|internship|data analysis|data processing
100926031730,Data Analyst,Data Analyst,Business Intelligence & Analytics,Data Science & Analytics,"Full Time, Permanent",IT Services & Consulting,4,8,4-8 Yrs,Innodata India,Noida,,0.0,0.0,True,Not Disclosed,2026-09-10 18:56:16,"Proficient in SQL, Python (Pandas, NumPy), and GCP services (BigQuery, GCS); experienced with BI tools like Looker, Power BI, or Tableau|Collect, clean, transform, and analyze complex datasets; write optimized SQL queries; develop data models and dashboards; automate reporting; collaborate with stakeholders; monitor KPIs and provide insights",2.csv,Data Analyst,3.7,Airflow|Pubsub|Bigquery|Data Flow|Dataproc|Data Analytics,6,Noida,Mid,False,,,Data Analyst,Data Analyst,bigquery|data analytics|data flow|dataproc|pubsub|airflow
110926023629,Data Analyst,Data Analyst,Business Intelligence & Analytics,Data Science & Analytics,"Full Time, Permanent",Internet (E-Commerce),0,2,0-2 Yrs,Recruito,Bengaluru,,1000000.0,1500000.0,False,10-15 Lacs,2026-09-11 19:25:48,"Strong skills in SQL, Python, and data analysis with hands-on experience|Handle datasets, reporting, and generate insights",2.csv,Data Analyst,,Reporting|Python,2,Bengaluru,Entry,True,1000000.0,1500000.0,Data Analyst,Data Analyst,python|reporting
180926917367,Data Analyst,Data Science & Machine Learning - Other,Data Science & Machine Learning,Data Science & Analytics,"Full Time, Permanent",Automobile (Electric Vehicle (EV)),4,8,4-8 Yrs,Acesoft Labs,Ahmedabad,,1400000.0,1800000.0,False,14-18 Lacs,2026-09-18 13:11:30,"4+ years experience in data analysis with proficiency in Python, R, SQL, Hive, Spark, and Looker reporting|Analyze large datasets, develop data pipelines, create dashboards, conduct A/B testing, apply statistical and ML methods, and mentor junior analysts",2.csv,Data Analyst,,HIVE|R|Regression|SPARK|Data Analytics|Ab Testing|Statistics,7,Ahmedabad,Mid,True,1400000.0,1800000.0,Data Science & Machine Learning - Other,Data Scientist / ML Engineer,apache spark|data analytics|regression|statistics|hive|ab testing
220926047952,Data Analyst,Data Analyst,Business Intelligence & Analytics,Data Science & Analytics,"Full Time, Permanent",Pharmaceutical & Life Sciences,2,6,2-6 Yrs,Talent Corner Hr Services,Mumbai (All Areas),,550000.0,1000000.0,False,5.5-10 Lacs,2026-09-22 18:18:06,"Bachelor's degree in Data Science or related field with 2+ years in Business Analysis or Consulting, proficient in SQL, Python, Power BI, and Jupyter Notebook|Analyze business data, develop dashboards, generate insights, support initiatives, and coordinate with cross-functional teams",2.csv,Data Analyst,,Pharmaceutical,1,Mumbai,Entry,True,550000.0,1000000.0,Data Analyst,Data Analyst,pharmaceutical
180926917366,Data Analyst,Data Science & Machine Learning - Other,Data Science & Machine Learning,Data Science & Analytics,"Full Time, Permanent",Automobile (Electric Vehicle (EV)),4,8,4-8 Yrs,Acesoft Labs,Hyderabad,,1400000.0,1800000.0,False,14-18 Lacs,2026-09-18 13:11:29,"4+ years experience in data analysis with proficiency in Python, R, SQL, Hive, Spark, and Looker reporting|Analyze large datasets, develop data pipelines, create dashboards, conduct A/B testing, apply statistical and machine learning methods, and mentor junior analysts",2.csv,Data Analyst,,HIVE|R|Regression|SPARK|Data Analytics|Ab Testing|Statistics,7,Hyderabad,Mid,True,1400000.0,1800000.0,Data Science & Machine Learning - Other,Data Scientist / ML Engineer,apache spark|data analytics|regression|statistics|hive|ab testing
180926021155,Data Analyst,Data Science & Analytics - Other,Data Science & Analytics - Other,Data Science & Analytics,"Full Time, Permanent",IT Services & Consulting,1,3,1-3 Yrs,CIEL HR,Chennai,,300000.0,400000.0,False,3-4 Lacs,2026-09-18 14:48:53,"Strong MS Excel skills including Pivot Tables and formulas|Manage and deliver energy/utility data, support onboarding, validate data accuracy, prepare reports, handle troubleshooting and escalations",2.csv,Data Analyst,,Data Validation|Data Management|Problem Solving|Process Management|Advanced Excel|Troubleshooting|SQL|Pivot Table|Excel|Data Monitoring|Reporting and Analytics|Analytical|Database Management|Customer Interaction|Data Analytics|Data Reporting,16,Chennai,Entry,True,300000.0,400000.0,Data Science & Analytics - Other,Other IT,analytical|data analytics|database management|process management|problem solving|advanced excel|reporting and analytics|excel|data reporting|data validation|troubleshooting|data management|sql|data monitoring|customer interaction|pivot table
170926922269,Data Analyst,Data Analyst,Business Intelligence & Analytics,Data Science & Analytics,"Full Time, Permanent",Analytics / KPO / Research,2,5,2-5 Yrs,Viaprom Technologies,Bengaluru,,0.0,0.0,True,Not Disclosed,2026-09-17 14:29:29,"2-5 years experience in data analysis with strong skills in Python, SQL, Pyspark, and Advanced Excel, preferably in Banking domain|Extract, clean, and analyze data to generate insights; automate processes; validate data quality; collaborate with team on deliverables",2.csv,Data Analyst,4.4,analytics|python|data analytics|data analysis|automation|data validation|data processing|pyspark|sql,9,Bengaluru,Entry,False,,,Data Analyst,Data Analyst,apache spark|data analytics|analytics|data validation|python|sql|automation|data analysis|data processing
170926013488,Data Analyst,Data Science & Analytics - Other,Data Science & Analytics - Other,Data Science & Analytics,"Full Time, Permanent",NGO / Social Services / Industry Associations,3,5,3-5 Yrs,Selco Foundation,Bengaluru,,0.0,0.0,True,Not Disclosed,2026-09-17 11:32:27,"3-5 years experience in data mining and analytics with strong SQL or Excel skills and proficiency in data visualization tools like Power BI or Tableau|Analyze large datasets, develop dashboards, perform data modeling, automate reports, and support decision-making",2.csv,Data Analyst,3.6,Artificial Intelligence|Statistical Modeling|Python|SQL,4,Bengaluru,Mid,False,,,Data Science & Analytics - Other,Other IT,python|statistical modeling|artificial intelligence|sql
160926933709,Data Analyst,Data Analyst,Business Intelligence & Analytics,Data Science & Analytics,"Full Time, Permanent",Analytics / KPO / Research,2,5,2-5 Yrs,Viaprom Technologies,Bengaluru,,0.0,0.0,True,Not Disclosed,2026-09-16 15:59:23,,2.csv,Data Analyst,4.4,analytics|python|data analytics|data analysis|automation|data validation|data processing|pyspark|sql,9,Bengaluru,Entry,False,,,Data Analyst,Data Analyst,apache spark|data analytics|analytics|data validation|python|sql|automation|data analysis|data processing
110926019796,Data Analyst,Data Analyst,Business Intelligence & Analytics,Data Science & Analytics,"Full Time, Permanent",Software Product,1,4,1-4 Yrs,Healthplix Technologies,Bengaluru,,500000.0,700000.0,False,5-7 Lacs,2026-09-11 17:41:20,"Bachelor's degree from reputed engineering colleges with 2-3 years experience in data analysis, proficient in SQL, relational and non-relational databases, and BI tools like Tableau|Manage master data, process confidential data, create reports and dashboards, train end-users, and provide expertise in data storage and cleansing",2.csv,Data Analyst,3.0,Data Analysis|Data Visualization|Tableau|Dashboards,4,Bengaluru,Entry,True,500000.0,700000.0,Data Analyst,Data Analyst,dashboards|tableau|data visualization|data analysis
170926022719,ESG Data Analyst,Back Office Operations,Back Office,"Customer Success, Service & Operations","Full Time, Permanent",IT Services & Consulting,0,2,0-2 Yrs,SunTec India,New Delhi,,50000.0,200000.0,False,"50,000-2 Lacs",2026-09-17 14:35:35,"Graduate in Commerce or Science with 2 years ESG or research experience and strong online data research skills|Collect, validate, and upload environmental data; perform quality checks and support ESG reporting",2.csv,Data Analyst,3.1,computer operator|Back Office|Back Office Support|Data Entry Operation|researc,5,New Delhi,Entry,True,50000.0,200000.0,Back Office Operations,Other IT,computer operator|data entry operation|back office|back office support|researc
110926500707,Data Analyst,Data Analyst,Business Intelligence & Analytics,Data Science & Analytics,"Full Time, Permanent",Management Consulting,0,2,0-2 Yrs,Csrhat,Kolkata,,0.0,0.0,True,Not Disclosed,2026-09-11 15:37:34,,2.csv,Data Analyst,,data quality|visualization|data analysis|operations|data systems|data visualization|analytical skills|business operations|data analyst,9,Kolkata,Entry,False,,,Data Analyst,Data Analyst,data quality|operations|data visualization|analytical skills|business operations|data analyst|data systems|visualization|data analysis
110926903754,Data Analyst-Tableau,Data Analyst,Business Intelligence & Analytics,Data Science & Analytics,"Full Time, Permanent",IT Services & Consulting,4,7,4-7 Yrs,Zorba Consulting,Hyderabad,Bengaluru,0.0,0.0,True,Not Disclosed,2026-09-11 09:54:48,"Experience in data analytics, data visualization, and business intelligence with strong analytical skills|Develop analytical and BI solutions, collaborate with Data Engineering teams, and engage with clients",2.csv,Data Analyst,,tableau|visualization|data analytics|data visualization|business intelligence|data engineering,6,Hyderabad,Mid,False,,,Data Analyst,Data Analyst,data analytics|data engineering|tableau|data visualization|visualization|business intelligence
100926017435,Data Analyst-10-20USD PER HOUR Remote JOB,Software Development - Other,Software Development,Engineering - Software & QA,"Full Time, Permanent",IT Services & Consulting,4,8,4-8 Yrs,Prointegrate World It Consulting,Bengaluru,,1300000.0,2300000.0,False,13-23 Lacs,2026-09-10 13:14:12,"Expertise in analyzing large business data sets and managing PII with strong knowledge of data privacy regulations|Review and analyze data for accuracy, conduct document reviews, resolve data quality issues, and provide feedback to support AI training",2.csv,Data Analyst,,,0,Bengaluru,Mid,True,1300000.0,2300000.0,Software Development - Other,Other IT,
70426015264,Data Analyst,Data Science & Analytics - Other,Data Science & Analytics - Other,Data Science & Analytics,"Full Time, Permanent",IT Services & Consulting,2,4,2-4 Yrs,Berg Technologies,Bengaluru,,275000.0,350000.0,False,2.75-3.5 Lacs,2026-09-15 10:57:21,"2.5 years in analytics with advanced SQL, Tableau/Power BI, Python/R, and experimentation knowledge|Design and maintain dashboards, generate insights, lead analytics reviews, conduct A/B testing, automate reporting, and improve data processes",2.csv,Data Analyst,,Data Analytics,1,Bengaluru,Entry,True,275000.0,350000.0,Data Science & Analytics - Other,Other IT,data analytics
250926001681,Data Analyst role,Data Analyst,Business Intelligence & Analytics,Data Science & Analytics,"Full Time, Permanent",IT Services & Consulting,5,10,5-10 Yrs,Coforge,Pune,,500000.0,1300000.0,False,5-13 Lacs,2026-09-25 09:54:31,"5-7 years in data analytics with strong Azure Databricks, advanced SQL, Python/PySpark, and dimensional modeling skills|Design and build reusable AI-ready analytical assets, define KPIs and semantic layers, profile and validate data, collaborate with data engineers and BI teams, and document technical processes",2.csv,Data Analyst,3.3,Pyspark|Delta|Azure Databricks,3,Pune,Mid,True,500000.0,1300000.0,Data Analyst,Data Analyst,apache spark|azure databricks|delta
250926001867,Job Description Data Analyst,Data Analyst,Business Intelligence & Analytics,Data Science & Analytics,"Full Time, Permanent",IT Services & Consulting,3,6,3-6 Yrs,Coforge,Delhi / NCR,,1300000.0,2300000.0,False,13-23 Lacs,2026-09-25 10:04:42,"3-6 years experience with strong SQL skills, ETL development, and data warehousing knowledge|Analyze large datasets, develop and optimize SQL queries, design ETL processes, create dashboards, and support BI initiatives",2.csv,Data Analyst,3.3,Data ANALYST|etl|sql,3,Delhi/NCR,Mid,True,1300000.0,2300000.0,Data Analyst,Data Analyst,sql|etl|data analyst
240926939000,RegTech Data Analyst,Data Analyst,Business Intelligence & Analytics,Data Science & Analytics,"Full Time, Permanent",Banking,5,10,5-10 Yrs,Tradeweb,Bengaluru,,0.0,0.0,True,Not Disclosed,2026-09-24 18:10:26,"5-10 years experience in data quality with strong SQL, Collibra DQ, Snowflake, and Python skills|Develop and maintain data quality rules, monitor data processes, investigate issues, support reconciliations and automation, and produce data-quality reports",2.csv,Data Analyst,2.3,Automation|Financial Services|Compliance|Electronic Trading|Finance|Ai|Data Analyst|Data Operations|Analytics|Communication Skills|Hedge Funds|Data Quality|Emerging Technologies|Embedded|Financial Markets|Data Governance,16,Bengaluru,Mid,False,,,Data Analyst,Data Analyst,electronic trading|ai|data operations|data quality|embedded|analytics|emerging technologies|data governance|communication skills|financial services|data analyst|finance|compliance|financial markets|automation|hedge funds
240926018829,Data Analyst,Data Analyst,Business Intelligence & Analytics,Data Science & Analytics,"Full Time, Permanent",Recruitment / Staffing,5,8,5-8 Yrs,Cirruslabs,Hyderabad,Bengaluru,1000000.0,2000000.0,False,10-20 Lacs,2026-09-24 12:48:13,"Bachelor’s degree in related field with 4+ years in analytics and BI, advanced SQL and Snowflake expertise, 5+ years Power BI and DAX experience, Python for data analysis|Design, develop, and maintain Power BI and Salesforce reports and dashboards; manage data models and automate refreshes; collaborate with stakeholders to gather requirements and improve data integrity; support end-users and document reporting processes",2.csv,Data Analyst,3.7,advanced SQL,1,Hyderabad,Mid,True,1000000.0,2000000.0,Data Analyst,Data Analyst,advanced sql
240926015118,Data Analyst,Data Analyst,Business Intelligence & Analytics,Data Science & Analytics,"Full Time, Permanent",Recruitment / Staffing,4,9,4-9 Yrs,Cirruslabs,Hyderabad,Bengaluru,500000.0,1500000.0,False,5-15 Lacs,2026-09-24 11:21:41,"Bachelor’s degree in related field with 4+ years in analytics and BI, advanced SQL and Snowflake expertise, 5+ years Power BI and DAX experience, Python for data analysis|Design, develop, and maintain Power BI and Salesforce reports and dashboards; manage data models and automate refreshes; work with SQL, APIs, and cloud platforms; collaborate with stakeholders to gather requirements and improve data integrity",2.csv,Data Analyst,3.7,python|dax|Data Modeling|Power Query,4,Hyderabad,Mid,True,500000.0,1500000.0,Data Analyst,Data Analyst,python|power query|dax|data modeling
230926503595,data analysts,Data Analyst,Business Intelligence & Analytics,Data Science & Analytics,"Full Time, Permanent",BPM / BPO,1,3,1-3 Yrs,Perusal Global Solutions,Mumbai,,0.0,0.0,True,Not Disclosed,2026-09-23 17:22:26,,2.csv,Data Analyst,5.0,emerging technologies|visualization|data analysis|power bi|programming languages|data analyst|tableau|operations|data systems|data visualization|business operations|technical documentation|programming,13,Mumbai,Entry,False,,,Data Analyst,Data Analyst,technical documentation|programming languages|emerging technologies|operations|data systems|tableau|data visualization|programming|power bi|business operations|data analyst|visualization|data analysis
230926036227,Data Analyst,Business Intelligence & Analytics - Other,Business Intelligence & Analytics,Data Science & Analytics,"Full Time, Permanent",IT Services & Consulting,3,8,3-8 Yrs,Saraca Solutions,Bengaluru,,0.0,0.0,True,Not Disclosed,2026-09-23 17:48:17,"3-8 years experience as Data Analyst with advanced Excel (VBA), SQL, Power BI, Python, and macro development skills|Analyze complex business problems, develop data models, design macros, and collaborate with teams to improve processes",2.csv,Data Analyst,4.0,Data analyst|Power BI|Advanced Excel|Macros|Python|SQL,6,Bengaluru,Mid,False,,,Business Intelligence & Analytics - Other,Other IT,macros|advanced excel|power bi|data analyst|python|sql
230926018815,Data Analyst,Data Analyst,Business Intelligence & Analytics,Data Science & Analytics,"Full Time, Permanent",Education / Training,2,3,2-3 Yrs,Nxtwave Disruptive Technologies (Hiring for a client),Bengaluru,,1000000.0,1100000.0,False,10-11 Lacs,2026-09-23 13:00:52,"2+ years data analysis experience with SQL, Python, R, and statistical techniques|Interpret data, build dashboards, handle KPI reporting, and collaborate on data visualization",2.csv,Data Analyst,3.3,,0,Bengaluru,Entry,True,1000000.0,1100000.0,Data Analyst,Data Analyst,
290826005960,Data Analyst,Data Science & Analytics - Other,Data Science & Analytics - Other,Data Science & Analytics,"Full Time, Permanent",Education / Training,0,0,0 Yrs,Vibry Business Solutions,Bengaluru,,325000.0,600000.0,False,3.25-6 Lacs,2026-08-29 10:13:58,"Experience in Power BI, SQL, and statistical analysis|Collect and prepare data, perform EDA, create visualizations, and provide business insights",2.csv,Data Analyst,3.6,Data Analysis|Statistics,2,Bengaluru,Entry,True,325000.0,600000.0,Data Science & Analytics - Other,Other IT,statistics|data analysis
110325506630,Data Analyst (IoT),Data Analyst,Business Intelligence & Analytics,Data Science & Analytics,"Full Time, Permanent",Electrical Equipment,0,6,0-6 Yrs,Log9 Materials,Bengaluru,,0.0,0.0,True,Not Disclosed,2025-03-11 18:36:54,Work Type: Full Time . |Qualifications . Master s or Bachelors degree in a relevant field of study| 4+ years top tier analyst or consulting experience in business intelligence or analytics| Superior reporting and editing skills. Why should you consider Log9 . .,2.csv,Data Analyst,3.3,SAS|big data analytics|Data Analyst|Customer service|Business intelligence|Macros|Analytics|Reporting tools|SQL|Python,10,Bengaluru,Entry,False,,,Data Analyst,Data Analyst,big data analytics|analytics|reporting tools|sas|macros|customer service|data analyst|python|business intelligence|sql
70926028700,Data Analyst,Data Analyst,Business Intelligence & Analytics,Data Science & Analytics,"Full Time, Permanent",IT Services & Consulting,0,3,0-3 Yrs,Doosrigaadi Services,Bengaluru,,70000.0,90000.0,False,"70,000-90,000",2026-09-07 17:54:49,"Experience with SQL database management and Python programming for data analytics|Collect, clean, and transform data; develop databases; create data visualizations; collaborate with teams; perform quality checks",2.csv,Data Analyst,,Data Visualization|Data Analytics|SQL,3,Bengaluru,Entry,True,70000.0,90000.0,Data Analyst,Data Analyst,data analytics|sql|data visualization
230926025780,Data Analyst,Data Analyst,Business Intelligence & Analytics,Data Science & Analytics,"Full Time, Permanent",IT Services & Consulting,8,13,8-13 Yrs,Wintech Services,Hyderabad,Chennai,0.0,0.0,True,Not Disclosed,2026-09-23 15:34:09,"Expertise in AWS data engineering (Glue, PySpark, Python), RDBMS (MySQL, Db2, PostgreSQL, Snowflake), and data formats (JSON, Parquet); experience with Generative AI and insurance domain preferred|Develop and maintain scalable data pipelines and ETL processes; build python data validation tools; create synthetic datasets; leverage generative AI to enhance analysis and documentation; collaborate with stakeholders",2.csv,Data Analyst,,,0,Hyderabad,Senior,False,,,Data Analyst,Data Analyst,
220926503484,Space Data Analyst,Data Analyst,Business Intelligence & Analytics,Data Science & Analytics,"Full Time, Permanent",Real Estate,2,5,2-5 Yrs,Jones Lang LaSalle (JLL),Bengaluru,,0.0,0.0,True,Not Disclosed,2026-09-22 17:53:20,"A Bachelors degree in Architecture,Diploma in Architecture,or Civil Engineering,with 2-5 years of experience in a corporate real estate environment|CAFM system experience and IBM training background are preferred",2.csv,Data Analyst,4.1,corporate real estate|real estate|ai|autocad|selection process|artificial intelligence|data analyst|microsoft office suite|civil engineering|stakeholder management|legal|investment management|commercial real estate|architecture,14,Bengaluru,Entry,False,,,Data Analyst,Data Analyst,ai|autocad|artificial intelligence|corporate real estate|investment management|microsoft office suite|commercial real estate|legal|civil engineering|architecture|data analyst|real estate|selection process|stakeholder management
220926049784,Data Analyst,Software Development - Other,Software Development,Engineering - Software & QA,"Full Time, Permanent",IT Services & Consulting,4,8,4-8 Yrs,EY,New Delhi,,0.0,0.0,True,Not Disclosed,2026-09-22 19:32:12,"Strong proficiency in SQL and Power BI/Tableau with experience in data analysis and predictive analytics|Analyze customer and policy data, develop dashboards, track KPIs, perform data validation, and support analytics initiatives",2.csv,Data Analyst,3.4,Data Analysis|Aiml,2,New Delhi,Mid,False,,,Software Development - Other,Other IT,aiml|data analysis
220926007873,Data Analyst - Commercial Capabilities,Data Analyst,Business Intelligence & Analytics,Data Science & Analytics,"Full Time, Permanent",IT Services & Consulting,4,8,4-8 Yrs,General Mills,Mumbai (All Areas),,1000000.0,1700000.0,False,10-17 Lacs,2026-09-22 12:05:19,"3-5 years analytics experience with Big Query and SQL|Develop and deliver robust reporting solutions, coordinate cross-functional teams, write tests, and build automation",2.csv,Data Analyst,4.0,Power BI|Tableau,2,Mumbai,Mid,True,1000000.0,1700000.0,Data Analyst,Data Analyst,power bi|tableau
190926019272,Data Analyst,BI Developer,Business Intelligence & Analytics,Data Science & Analytics,"Full Time, Permanent",Textile & Apparel,4,6,4-6 Yrs,Relaxo,New Delhi,,700000.0,900000.0,False,7-9 Lacs,2026-09-19 17:18:17,"4-6 years in financial services with advanced Excel and Power BI expertise|Analyze large datasets, develop Power BI dashboards, collaborate on data solutions, and create reports",2.csv,Data Analyst,4.0,Power BI Dashboards|Advanced Excel|Data Reporting,3,New Delhi,Mid,True,700000.0,900000.0,BI Developer,Other IT,power bi dashboards|data reporting|advanced excel
170926035144,Data Analyst,Data Science & Analytics - Other,Data Science & Analytics - Other,Data Science & Analytics,"Full Time, Permanent",IT Services & Consulting,3,5,3-5 Yrs,Aithent,Tiruchirappalli,,0.0,0.0,True,Not Disclosed,2026-09-17 19:13:15,Financial Services/ Consumer banking business(preferred) - with extensive analytics orientation,2.csv,Data Analyst,3.7,Power BI|Data Manipulation|Data Analysis|Data Visualization|Data Extraction|Tableau|Data Analytics|Data Reporting,8,Tiruchirappalli,Mid,False,,,Data Science & Analytics - Other,Other IT,data analytics|data manipulation|tableau|data visualization|power bi|data extraction|data reporting|data analysis
170926018145,Data Analyst,Data Analyst,Business Intelligence & Analytics,Data Science & Analytics,"Full Time, Permanent",IT Services & Consulting,3,6,3-6 Yrs,Ascendion Engineering,Gurugram,,0.0,0.0,True,Not Disclosed,2026-09-17 12:32:18,,2.csv,Data Analyst,3.1,Predictive Modeling|Insights|SAS|Power BI|Digital|Advanced Excel|Tableau|Reporting|Macros|Statistics|Analytics|SQL|Communication Skills|R|Excel|VBA|Analytical|Data Analysis|Data Visualization|Dashboards|Product Engineering|Data Analytics|Python|Predictive Analytics,24,Gurugram,Mid,False,,,Data Analyst,Data Analyst,predictive analytics|product engineering|analytics|insights|sas|tableau|macros|communication skills|power bi|python|digital|analytical|data visualization|advanced excel|statistics|data analysis|dashboards|data analytics|reporting|predictive modeling|excel|vba|sql
160926023177,Data Analyst,Data Analyst,Business Intelligence & Analytics,Data Science & Analytics,"Full Time, Permanent",Education / Training,1,6,1-6 Yrs,Nxtwave Disruptive Technologies (Hiring for a Client),Noida,Greater Noida,900000.0,1200000.0,False,9-12 Lacs,2026-09-16 13:44:13,"1+ years experience in SQL-intensive Data Analyst or ETL roles with strong hands-on SQL and ETL pipeline development skills|Develop, maintain, and optimize ETL pipelines; write and optimize complex SQL queries; perform data extraction, transformation, validation, and loading; monitor and troubleshoot data pipelines; ensure data quality and accuracy; collaborate with technical and business teams",2.csv,Data Analyst,3.3,Data Transformation|Data Validation|CTEs|Analytical Queries|Data Structures|Data Extraction|Data Cleansing|SQL Query Optimization|ETL Pipeline Development|Joins|Data Quality|Subqueries|Stored Procedures|Relational Databases|MySQL|Data Loading,16,Noida,Entry,True,900000.0,1200000.0,Data Analyst,Data Analyst,data quality|mysql|joins|stored procedures|analytical queries|etl pipeline development|sql query optimization|data transformation|data loading|data extraction|data validation|data structures|relational databases|data cleansing|ctes|subqueries
150926008987,Data Analyst,Data Analyst,Business Intelligence & Analytics,Data Science & Analytics,"Full Time, Permanent",IT Services & Consulting,2,3,2-3 Yrs,Futops,Noida,,0.0,0.0,True,Not Disclosed,2026-09-15 11:55:46,"2+ years in Analytics Consulting or Data Science with expertise in Python, SQL/PostgreSQL, Power BI, Tableau, and GenAI; certifications in Data Science, AI, or ML preferred|Manage end-to-end analytics including data pipelines, model creation, KPI monitoring, dashboard development, data storytelling, and stakeholder engagement",2.csv,Data Analyst,3.7,Power BI,1,Noida,Entry,False,,,Data Analyst,Data Analyst,power bi
130926004042,Data Analyst,Data Analyst,Business Intelligence & Analytics,Data Science & Analytics,"Full Time, Permanent",Medical Services / Hospital (Diagnostics),2,5,2-5 Yrs,Tenet Diagnostics,Hyderabad,,0.0,0.0,True,Not Disclosed,2026-09-13 17:32:58,"2-5 years experience in data analytics with advanced Excel, Power BI, and SQL skills; bachelor's degree in Statistics, Mathematics, Computer Science, or related field|Collect, clean, and analyze data; develop Excel reports and Power BI dashboards; identify trends and provide actionable insights; automate reports and support business planning",2.csv,Data Analyst,3.6,Tableau,1,Hyderabad,Entry,False,,,Data Analyst,Data Analyst,tableau
260826016314,Data Scientist/ Data Analyst,Data Scientist,Data Science & Machine Learning,Data Science & Analytics,"Full Time, Permanent",IT Services & Consulting,4,8,4-8 Yrs,PwC,Hyderabad,Gurugram,0.0,0.0,True,Not Disclosed,2026-08-26 12:51:30,"Bachelor's degree with 4+ years experience in supply chain domain and expertise in optimization methods and forecasting techniques|Design and develop data solutions, apply machine learning and optimization for supply chain insights, manage data pipelines, and mentor junior team members",2.csv,Data Analyst,3.3,Predictive Modeling|Advanced Analytics|Machine Learning|Optimization|ML,5,Hyderabad,Mid,False,,,Data Scientist,Data Scientist / ML Engineer,optimization|machine learning|predictive modeling|advanced analytics
300726027190,Data Analyst,Digital Marketing - Other,Digital Marketing,Marketing & Communication,"Full Time, Permanent",Advertising & Marketing (Digital Marketing),5,10,5-10 Yrs,Topgear Consultants,Gurugram,,0.0,0.0,True,Not Disclosed,2026-09-15 16:20:26,"B.Tech/M.Tech with 5+ years in Digital Analytics or E-commerce Analytics; expertise in GA4, Adobe Analytics, SQL, BigQuery, Tableau/Power BI, and tag management tools|Transform digital data into business insights, manage dashboards, define KPIs and measurement frameworks, ensure data quality, drive AI-assisted analytics, and collaborate on cloud analytics architecture|CTC: 27.28 LPA",2.csv,Data Analyst,,Power BI|Bigquery|Tableau|Looker|Customer Journey Analytics|SQL|Data Quality|Data Visualization|Web Analytics|GA4,10,Gurugram,Mid,False,,,Digital Marketing - Other,Other IT,bigquery|data quality|looker|tableau|data visualization|power bi|sql|customer journey analytics|ga4|web analytics
160926927102,Data Analyst,"BFSI, Investments & Trading - Other","BFSI, Investments & Trading - Other","BFSI, Investments & Trading","Full Time, Permanent",Banking,5,10,5-10 Yrs,Dream Solution Indore,Mumbai,,1000000.0,1800000.0,False,10-18 Lacs,2026-09-16 14:28:00,,2.csv,Data Analyst,,Financial Services|NBFC|Data Analysis|Data Analytics,4,Mumbai,Mid,True,1000000.0,1800000.0,"BFSI, Investments & Trading - Other",Other IT,data analytics|financial services|data analysis|nbfc
160926031948,Data Analyst,Software Development - Other,Software Development,Engineering - Software & QA,"Full Time, Permanent",IT Services & Consulting,6,10,6-10 Yrs,SP Staffing,Noida,Gurugram,0.0,0.0,True,Not Disclosed,2026-09-16 15:23:31,"6 to 10 years experience as Data Analyst with expertise in PowerBI|Analyze data, create reports and visualizations using PowerBI",2.csv,Data Analyst,,Data Analysis|Data Visualization|Data Extraction|Data Analytics|Data Reporting|Stakeholder Management,6,Noida,Mid,False,,,Software Development - Other,Other IT,data analytics|stakeholder management|data visualization|data extraction|data reporting|data analysis
150926019822,Data Analyst,Data Analyst,Business Intelligence & Analytics,Data Science & Analytics,"Full Time, Permanent",NBFC,4,9,4-9 Yrs,Skillventory,Mumbai (All Areas),,0.0,0.0,True,Not Disclosed,2026-09-15 16:18:29,"4+ years in data analytics with strong SQL, Python, and AI/GenAI tool proficiency|Extract, clean, analyze data; build dashboards; validate AI outputs; automate reporting; collaborate with stakeholders",2.csv,Data Analyst,,GenAi|Data Validation|Power BI|Business requirements|Data Extraction|Tableau|Communication Skills|Data Visualization|Dashboards|Data Analytics|Data Cleaning|Data Reporting|Stakeholder Management,13,Mumbai,Mid,False,,,Data Analyst,Data Analyst,dashboards|data analytics|genai|stakeholder management|tableau|data visualization|communication skills|data cleaning|power bi|data extraction|data validation|data reporting|business requirements
150926005989,Transactional Banking Data Analyst,Data Analyst,Business Intelligence & Analytics,Data Science & Analytics,"Full Time, Permanent",Banking,4,8,4-8 Yrs,Saaki Argus And Averil Consulting,Chennai,,0.0,0.0,True,Not Disclosed,2026-09-15 10:57:44,"Experience in Transaction Banking analytics, data quality, and KPI definition|Identify and prioritize analytics use cases, analyze data trends, develop reports and dashboards, and ensure data governance",2.csv,Data Analyst,,Power BI|Transaction Banking|BI|Mapping|Cash Management|Tableau|Swift Payments|Data Analytics|Data Mapping|SQL,10,Chennai,Mid,False,,,Data Analyst,Data Analyst,data analytics|mapping|tableau|power bi|data mapping|bi|swift payments|cash management|transaction banking|sql
40726011583,Data Analyst,Analytics Consultant,Business Intelligence & Analytics,Data Science & Analytics,"Full Time, Permanent",IT Services & Consulting,4,9,4-9 Yrs,Wissenpro It Solutions,Pune,,1000000.0,1300000.0,False,10-13 Lacs,2026-09-17 04:29:52,"Experienced in Adobe Analytics, Snowflake, Python, Advanced Excel, and Power BI|Perform marketing data analysis, reporting, dashboard development, and deliver actionable business insights",2.csv,Data Analyst,,Adobe Workfront|Reporting|Data Analytics|Adobe Suite,4,Pune,Mid,True,1000000.0,1300000.0,Analytics Consultant,Other IT,data analytics|adobe suite|reporting|adobe workfront
240926034533,Data Analyst,Business Intelligence & Analytics - Other,Business Intelligence & Analytics,Data Science & Analytics,"Full Time, Permanent",Recruitment / Staffing,3,7,3-7 Yrs,Summit Consulting Services,Kochi,,0.0,0.0,True,Not Disclosed,2026-09-24 17:42:39,"3-7 years experience in Data Analysis with expertise in machine learning algorithms and ETL pipeline development using Python or SQL|Design and maintain ETL processes, analyze business problems with predictive modeling, and develop data visualizations and dashboards",2.csv,Data Analyst,4.0,Data Warehousing|ETL Pipelines,2,Kochi,Mid,False,,,Business Intelligence & Analytics - Other,Other IT,data warehousing|etl pipelines
230926936734,Data Analyst,Data Analyst,Business Intelligence & Analytics,Data Science & Analytics,"Full Time, Permanent",Analytics / KPO / Research,3,4,3-4 Yrs,Viaprom Technologies,Mumbai,,0.0,0.0,True,Not Disclosed,2026-09-23 17:51:25,"3-4 years Data Analyst experience in Banking with expert-level SQL and Python skills|Analyze large banking datasets, build data pipelines, automate reporting, create dashboards, and perform root cause analysis",2.csv,Data Analyst,4.4,python|data analysis|data pipelines|power bi|machine learning|root cause analysis|sql|banking|analytics|data quality|tableau|automation|data cleaning|business insights|banking systems|etl|programming|python programming,18,Mumbai,Mid,False,,,Data Analyst,Data Analyst,data quality|root cause analysis|data pipelines|machine learning|banking|analytics|tableau|data cleaning|power bi|business insights|python programming|etl|programming|python|banking systems|sql|automation|data analysis
220926501142,Data Analyst,Data Analyst,Business Intelligence & Analytics,Data Science & Analytics,"Full Time, Permanent",Electronic Components / Semiconductors,3,5,3-5 Yrs,Renesas,Bengaluru,,0.0,0.0,True,Not Disclosed,2026-09-22 16:26:21,,2.csv,Data Analyst,3.8,erp|business systems|data validation|defect tracking|data analyst|collaboration tools|data quality|automation|operations|process documentation|compliance|industrial engineering|data governance|manufacturing|maintenance,15,Bengaluru,Mid,False,,,Data Analyst,Data Analyst,data governance|data quality|business systems|manufacturing|operations|defect tracking|compliance|process documentation|maintenance|collaboration tools|data analyst|data validation|erp|automation|industrial engineering
20926022793,Data Analyst,Other,Other,Other,"Full Time, Permanent",Railways,0,3,0-3 Yrs,Sigma Rail Systems,Kolkata,,0.0,0.0,True,Not Disclosed,2026-09-02 15:16:24,"Graduate with strong proficiency in Advanced MS Excel|Perform data analysis, extraction, visualization, and reporting tasks",2.csv,Data Analyst,3.1,Data Visualization|Data Analytics,2,Kolkata,Entry,False,,,Other,Other IT,data analytics|data visualization
20926019134,Data Analyst,Data Analyst,Business Intelligence & Analytics,Data Science & Analytics,"Full Time, Permanent",IT Services & Consulting,0,4,0-4 Yrs,Ample Softech System,Nagpur,Pune,325000.0,825000.0,False,3.25-8.25 Lacs,2026-09-02 13:30:12,"0-4 years experience with advanced Excel, SQL, Power BI, and basic Python skills|Collect, clean, analyze data; create Power BI dashboards; write SQL queries; prepare MIS reports; automate reporting; present insights to stakeholders",2.csv,Data Analyst,4.7,BI Tools|BI|Data Analysis|Data Visualization|Tableau|Data Warehousing|Dashboards|Data Analytics,8,Nagpur,Entry,True,325000.0,825000.0,Data Analyst,Data Analyst,dashboards|data analytics|bi tools|tableau|data visualization|data warehousing|bi|data analysis
260326501210,Data Analyst,Data Analyst,Business Intelligence & Analytics,Data Science & Analytics,"Full Time, Permanent",Pharmaceutical & Life Sciences,0,7,0-7 Yrs,Maven Marketing,Chennai,,0.0,0.0,True,Not Disclosed,2026-03-26 16:36:38,"Disclaimer: This job description has been sourced from a public domain and may have been modified by Naukri.com to improve clarity for our users|The ideal candidate will have experience working with data and analytics,with excellent analytical and problem-solving skills.",2.csv,Data Analyst,4.0,database maintenance|python|data analysis|data management|data analytics|problem solving|dashboards|sql|excel|data quality|tableau|operations|vba|predictive modeling|business operations|reporting tools|reporting|communication skills,18,Chennai,Entry,False,,,Data Analyst,Data Analyst,dashboards|data analytics|data quality|database maintenance|reporting tools|tableau|problem solving|reporting|predictive modeling|communication skills|business operations|excel|vba|operations|python|data management|sql|data analysis
240725503929,Data Analyst Course,Data Analyst,Business Intelligence & Analytics,Data Science & Analytics,"Full Time, Permanent",Miscellaneous,0,3,0-3 Yrs,Eduluk,New Delhi,,0.0,0.0,True,Not Disclosed,2025-07-24 16:58:50,,2.csv,Data Analyst,,master data|metadata|python|data analysis|data management|data analytics|data validation|configuration|data mining|data integrity|dashboards|cleansing|sql|data cleansing|excel|tableau|quality assurance|advanced excel|data visualization|reporting,20,New Delhi,Entry,False,,,Data Analyst,Data Analyst,metadata|data validation|data management|quality assurance|cleansing|tableau|configuration|python|data cleansing|data mining|data visualization|advanced excel|master data|data analysis|dashboards|data analytics|data integrity|reporting|excel|sql
221124503740,Data Analyst (Deployment),Data Analyst,Business Intelligence & Analytics,Data Science & Analytics,"Full Time, Permanent",Legal,0,2,0-2 Yrs,Legistify,Gurugram,,0.0,0.0,True,Not Disclosed,2024-11-22 17:32:14,,2.csv,Data Analyst,2.7,metadata|python|data analysis|data management|data analytics|data validation|configuration|data mining|data integrity|dashboards|master data management|cleansing|sql|data cleansing|excel|tableau|quality assurance|data visualization|reporting,19,Gurugram,Entry,False,,,Data Analyst,Data Analyst,metadata|data validation|data management|quality assurance|cleansing|tableau|configuration|python|data cleansing|data mining|data visualization|data analysis|master data management|dashboards|data analytics|data integrity|reporting|excel|sql
221124503733,Data Analyst,Data Analyst,Business Intelligence & Analytics,Data Science & Analytics,"Full Time, Permanent",Legal,0,1,0-1 Yrs,Legistify,Gurugram,,0.0,0.0,True,Not Disclosed,2024-11-22 17:32:13,,2.csv,Data Analyst,2.7,metadata|python|data analysis|data management|data analytics|data validation|configuration|data mining|data integrity|dashboards|master data management|cleansing|sql|data cleansing|excel|tableau|quality assurance|data visualization|reporting,19,Gurugram,Entry,False,,,Data Analyst,Data Analyst,metadata|data validation|data management|quality assurance|cleansing|tableau|configuration|python|data cleansing|data mining|data visualization|data analysis|master data management|dashboards|data analytics|data integrity|reporting|excel|sql
140725501950,Data Analyst,Data Analyst,Business Intelligence & Analytics,Data Science & Analytics,"Full Time, Permanent",IT Services & Consulting,0,3,0-3 Yrs,eBizneeds,Jaipur,,0.0,0.0,True,Not Disclosed,2025-07-14 16:36:22,,2.csv,Data Analyst,3.4,master data|metadata|python|data analysis|data management|data analytics|data validation|configuration|data mining|data integrity|dashboards|cleansing|sql|data cleansing|excel|tableau|quality assurance|advanced excel|data visualization|reporting,20,Jaipur,Entry,False,,,Data Analyst,Data Analyst,metadata|data validation|data management|quality assurance|cleansing|tableau|configuration|python|data cleansing|data mining|data visualization|advanced excel|master data|data analysis|dashboards|data analytics|data integrity|reporting|excel|sql
40926031217,Data Analyst (English Required),Data Science & Analytics - Other,Data Science & Analytics - Other,Data Science & Analytics,"Part Time, Freelance/Homebased",IT Services & Consulting,0,5,0-5 Yrs,Peroptyx,Mumbai (All Areas),,0.0,0.0,True,Not Disclosed,2026-09-04 22:06:00,"Fluent in English with excellent research skills and strong local knowledge of India; experience with India Post Pin Codes and street view applications required|Review and validate mapping data, verify business details and distances to ensure accurate navigation|Competitive pay with flexible hours and work-from-home convenience",2.csv,Data Analyst,3.4,English|Data Analytics|Data Mapping,3,Mumbai,Entry,False,,,Data Science & Analytics - Other,Other IT,data analytics|english|data mapping
20925501272,Data analyst,Data Analyst,Business Intelligence & Analytics,Data Science & Analytics,"Full Time, Permanent",Analytics / KPO / Research,0,3,0-3 Yrs,Inginit,Mumbai,,0.0,0.0,True,Not Disclosed,2025-09-02 16:43:22,,2.csv,Data Analyst,3.4,master data|metadata|python|data analysis|data management|data analytics|data validation|configuration|data mining|data integrity|dashboards|cleansing|sql|data cleansing|excel|tableau|quality assurance|advanced excel|data visualization|reporting,20,Mumbai,Entry,False,,,Data Analyst,Data Analyst,metadata|data validation|data management|quality assurance|cleansing|tableau|configuration|python|data cleansing|data mining|data visualization|advanced excel|master data|data analysis|dashboards|data analytics|data integrity|reporting|excel|sql
230926037521,Data Analyst,Data Analyst,Business Intelligence & Analytics,Data Science & Analytics,"Full Time, Permanent",IT Services & Consulting,4,6,4-6 Yrs,Altezzasys,Chennai,,0.0,0.0,True,Not Disclosed,2026-09-23 18:05:01,"Expertise in Tableau, SQL, Alteryx, and working knowledge of Hadoop and Hive SQL|Perform data analysis, visualization, and data preparation tasks",2.csv,Data Analyst,,hive|haddop,2,Chennai,Mid,False,,,Data Analyst,Data Analyst,haddop|hive
180926501102,Data Analyst,Data Analyst,Business Intelligence & Analytics,Data Science & Analytics,"Full Time, Permanent",IT Services & Consulting,1,4,1-4 Yrs,Brilliant Info System,Pune,,0.0,0.0,True,Not Disclosed,2026-09-18 17:47:47,,2.csv,Data Analyst,4.1,visualization|data analysis|business requirements|data validation|power bi|data analyst|sql|data models|data quality|tableau|operations|data systems|data visualization|business operations|technical documentation,15,Pune,Entry,False,,,Data Analyst,Data Analyst,data quality|technical documentation|data models|operations|tableau|data systems|data visualization|power bi|business operations|data analyst|data analysis|data validation|visualization|sql|business requirements
110926000153,Data Analyst,Data Analyst,Business Intelligence & Analytics,Data Science & Analytics,"Full Time, Permanent",IT Services & Consulting,9,12,9-12 Yrs,Cognizant,Hyderabad,Chennai,0.0,0.0,True,Not Disclosed,2026-09-11 00:35:52,"9 to 12 years experience as Data Analyst with expertise in Power BI, SQL, and data analysis|Perform data analysis and reporting using Power BI and SQL",2.csv,Data Analyst,3.7,Power Bi|Data Analysis|SQL,3,Hyderabad,Senior,False,,,Data Analyst,Data Analyst,power bi|sql|data analysis
160626032383,Data Analyst,Data Science & Analytics - Other,Data Science & Analytics - Other,Data Science & Analytics,"Full Time, Permanent",IT Services & Consulting,0,3,0-3 Yrs,Mark Makers Consultancy Services,Gurugram,,0.0,0.0,True,Not Disclosed,2026-08-31 12:16:31,"Experience with Advanced Excel, SQL, Big Query, Looker, and GCP for MI reporting|Develop, automate, and maintain MI reports and dashboards; analyze complex datasets; translate findings into business insights; ensure data accuracy; collaborate with teams; improve reporting processes; produce documentation; support ad-hoc data requests",2.csv,Data Analyst,,Data Analysis|Data Analytics,2,Gurugram,Entry,False,,,Data Science & Analytics - Other,Other IT,data analytics|data analysis
190926015308,Data Analyst- DSR Group,Data Analyst,Business Intelligence & Analytics,Data Science & Analytics,"Full Time, Permanent",Engineering & Construction,3,7,3-7 Yrs,DSR Infrastructure,Bengaluru,,500000.0,1000000.0,False,5-10 Lacs,2026-09-19 12:52:23,"Degree in Commerce, Economics, Statistics, Mathematics, or Engineering with 3-6 years in data analysis or business analytics in real estate|Collect and consolidate sales data and analyze sales trends by multiple dimensions to identify patterns and opportunities",2.csv,Data Analyst,3.8,Business Intelligence Reporting|BI|QlikView|Data Warehousing,4,Bengaluru,Mid,True,500000.0,1000000.0,Data Analyst,Data Analyst,business intelligence reporting|bi|qlikview|data warehousing
10926914859,Data Analyst,Data Analyst,Business Intelligence & Analytics,Data Science & Analytics,"Full Time, Permanent",IT Services & Consulting,0,5,0-5 Yrs,Capgemini,Bengaluru,,0.0,0.0,True,Not Disclosed,2026-09-01 12:23:28,"More than 1 year experience with solid understanding of programming concepts and software design|Develop, maintain, and optimize software solutions; supervise technical and administrative work; collaborate with team members",2.csv,Data Analyst,3.6,Software Development|Software Engineering|Programming|Software Engineer|Maintenance|Research|Software Design|Software Solutions,8,Bengaluru,Entry,False,,,Data Analyst,Data Analyst,software design|software development|software engineer|software solutions|software engineering|maintenance|research|programming
150726504506,Data Analyst,Data Analyst,Business Intelligence & Analytics,Data Science & Analytics,"Full Time, Permanent",IT Services & Consulting,0,6,0-6 Yrs,DXC Technology,Bengaluru,,0.0,0.0,True,Not Disclosed,2026-07-15 17:54:21,"Experience running workshops / requirements gathering events . |Experience as a data business analyst,working directly with software engineers and business SMEs in an agile environment and ideally as part of a DevOps model|Experience in producing high quality data mapping documentation including data cleansing and transformation criteria|Experience with SQL",2.csv,Data Analyst,3.6,bdd|confluence|performance testing|business processes|business analysis|cloud platforms|business analyst|media|data analyst|cloud|data cleansing|automation|hybrid cloud|devops|design|data structures|agile|aws|azure|jira|mainframe,21,Bengaluru,Entry,False,,,Data Analyst,Data Analyst,agile|confluence|data analyst|data structures|devops|hybrid cloud|business processes|jira|cloud platforms|data cleansing|performance testing|business analyst|mainframe|business analysis|design|azure|bdd|media|aws|cloud|automation
80125502324,Data Engineer / Analyst,Data Engineer,Data Science & Machine Learning,Data Science & Analytics,"Full Time, Permanent",Education / Training,0,3,0-3 Yrs,We Shine Academy,Chennai,,0.0,0.0,True,Not Disclosed,2025-01-08 17:11:17,,2.csv,Data Analyst,4.3,hive|python|data analysis|data analytics|oracle|scala|data mining|data warehousing|power bi|microsoft azure|machine learning|data engineering|sql server|sql|pandas|data extraction|tableau|spark|hadoop|data visualization|big data|etl|unix,23,Chennai,Entry,False,,,Data Engineer,Data Engineer / Architect,machine learning|data engineering|unix|etl|data extraction|apache spark|tableau|power bi|pandas|python|oracle|data mining|data visualization|hive|data analysis|data analytics|azure|sql server|data warehousing|hadoop|scala|big data|sql
180926027341,Data Analyst,Data Analyst,Business Intelligence & Analytics,Data Science & Analytics,"Full Time, Permanent",IT Services & Consulting,3,8,3-8 Yrs,Legato,Gurugram,Bengaluru,0.0,0.0,True,Not Disclosed,2026-09-18 17:31:12,"4+ years experience in data analysis with advanced SQL and Power BI/Tableau skills|Analyze complex datasets, develop dashboards, perform root cause analysis, and provide actionable business insights",2.csv,Data Analyst,3.9,Tableau|Reporting|Business Analysis,3,Gurugram,Mid,False,,,Data Analyst,Data Analyst,business analysis|tableau|reporting
220926011443,HRIS Data Analyst,Banking Operations - Other,Banking Operations,"BFSI, Investments & Trading","Full Time, Permanent",Financial Services (Asset Management),4,7,4-7 Yrs,Trimont,Hyderabad,Bengaluru,0.0,0.0,True,Not Disclosed,2026-09-22 12:40:47,"6+ years in People Analytics with UKG/Kronos and IBM Cognos expertise|Lead people analytics projects, ensure HR data quality, develop dashboards, provide actionable insights, and partner with global HR stakeholders",2.csv,Data Analyst,3.8,People Analytics|Cognos,2,Hyderabad,Mid,False,,,Banking Operations - Other,Other IT,people analytics|cognos
210926015595,Data Analyst,Data Analyst,Business Intelligence & Analytics,Data Science & Analytics,"Full Time, Permanent",Financial Services (Broking),3,5,3-5 Yrs,Sbicap Securities,Mumbai (All Areas),,0.0,0.0,True,Not Disclosed,2026-09-22 00:30:37,"Proficient in Python or R, machine learning algorithms, and data visualization tools like Tableau and Matplotlib|Analyze trading and market data, build predictive and risk models, create dashboards, and collaborate with cross-functional teams",2.csv,Data Analyst,3.6,Matplotlib|R|Machine Learning Algorithms|Seaborn|Dashboards,5,Mumbai,Mid,False,,,Data Analyst,Data Analyst,dashboards|matplotlib|machine learning algorithms|seaborn
210926008209,Data Analyst,Data Analyst,Business Intelligence & Analytics,Data Science & Analytics,"Full Time, Permanent",Retail,2,4,2-4 Yrs,Target,Bengaluru,,0.0,0.0,True,Not Disclosed,2026-09-21 12:38:12,"Bachelor’s in Engineering or Master’s in Statistics/Econometrics/Mathematics with 2-6 years experience and proficiency in SQL, DW/BI concepts, Tableau, Python/R, and big data tools|Partner with business teams to deliver data-driven insights, develop analytics solutions, analyze data using SQL and visualization tools, apply statistical models and machine learning, and translate analysis into actionable recommendations",2.csv,Data Analyst,4.1,Power BI|Snowflake|Microsoft Azure|Data Visualization|Dax|Tableau|Dashboards|Oracle|AWS|Python,10,Bengaluru,Entry,False,,,Data Analyst,Data Analyst,dashboards|azure|snowflake|oracle|dax|tableau|data visualization|power bi|aws|python
210926007993,Data Analyst - AWS | 4-7 Years,Software Development - Other,Software Development,Engineering - Software & QA,"Full Time, Permanent",IT Services & Consulting,4,7,4-7 Yrs,Apexon,Bengaluru,,0.0,0.0,True,Not Disclosed,2026-09-21 12:36:12,"4-7 years experience with data lakes, warehouses, advanced SQL, Python, and AWS S3|Discover and map data consumers, analyze usage, coordinate migration, and document dependencies",2.csv,Data Analyst,3.3,NoSQL Databases|AWS S3,2,Bengaluru,Mid,False,,,Software Development - Other,Other IT,aws s3|nosql databases
180926504606,Data Analyst,Data Analyst,Business Intelligence & Analytics,Data Science & Analytics,"Full Time, Permanent",IT Services & Consulting,3,10,3-10 Yrs,Heptarc,Bengaluru,,0.0,0.0,True,Not Disclosed,2026-09-18 18:10:06,"The ideal candidate should also possess a basic knowledge of automating daily reports to streamline and optimize reporting processes. |Experience : 3-10 Years . JD . skilled and detail oriented Data Analyst with a strong background in data analysis,proficiency in creating macros for report generation,and the ability to extract valuable insights from raw data files",2.csv,Data Analyst,1.7,Report generation|Data analysis|Automation|PDF|data governance|data integrity|Data Analyst|data visualization|Technology solutions|Macros,10,Bengaluru,Mid,False,,,Data Analyst,Data Analyst,data governance|report generation|data integrity|pdf|data visualization|macros|data analyst|technology solutions|automation|data analysis
180926918477,Data Analyst,Data Science & Analytics - Other,Data Science & Analytics - Other,Data Science & Analytics,"Full Time, Permanent",IT Services & Consulting,3,7,3-7 Yrs,Acesoft Labs,Bengaluru,,0.0,0.0,True,Not Disclosed,2026-09-18 13:24:22,"3-7 years experience with advanced SQL, Python programming, Tableau expertise, and familiarity with Dataiku/GCP and machine learning frameworks|Query and manipulate large datasets, create dashboards, perform ETL and data analysis|CTC: 11 to 13 LPA",2.csv,Data Analyst,,,0,Bengaluru,Mid,False,,,Data Science & Analytics - Other,Other IT,
110926009987,Data Analyst,Data Science & Analytics - Other,Data Science & Analytics - Other,Data Science & Analytics,"Full Time, Permanent",Management Consulting,4,8,4-8 Yrs,Deloitte US-India Offices,Hyderabad,,0.0,0.0,True,Not Disclosed,2026-09-11 12:47:03,"3-7 years Data Engineering experience with SQL, Python, Spark, Airflow, Redshift, Kafka, MQTT, and Data Warehousing expertise|Develop and maintain ETL/ELT pipelines, build Redshift data models, integrate ERP/CRM/IoT data, optimize queries, support Tableau BI reporting, and collaborate with Analytics and AI teams",2.csv,Data Analyst,3.6,Mqtt|ERP|CRM Systems|Finance|Kafka|Supply Chain|Redshift AWS|ETL|Python,9,Hyderabad,Mid,False,,,Data Science & Analytics - Other,Other IT,supply chain|mqtt|crm systems|kafka|etl|finance|python|redshift aws|erp
20926928318,Data Analyst- Geology,Data Analyst,Business Intelligence & Analytics,Data Science & Analytics,"Full Time, Permanent",Banking,0,5,0-5 Yrs,S&P Global Market Intelligence,Bengaluru,,0.0,0.0,True,Not Disclosed,2026-09-02 16:34:16,"Degree in Geology, Petroleum, Chemical, or Power Engineering with expertise in wells, power plant, and transmission data|Extract, validate, and analyze energy asset data; research companies and infrastructure; maintain and update databases; resolve client queries; improve data collection",2.csv,Data Analyst,3.9,Retirement Planning|Data Research|Power Plant|Compliance|Geology|Infrastructure Projects|Data Extraction|Data Analyst|Mapping|Maintenance|Research|Chemical Engineering|Retail|Data Quality|Operations|Regulatory Filings,16,Bengaluru,Entry,False,,,Data Analyst,Data Analyst,geology|data quality|mapping|operations|retirement planning|power plant|maintenance|research|data analyst|retail|data extraction|compliance|regulatory filings|data research|infrastructure projects|chemical engineering
280826012211,Data Analyst,Data Science & Analytics - Other,Data Science & Analytics - Other,Data Science & Analytics,"Full Time, Permanent",Pharmaceutical & Life Sciences,1,3,1-3 Yrs,Thyrocare,Navi Mumbai,Bengaluru,0.0,0.0,True,Not Disclosed,2026-08-28 23:45:32,"1-3 years experience in data analysis with proficiency in SQL and data visualization tools like Tableau or Power BI|Gather business requirements, clean and explore data, create reports and dashboards, automate recurring tasks, and share actionable insights",2.csv,Data Analyst,3.7,Predictive Modeling|Logistic Regression|Decision Tree|Artificial Intelligence|Regression|Clustering|Statistics|Random Forest|Xgboost|Advanced Analytics|Classification|Predictive|Data Analysis|Statistical Modeling|Time Series|Data Analytics,16,Mumbai,Entry,False,,,Data Science & Analytics - Other,Other IT,data analytics|statistical modeling|artificial intelligence|random forest|regression|logistic regression|predictive|clustering|predictive modeling|decision tree|xgboost|classification|statistics|advanced analytics|time series|data analysis
180424012520,Data Analyst,Data Analyst,Business Intelligence & Analytics,Data Science & Analytics,"Full Time, Temporary/Contractual",IT Services & Consulting,8,13,8-13 Yrs,GS1 India,New Delhi,Chennai,900000.0,1500000.0,False,9-15 Lacs,2026-09-24 17:09:26,"Experience with SQL, MySQL, Python, database design, data mining, JSON/ETL frameworks|Extract and filter data, perform quality analysis, generate reports on trends and predictions, improve processes",2.csv,Data Analyst,3.2,BI Tools|Azure Databricks|Advanced Excel|Mongo DB|Azure Synapse|Master Data Management|Data Analysis|Data Visualization|Data Analytics,9,New Delhi,Senior,True,900000.0,1500000.0,Data Analyst,Data Analyst,data analytics|mongo db|bi tools|data visualization|advanced excel|azure databricks|data analysis|azure synapse|master data management
40926023453,Data Analyst,Data Science & Analytics - Other,Data Science & Analytics - Other,Data Science & Analytics,"Full Time, Permanent",IT Services & Consulting,3,8,3-8 Yrs,PwC,Hyderabad,Gurugram,0.0,0.0,True,Not Disclosed,2026-09-04 17:10:27,"3-7 years experience in data analytics with expertise in SQL, Python, Power BI, Data Bricks, Snowflake, and ETL processes|Extract, clean, and analyze data; develop ETL pipelines; create dashboards; collaborate with teams; perform root cause analysis; present reports",2.csv,Data Analyst,3.3,Snowflake|Reporting|ETL|Data Bricks,4,Hyderabad,Mid,False,,,Data Science & Analytics - Other,Other IT,data bricks|reporting|etl|snowflake
110926501442,Data Strategy - Analyst,Data Analyst,Business Intelligence & Analytics,Data Science & Analytics,"Full Time, Permanent",Education / Training,2,5,2-5 Yrs,Sigma Allied Services,Bengaluru,,0.0,0.0,True,Not Disclosed,2026-09-11 15:38:49,,2.csv,Data Analyst,4.3,sigma|emerging technologies|python|visualization|data analysis|data analytics|ai|power bi|machine learning|programming languages|artificial intelligence|sql|analytics|strategy development|data strategy|data visualization|programming,17,Bengaluru,Entry,False,,,Data Analyst,Data Analyst,visualization|data analytics|ai|artificial intelligence|emerging technologies|machine learning|programming languages|analytics|strategy development|data visualization|power bi|sigma|programming|python|sql|data analysis|data strategy
110926015558,Data Collection Analyst Part Time,Sports Agent,Sports Staff and Management,"Sports, Fitness & Personal Care","Full Time, Permanent",Sports / Leisure & Recreation,0,1,0-1 Yrs,Stats Systems India,Chennai,,0.0,0.0,True,Not Disclosed,2026-09-11 15:38:50,"Pursuing graduate with sports knowledge in Football, Basketball, Tennis, Cricket and good communication skills|Collect and analyze sports data in multiple shifts",2.csv,Data Analyst,3.2,Communication Skills|Cricket|Tennis|Volleyball|Basketball|Football,6,Chennai,Entry,False,,,Sports Agent,Other IT,football|cricket|volleyball|communication skills|tennis|basketball
160926013525,Data Analyst,Business Intelligence & Analytics - Other,Business Intelligence & Analytics,Data Science & Analytics,"Full Time, Permanent",Recruitment / Staffing,3,7,3-7 Yrs,Its All About People (itaap),Bengaluru,,0.0,0.0,True,Not Disclosed,2026-09-16 12:01:44,"3-7 years experience as Data Analyst with strong Python, Power BI/Tableau, and SQL skills|Analyze complex data sets, develop databases, design visualizations, and collaborate with teams to support business decisions",2.csv,Data Analyst,,Power BI|Tableau|Python,3,Bengaluru,Mid,False,,,Business Intelligence & Analytics - Other,Other IT,power bi|python|tableau
220926503231,Data Analyst,Data Analyst,Business Intelligence & Analytics,Data Science & Analytics,"Full Time, Permanent",IT Services & Consulting,2,4,2-4 Yrs,Innocode Ventures,Jaipur,,0.0,0.0,True,Not Disclosed,2026-09-22 17:52:57,Experience with SQL and data visualization tools . |Experience with business intelligence tools . .,2.csv,Data Analyst,4.5,analytics|python|visualization|data analysis|business insights|data visualization|business intelligence|data analyst|sql|statistics,10,Jaipur,Entry,False,,,Data Analyst,Data Analyst,visualization|analytics|data visualization|business insights|statistics|data analyst|python|business intelligence|sql|data analysis
220926502946,Data Analyst,Data Analyst,Business Intelligence & Analytics,Data Science & Analytics,"Full Time, Permanent",Building Material,3,6,3-6 Yrs,Everest Industries,Mumbai,,0.0,0.0,True,Not Disclosed,2026-09-22 17:21:16,Present findings and recommendations tostakeholders in a clear and structured manner. Support ad-hoc businessanalysis and management reporting as required,2.csv,Data Analyst,3.9,automation|operations|business requirements|forecasting|management reporting|business planning|data analyst|finance|sales,9,Mumbai,Mid,False,,,Data Analyst,Data Analyst,business planning|data analyst|forecasting|operations|finance|automation|management reporting|business requirements|sales
220926049275,Data Analyst,Data Analyst,Business Intelligence & Analytics,Data Science & Analytics,"Full Time, Permanent",FMCG,2,6,2-6 Yrs,Naukri Assist,Mumbai,,1500000.0,2000000.0,False,15-20 Lacs,2026-09-22 19:04:37,"2-6 years experience as Data Analyst with proficiency in Alteryx, SSIS ETL, SQL, and Tableau|Design, develop, and maintain data analytics solutions; create dashboards and reports; troubleshoot data quality and security issues",2.csv,Data Analyst,,SSIS Packages|Data Analyst|SSIS ETL,3,Mumbai,Entry,True,1500000.0,2000000.0,Data Analyst,Data Analyst,ssis packages|ssis etl|data analyst
170926036246,Data Analyst,Other,Other,Other,"Full Time, Permanent",Miscellaneous,3,5,3-5 Yrs,Q3 technologies,Delhi / NCR,,250000.0,650000.0,False,2.5-6.5 Lacs,2026-09-17 20:49:22,,2.csv,Data Analyst,3.3,GCP|Google Cloud,2,Delhi/NCR,Mid,True,250000.0,650000.0,Other,Other IT,gcp
160926009794,Data Analyst (3 months Contract) | Remote,Data Analyst,Business Intelligence & Analytics,Data Science & Analytics,"Full Time, Temporary/Contractual",IT Services & Consulting,4,8,4-8 Yrs,Innodata India,Noida,,1200000.0,2000000.0,False,12-20 Lacs,2026-09-16 10:36:41,"Strong proficiency in SQL and analytical SQL with experience in BI/dashboard analytics and AI/LLM-generated content validation|Create and validate natural language-SQL pairs for conversational analytics, translate business questions into SQL, and ensure SQL correctness and business-rule adherence",2.csv,Data Analyst,3.7,AI|Data Analyst,2,Noida,Mid,True,1200000.0,2000000.0,Data Analyst,Data Analyst,ai|data analyst
150926016885,Data engineer /Data Analyst/Data Mapping,IT & Information Security - Other,IT & Information Security - Other,IT & Information Security,"Full Time, Permanent",IT Services & Consulting,4,7,4-7 Yrs,RiDiK,Bengaluru,,0.0,0.0,True,Not Disclosed,2026-09-15 15:04:00,"5+ years experience in data mapping, ETL/ELT, JSON/XML schema design, and cloud platforms (AWS/Azure)|Design and maintain data extraction, transformation, normalization, and mapping engines; collaborate with AI and integration teams; support data governance and pipeline troubleshooting",2.csv,Data Analyst,2.9,Data Transformation|AI Tool|Power BI|data engineer|Artificial Intelligence|Data Extraction|JSON|Data Integration|Agile Methodology|Cloud Platforms|XML|Snowflake|Data Modeling|AWS Cloud|ETL|ORACLE OPERA CLOUD CONFIGURATION,16,Bengaluru,Mid,False,,,IT & Information Security - Other,Other IT,data integration|artificial intelligence|data engineer|snowflake|json|agile methodology|ai tool|oracle opera cloud configuration|xml|power bi|data transformation|data modeling|etl|data extraction|cloud platforms|aws cloud
100926022932,Data Analyst,IT Infrastructure Services - Other,IT Infrastructure Services,IT & Information Security,"Full Time, Permanent",IT Services & Consulting,8,12,8-12 Yrs,Persistent,Pune,,0.0,0.0,True,Not Disclosed,2026-09-10 15:28:40,"8+ years in healthcare data analytics with expertise in Azure Databricks, advanced SQL, and healthcare claims data|Perform data profiling, develop source-to-target mappings, validate data pipelines, and collaborate with business and engineering teams to deliver analysis-ready datasets|Competitive salary and benefits including insurance, health check-ups, and education support",2.csv,Data Analyst,3.6,Data warehousing (DWH)|ETL|Python,3,Pune,Senior,False,,,IT Infrastructure Services - Other,DevOps / Cloud,python|data warehousing (dwh)|etl
220926015536,Functional Data Analyst Andheri East Contract role 4 Months,"BFSI, Investments & Trading - Other","BFSI, Investments & Trading - Other","BFSI, Investments & Trading","Full Time, Temporary/Contractual",Financial Services,2,5,2-5 Yrs,Intelli Search Services,Mumbai (All Areas),,200000.0,500000.0,False,2-5 Lacs,2026-09-22 13:18:00,"3-5 years experience in data validation, PDF data extraction, and Excel; fund/financial industry experience preferred|Analyze and validate data from PDFs and documents; convert unstructured data into structured formats; identify discrepancies and perform data reconciliation",2.csv,Data Analyst,,,0,Mumbai,Entry,True,200000.0,500000.0,"BFSI, Investments & Trading - Other",Other IT,
170926019911,Compensation & Benchmarking Data Analyst,Compensation & Benefits - Other,Compensation & Benefits,Human Resources,"Full Time, Permanent",Recruitment / Staffing,3,8,3-8 Yrs,Omam Consultants,New Delhi,,0.0,0.0,True,Not Disclosed,2026-09-21 16:20:26,"4+ years in Compensation & Benefits or HR Analytics with expertise in compensation benchmarking and advanced Excel and Power BI/Tableau skills|Analyze and validate salary data, conduct benchmarking, identify pay trends, and prepare detailed compensation reports",2.csv,Data Analyst,,Compensation and Benefits|Compensation Management|Market Study|Total Rewards|Rewards Analyst|Data Collection|Benefits,7,New Delhi,Mid,False,,,Compensation & Benefits - Other,Other IT,compensation management|total rewards|compensation and benefits|benefits|rewards analyst|data collection|market study
290526505346,Data Analyst,Data Analyst,Business Intelligence & Analytics,Data Science & Analytics,"Full Time, Permanent",IT Services & Consulting,2,4,2-4 Yrs,Nineleaps,Bengaluru,,0.0,0.0,True,Not Disclosed,2026-05-29 17:15:39,"Collaborate effectively with remote teams across time zones . What We re Looking For . 2 4 years of experience in Data Analytics . At least 2 years of experience in business intelligence,analytics,data engineering,or a related role . Strong proficiency in Python and SQL,including writing complex queries and working with large datasets .",2.csv,Data Analyst,4.3,Automation|Product engineering|Analytical|Data Analyst|Data analytics|Business intelligence|Analytics|SQL|Python|Data interpretation,10,Bengaluru,Entry,False,,,Data Analyst,Data Analyst,analytical|data analytics|analytics|sql|data interpretation|data analyst|python|business intelligence|product engineering|automation
240926009503,Data Analyst VBA MAcros,Business Intelligence & Analytics - Other,Business Intelligence & Analytics,Data Science & Analytics,"Full Time, Permanent",IT Services & Consulting,3,5,3-5 Yrs,Saraca Solutions,Bengaluru,,0.0,900000.0,False,0-9 Lacs,2026-09-24 09:05:20,"4-6 years experience with 2+ years in Power BI, PowerApps/Power Automate, advanced MS Excel & VBA Macros, SQL, and Python; B.E/B.Tech/B.Com degree|Develop and manage departmental automation using Power BI, PowerApps, Power Automate, VBA Macros, SQL queries, and Python scripts",2.csv,Data Analyst,4.0,,0,Bengaluru,Mid,True,,900000.0,Business Intelligence & Analytics - Other,Other IT,
240826502754,Data Analyst,Data Analyst,Business Intelligence & Analytics,Data Science & Analytics,"Full Time, Permanent",IT Services & Consulting,0,4,0-4 Yrs,Oculusit,Gurugram,,0.0,0.0,True,Not Disclosed,2026-08-24 15:46:04,"Working experience in insurance reporting,including analyzing and visualizing data.  . Connect various data sources,import and transform data for Business Intelligence purposes.  |Required Skills",2.csv,Data Analyst,2.5,ci/cd pipelines|data analysis|business requirements|power bi|cognos|business intelligence|data analyst|sql|data models|advanced sql|git|devops|jenkins|data visualization|programming|communication skills|devops tools|forecasts,18,Gurugram,Entry,False,,,Data Analyst,Data Analyst,advanced sql|devops tools|ci/cd pipelines|data models|data visualization|programming|jenkins|communication skills|power bi|forecasts|cognos|data analysis|data analyst|devops|business intelligence|sql|git|business requirements
240826015625,AI ML & Data Analyst Expert,Data Scientist,Data Science & Machine Learning,Data Science & Analytics,"Full Time, Permanent",Management Consulting,6,11,6-11 Yrs,EY,New Delhi,Gurugram,0.0,0.0,True,Not Disclosed,2026-08-24 15:48:04,"5+ years experience in AI/ML with expertise in Python, TensorFlow, Generative AI, and LLMs|Develop, train, and deploy AI/ML models; perform data analysis and build predictive models; create dashboards and optimize algorithms",2.csv,Data Analyst,3.4,Generative Ai|Data science|RAG|Data Analytics,4,New Delhi,Mid,False,,,Data Scientist,Data Scientist / ML Engineer,llm/gen ai|data analytics|rag|data science
140926916291,Data Analyst,Data Analyst,Business Intelligence & Analytics,Data Science & Analytics,"Full Time, Permanent",Industrial Equipment / Machinery (Construction Equipment),1,4,1-4 Yrs,Ecolab Global Services,Pune,,0.0,0.0,True,Not Disclosed,2026-09-14 16:18:31,"Bachelor's degree in Analytics, Finance, Economics, Engineering or related field with 4+ years in Business Intelligence or Data Analysis|Analyze sales pipeline and performance metrics, develop reports, deliver insights to improve sales velocity, and ensure data accuracy across CRM systems|Competitive salary and benefits offered",2.csv,Data Analyst,3.2,Sales Analysis|Data Validation|Economics|Business Intelligence|Insights|Use Cases|Bi|Reporting|Reporting Tools|Analytics|Life Sciences|Offshore|Excel|Sales|Strong Analytical Skills|Operations|Crm,17,Pune,Entry,False,,,Data Analyst,Data Analyst,strong analytical skills|analytics|insights|reporting tools|operations|sales analysis|reporting|offshore|data validation|use cases|crm|bi|excel|economics|life sciences|business intelligence|sales
310826923758,Data Analyst,Data Analyst,Business Intelligence & Analytics,Data Science & Analytics,"Full Time, Permanent",Power,3,6,3-6 Yrs,Hitachi Energy,Maneja,,0.0,0.0,True,Not Disclosed,2026-08-31 18:02:35,"B.E/B.Tech in Mechanical, Electrical, Computer Science, IT or Data Science Engineering with 0-1 year experience in power, energy or infrastructure projects|Develop and automate dashboards, reports using Power BI and Power Platform; analyze engineering productivity and resource planning data; ensure data quality and governance; collaborate with stakeholders to deliver data-driven insights",2.csv,Data Analyst,4.0,analytics platforms|data analytics|business requirements|analytics tools|auditing|business intelligence|artificial intelligence|data analyst|analytics|data quality|automation|data science|data governance,13,Maneja,Mid,False,,,Data Analyst,Data Analyst,data analytics|data quality|artificial intelligence|data governance|analytics|analytics tools|analytics platforms|auditing|data analyst|business intelligence|automation|business requirements|data science
260826030765,Data Analyst,Data Analyst,Business Intelligence & Analytics,Data Science & Analytics,"Full Time, Permanent",Real Estate,2,5,2-5 Yrs,The House of Abhinandan Lodha,Mumbai (All Areas),,700000.0,850000.0,False,7-8.5 Lacs,2026-08-26 19:22:42,"Bachelor's degree in Data Science or related field with 2-3 years experience; advanced Python and SQL skills; experience handling large-scale data and data quality validation|Aggregate, clean, and process data; maintain data pipelines; analyze data for insights; build segments and forecasting models; develop KPIs and automated reports; collaborate cross-functionally",2.csv,Data Analyst,4.3,BI Tools|BI|Data Analysis|Data Visualization|Data Warehousing|Dashboards,6,Mumbai,Entry,True,700000.0,850000.0,Data Analyst,Data Analyst,dashboards|bi tools|data warehousing|data visualization|bi|data analysis
150926505278,Data Analyst,Data Analyst,Business Intelligence & Analytics,Data Science & Analytics,"Full Time, Permanent",Electrical Equipment,8,13,8-13 Yrs,Intelex Technologies Ulc,Bengaluru,,0.0,0.0,True,Not Disclosed,2026-09-15 18:15:12,"Build models that explain why performance shifts occur (pushes,pulls,slips),not just what happened.  | 4-8+ years experience in Data Analytics,Sales Analytics,Revenue Analytics,or similar roles.  . Strong experience with predictive modeling,forecasting logic,and statistical analysis.  |Experience building BI dashboards and scalable reporting frameworks.",2.csv,Data Analyst,3.1,Sales operations|Architecture|System integration|Healthcare|Predictive modeling|Data quality|Forecasting|Operations|Analytics|performance measurement,10,Bengaluru,Senior,False,,,Data Analyst,Data Analyst,system integration|data quality|performance measurement|analytics|operations|predictive modeling|architecture|sales operations|forecasting|healthcare
150926033999,Data Analyst,Other,Other,Other,"Full Time, Permanent",IT Services & Consulting,4,6,4-6 Yrs,Everforth Quinnox,Bengaluru,,0.0,0.0,True,Not Disclosed,2026-09-15 18:00:28,"6 years in data analytics with expertise in Zendesk administration, Power BI, SQL, Power Automate, and Python|Manage and improve Zendesk and Power BI dashboards, support ad-hoc reporting, analyze KPIs and SLAs, automate processes, and provide training",2.csv,Data Analyst,3.9,API Development,1,Bengaluru,Mid,False,,,Other,Other IT,api development
110926013818,Data Analyst- L4,Data Science & Analytics - Other,Data Science & Analytics - Other,Data Science & Analytics,"Full Time, Permanent",Retail,2,5,2-5 Yrs,Target,Bengaluru,,0.0,0.0,True,Not Disclosed,2026-09-11 14:52:45,"2-6 years experience with 1-3 years in analytics; proficiency in SQL, BI tools (Power BI, Looker, Tableau), and large-scale data platforms like GCP BigQuery; knowledge of predictive analytics and Generative AI applications|Execute data analysis for merchandising decisions, develop reports and dashboards, support data pipelines, apply predictive techniques, and communicate findings using AI summaries",2.csv,Data Analyst,4.1,Power BI|Data Visualization|AWS|Deep Learning|Python,5,Bengaluru,Entry,False,,,Data Science & Analytics - Other,Other IT,data visualization|power bi|aws|python|deep learning
100926926556,Environmental Data Analyst,Data Analyst,Business Intelligence & Analytics,Data Science & Analytics,"Full Time, Permanent",Banking,1,3,1-3 Yrs,Tradeweb,Bengaluru,,0.0,0.0,True,Not Disclosed,2026-09-10 16:39:00,"1-3 years experience in environmental data or sustainability reporting, advanced Excel skills, working knowledge of GHG Protocol, ability to automate analyses using AI|Collect and validate GHG data, maintain inventory and accounting systems, prepare assurance evidence, automate repetitive analyses",2.csv,Data Analyst,2.3,Acquisitions|Automation|Financial Services|Electronic Trading|Business Travel|Ai|Ipo|Data Analyst|Data Collection|Analytics|Hedge Funds|Data Quality|Emerging Technologies|Data Analysis|Financial Markets|Accounting Systems,16,Bengaluru,Entry,False,,,Data Analyst,Data Analyst,electronic trading|ai|data quality|business travel|analytics|emerging technologies|data collection|financial services|accounting systems|data analysis|acquisitions|data analyst|financial markets|automation|hedge funds|ipo
40926011372,Data Analyst,Data Analyst,Business Intelligence & Analytics,Data Science & Analytics,"Full Time, Permanent",Miscellaneous,3,8,3-8 Yrs,Navneet Education,Mumbai (All Areas),,200000.0,700000.0,False,2-7 Lacs,2026-09-04 11:17:31,"Bachelor's degree with Power BI (DAX, Power Query), SQL/MySQL, Python for data analysis, ERP/CRM data integration experience|Design and maintain dashboards and reports, conduct segmentation and operational data analysis, build ETL pipelines, support stakeholder reporting needs",2.csv,Data Analyst,4.6,Insights|Power BI|Advanced Excel|Tableau|Reporting|Forecasting|Analytics|SQL|Data Visualization|Business Insights|Dashboards|Python,12,Mumbai,Mid,True,200000.0,700000.0,Data Analyst,Data Analyst,dashboards|analytics|insights|tableau|reporting|data visualization|advanced excel|power bi|business insights|forecasting|python|sql
110926004524,Data Surveillance Analyst,Data Analyst,Business Intelligence & Analytics,Data Science & Analytics,"Full Time, Permanent",Pharmaceutical & Life Sciences,2,5,2-5 Yrs,Parexel,India,,0.0,0.0,True,Not Disclosed,2026-09-11 10:23:56,"Degree in medical, biological science, pharmacy or data analytics; 2+ years clinical/data management experience; basic SAS programming and SQL scripting skills|Develop and maintain Data Surveillance Plans and technologies; review data and Quality Tolerance Limits; document findings and escalate issues; participate in meetings and audits; collaborate with teams to support project goals",2.csv,Data Analyst,3.8,Issue|Time Management|SAS|Clinical|Data Operations|SAS Programming|Sdtm|Ctms|Triage|Monitoring|EDMS|Data Management|Trend|Management|MS Office|Analytics|SQL|Communication Skills|Data Quality|Consulting|Data Analysis|Medical|Data Analytics|SQL Scripting|Interpersonal Skills,25,India,Entry,False,,,Data Analyst,Data Analyst,edms|clinical|data management|ms office|data quality|analytics|sas|communication skills|management|data operations|ctms|trend|monitoring|consulting|sdtm|data analysis|data analytics|medical|time management|interpersonal skills|sql scripting|sas programming|sql|triage|issue
250826007901,Data Analyst,Data Analyst,Business Intelligence & Analytics,Data Science & Analytics,"Full Time, Permanent",IT Services & Consulting,6,11,6-11 Yrs,Tata Consultancy Services,Gurugram,,0.0,0.0,True,Not Disclosed,2026-08-25 09:15:58,"Experience with Erwin/Snowflake data modeling and Informatica ETL tools|Develop and maintain data models, support Power BI reports, collaborate with stakeholders, and implement ETL processes",2.csv,Data Analyst,3.2,,0,Gurugram,Mid,False,,,Data Analyst,Data Analyst,
110926024675,Data Analyst,Data Analyst,Business Intelligence & Analytics,Data Science & Analytics,"Full Time, Permanent",IT Services & Consulting,3,8,3-8 Yrs,Integel Institute Of Technology Tamil Nadu,Hyderabad,Chennai,700000.0,1700000.0,False,7-17 Lacs,2026-09-11 22:15:24,"3-8 years experience in data engineering with expertise in SQL, Python, PySpark, Airflow/ADF/Glue, and cloud platforms (AWS/Azure/GCP)|Design, build, and maintain ETL/ELT pipelines; develop scalable data workflows; manage data lakes and warehouses; ensure data quality and governance; optimize pipeline performance; collaborate with data teams; implement monitoring and security compliance",2.csv,Data Analyst,,Airflow|Hadoop|Kafka|Ci/Cd|JIRA|Data Bricks|Apache Spark|Jenkins|Docker|NoSQL Databases|Snowflake|Agile|Git & CI/CD Pipelines|Data Lake|Cloud Data Services|Data Modeling|ETL|Python|ETL Development,19,Hyderabad,Mid,True,700000.0,1700000.0,Data Analyst,Data Analyst,etl development|agile|data modeling|etl|apache spark|data lake|jira|python|nosql databases|jenkins|kafka|ci/cd|airflow|snowflake|docker|hadoop|git & ci/cd pipelines|cloud data services|data bricks
110926010330,Data Analyst,Business Intelligence & Analytics - Other,Business Intelligence & Analytics,Data Science & Analytics,"Full Time, Permanent",Miscellaneous,6,10,6-10 Yrs,Vipany Global,Bengaluru,,500000.0,2000000.0,False,5-20 Lacs,2026-09-11 12:55:01,"6-9 years experience with 3+ years in Alteryx workflow development and business-focused visualizations (Tableau, Excel, Looker); strong SQL skills; Python and GCP knowledge a plus|Design and implement data visualizations and UIs leveraging GCP and AtScale; maintain and improve Alteryx workflows; collaborate with stakeholders to translate business needs into analytics solutions; re-architect existing visualizations to GCP",2.csv,Data Analyst,,Airflow|GCP|Microsoft Azure|Tableau|AWS|SQL,6,Bengaluru,Mid,True,500000.0,2000000.0,Business Intelligence & Analytics - Other,Other IT,azure|gcp|tableau|aws|airflow|sql
100926013964,Data Analyst,Business Intelligence & Analytics - Other,Business Intelligence & Analytics,Data Science & Analytics,"Full Time, Permanent",Recruitment / Staffing,5,8,5-8 Yrs,Quess IT Solutions,Hyderabad,Bengaluru,0.0,0.0,True,Not Disclosed,2026-09-10 11:57:32,"5-8 years BFSI experience with Profisee and Pyspark expertise|Design and maintain data models, develop automated reports using Power BI/Tableau, implement MDM processes with MongoDB",2.csv,Data Analyst,,Pyspark|Power BI|Bfsi|Master Data Management|MongoDB|Data Analyst|Tableau|Profisee|Python,9,Hyderabad,Mid,False,,,Business Intelligence & Analytics - Other,Other IT,apache spark|bfsi|tableau|power bi|profisee|data analyst|python|mongodb|master data management
250826031178,Data Analyst,Data Analyst,Business Intelligence & Analytics,Data Science & Analytics,"Full Time, Permanent",Analytics / KPO / Research,0,5,0-5 Yrs,Avom Consultants,Bengaluru,,500000.0,1200000.0,False,5-12 Lacs,2026-08-25 20:43:50,"Strong skills in SQL, Excel, Power BI/Tableau and data visualization|Analyze business data, build dashboards and reports, identify trends and support data-driven decisions",2.csv,Data Analyst,,BI Tools|Business Intelligence|Power BI|Business Analytics|BI|Data Extraction|Data Mining|Data Cleansing|Tableau|data analyst|SQL|Business Analysis|Data Manipulation|Data Analysis|Data Visualization|Dashboards|Data Warehousing|Data Reporting,18,Bengaluru,Entry,True,500000.0,1200000.0,Data Analyst,Data Analyst,dashboards|business intelligence|data manipulation|bi tools|data mining|tableau|data visualization|data warehousing|power bi|data cleansing|business analysis|bi|data extraction|data analyst|business analytics|sql|data reporting|data analysis
40926000078,Data Analyst,Data Science & Analytics - Other,Data Science & Analytics - Other,Data Science & Analytics,"Full Time, Permanent",Recruitment / Staffing,0,1,0-1 Yrs,Jobaaj Com,Gurugram,Bengaluru,350000.0,600000.0,False,3.5-6 Lacs,2026-09-04 00:27:37,"Strong hands-on experience with Microsoft Power BI, advanced knowledge of DAX, Power Query (M), and SQL|Design, build, and maintain interactive Power BI dashboards and reports; translate business requirements into BI solutions; develop robust data models",2.csv,Data Analyst,,Data Transformation|Business Intelligence|Advanced Excel|ELT|MIS Reporting|Power Query|SQL|Data Analysis|Data Visualization|Data Modeling|Dashboard Development|KPI Reporting|ETL|Power BI Service,14,Gurugram,Entry,True,350000.0,600000.0,Data Science & Analytics - Other,Other IT,kpi reporting|power bi service|data visualization|advanced excel|elt|data transformation|mis reporting|data modeling|dashboard development|etl|power query|business intelligence|sql|data analysis
270826018208,Data Analyst- Geology,Data Analyst,Business Intelligence & Analytics,Data Science & Analytics,"Full Time, Permanent",Financial Services,0,1,0-1 Yrs,S&P Global Market Intelligence,Bengaluru,,0.0,0.0,True,Not Disclosed,2026-08-27 14:23:26,"Degree in Geology, Petroleum, Chemical, or Power Engineering with expertise in wells, power plant, and transmission data|Extract, validate, and analyze energy asset data; research companies and projects; maintain and update databases; resolve client queries; collaborate on data quality improvements",2.csv,Data Analyst,3.9,Drilling|Exploration,2,Bengaluru,Entry,False,,,Data Analyst,Data Analyst,exploration|drilling
290822500368,Data Analyst,Data Analyst,Business Intelligence & Analytics,Data Science & Analytics,"Full Time, Permanent",Internet,0,3,0-3 Yrs,Augie,Bengaluru,,0.0,0.0,True,Not Disclosed,2022-08-29 17:38:13,Responsible for co-ordinating data with other teams with proper understanding of the data requirement presentations .,2.csv,Data Analyst,3.1,Market analysis|Usage|Excel|Data collection|Database|Data Analyst|data visualization|Troubleshooting|Powerpoint,9,Bengaluru,Entry,False,,,Data Analyst,Data Analyst,market analysis|data visualization|usage|data collection|powerpoint|excel|data analyst|troubleshooting|database
240226500948,Data Analyst,Data Analyst,Business Intelligence & Analytics,Data Science & Analytics,"Full Time, Permanent",Real Estate,0,1,0-1 Yrs,RR Groups,Bengaluru,,0.0,0.0,True,Not Disclosed,2026-02-24 17:00:35,"Role Overview:  . We are seeking a highly motivated Fresher Data Analyst to join our growing team| Bachelors degree in Data Science,Statistics,Computer Science,or related field| Good knowledge of Excel and basic SQL",2.csv,Data Analyst,3.0,data analysis|modeling|documentation|bi|strong analytical skills|power bi|problem solving|dashboards|sql|excel|tableau|data modeling|data science|google data studio|business insights|data visualization|communication skills|statistics,18,Bengaluru,Entry,False,,,Data Analyst,Data Analyst,dashboards|google data studio|documentation|sql|problem solving|tableau|data visualization|communication skills|power bi|data modeling|business insights|bi|excel|statistics|data science|modeling|data analysis|strong analytical skills
170524500934,Data Analyst,Data Analyst,Business Intelligence & Analytics,Data Science & Analytics,"Full Time, Permanent",IT Services & Consulting,0,3,0-3 Yrs,Digital Glyde,Kolkata,Mumbai,0.0,0.0,True,Not Disclosed,2024-05-17 16:54:51,"Bachelor s degree in a quantitative field (e.g.,Statistics,Mathematics,Economics) or relevant experience| . 0-3 years of experience in data analysis or a related field|Experience with SQL or other query languages",2.csv,Data Analyst,3.3,Data analysis|Excel|Statistical analysis|Analytical|power bi|data integrity|Data Analyst|data visualization|SQL|Python,10,Kolkata,Entry,False,,,Data Analyst,Data Analyst,analytical|data integrity|statistical analysis|data visualization|power bi|excel|data analyst|python|sql|data analysis
110626504564,Fresher - Data Analyst,Data Analyst,Business Intelligence & Analytics,Data Science & Analytics,"Full Time, Permanent",IT Services & Consulting,0,1,0-1 Yrs,Gravitix Tech Solutions,Visakhapatnam,,0.0,0.0,True,Not Disclosed,2026-06-11 17:17:13,,2.csv,Data Analyst,,Computer science|Data analysis|Data validation|Data modeling|Analytical|data visualization|Business intelligence|Internship|SQL|Python,10,Visakhapatnam,Entry,False,,,Data Analyst,Data Analyst,analytical|computer science|data visualization|data modeling|data validation|python|business intelligence|sql|internship|data analysis
240826005949,Data Analyst,Data Analyst,Business Intelligence & Analytics,Data Science & Analytics,"Full Time, Permanent",Recruitment / Staffing,1,2,1-2 Yrs,Firstmeridian Global Services,Bengaluru,,375000.0,400000.0,False,3.75-4 Lacs,2026-08-24 11:46:03,"Strong knowledge of SQL, proficiency in advanced Microsoft Excel, and experience with Python or R for data analysis|Extract and analyze data, perform data cleaning and transformation, create visualizations using Power BI or Tableau, and manage multiple tasks to meet deadlines",2.csv,Data Analyst,,,0,Bengaluru,Entry,True,375000.0,400000.0,Data Analyst,Data Analyst,
100926021143,Data Analyst,Data Analyst,Business Intelligence & Analytics,Data Science & Analytics,"Full Time, Permanent",IT Services & Consulting,5,7,5-7 Yrs,E4 Software Services,Mumbai (All Areas),,500000.0,1400000.0,False,5-14 Lacs,2026-09-10 14:52:21,"5–7 years experience as Data Analyst with strong SQL and advanced Excel skills|Analyze data using BI tools like Tableau and Domo, track KPIs and trends",2.csv,Data Analyst,4.0,Power BI|BI,2,Mumbai,Mid,True,500000.0,1400000.0,Data Analyst,Data Analyst,power bi|bi
100926018037,Data Analyst,Data Science & Analytics - Other,Data Science & Analytics - Other,Data Science & Analytics,"Full Time, Permanent",Hardware & Networking,2,6,2-6 Yrs,Unique Enterprises,Mumbai (All Areas),,50000.0,70000.0,False,"50,000-70,000",2026-09-10 13:21:50,"Advanced MS Excel skills including VLOOKUP/XLOOKUP, Pivot Tables, Power Query; basic SQL and Power BI preferred|Collect and validate workforce data, manage bulk uploads, track KYC transactions, and generate reports and MIS",2.csv,Data Analyst,,Data Presentation|Data Validation|Data Crunching|Data Processing|Data Analytics|Data Reporting,6,Mumbai,Entry,True,50000.0,70000.0,Data Science & Analytics - Other,Other IT,data analytics|data presentation|data validation|data reporting|data crunching|data processing
100926013358,Data Analyst,IT & Information Security - Other,IT & Information Security - Other,IT & Information Security,"Full Time, Permanent",IT Services & Consulting,2,3,2-3 Yrs,Syansoft,Hyderabad,,0.0,0.0,True,Not Disclosed,2026-09-10 11:45:04,"0-1 year experience in transport logistics, business or technical degree desirable, advanced Excel and data analytics skills|Manage logistics tracking data, shipment milestones, alerts, delays, reporting, and stakeholder coordination in Hyderabad",2.csv,Data Analyst,3.7,Excel|Power Point|Data Analysis|Advanced Excel|Data Analytics,5,Hyderabad,Entry,False,,,IT & Information Security - Other,Other IT,data analytics|power point|advanced excel|excel|data analysis
160926022217,Data Governance Analyst,Data Science & Analytics - Other,Data Science & Analytics - Other,Data Science & Analytics,"Full Time, Permanent",Software Product,3,5,3-5 Yrs,Aon,Bengaluru,,0.0,0.0,True,Not Disclosed,2026-09-16 13:34:50,"3-5 years experience in metadata management with knowledge of data catalogue solutions, SQL skills, and insurance industry data standards|Analyze metadata and taxonomy structures, administer data catalogue, ensure metadata quality and compliance, support data teams, and maintain documentation",2.csv,Data Analyst,3.8,Metadata|Unity Catalog|alation|SQL,4,Bengaluru,Mid,False,,,Data Science & Analytics - Other,Other IT,alation|unity catalog|metadata|sql
160926021076,Data Governance Analyst,Data Analyst,Business Intelligence & Analytics,Data Science & Analytics,"Full Time, Permanent",Financial Services,3,5,3-5 Yrs,Aon,Bengaluru,,1000000.0,2000000.0,False,10-20 Lacs,2026-09-16 13:22:28,"3-5 years experience in metadata management with knowledge of data catalogue solutions and SQL|Analyze metadata and taxonomy structures, administer data catalogue, ensure metadata quality, support data teams, and maintain documentation",2.csv,Data Analyst,3.8,Metadata|Catalog,2,Bengaluru,Mid,True,1000000.0,2000000.0,Data Analyst,Data Analyst,catalog|metadata
270325503411,Data Analyst,Data Analyst,Business Intelligence & Analytics,Data Science & Analytics,"Full Time, Permanent",Engineering & Construction,2,5,2-5 Yrs,Kaba Group,New Delhi,,0.0,0.0,True,Not Disclosed,2025-03-27 17:34:49,,2.csv,Data Analyst,5.0,metadata|python|data analysis|data management|data analytics|data validation|configuration|data mining|data integrity|dashboards|master data management|cleansing|sql|data cleansing|excel|tableau|quality assurance|data visualization|reporting,19,New Delhi,Entry,False,,,Data Analyst,Data Analyst,metadata|data validation|data management|quality assurance|cleansing|tableau|configuration|python|data cleansing|data mining|data visualization|data analysis|master data management|dashboards|data analytics|data integrity|reporting|excel|sql
140726502840,Data Analyst,Data Analyst,Business Intelligence & Analytics,Data Science & Analytics,"Full Time, Permanent",Banking,3,6,3-6 Yrs,Credence Resource Management,Pune,,0.0,0.0,True,Not Disclosed,2026-07-14 16:28:39,"Hands-on experience with Power BI,Tableau,SQL Server,Snowflake,Redshift|Bachelors or Masters degree in Data Analytics,Statistics,Computer Science,Information Systems,or related fields|Experience in US Healthcare,RCM,or other regulated domains is preferred|Experience |6+ years of experience in data analysis,BI,or analytics roles",2.csv,Data Analyst,2.9,dba|data analysis|data analytics|data pipelines|ai|edi|data engineering|data analyst|clinical data|analytics|cloud|advanced sql|automation|apis|advanced excel|compliance|devops|design|data governance|aws|ai model|azure,22,Pune,Mid,False,,,Data Analyst,Data Analyst,dba|data pipelines|edi|data engineering|data analyst|devops|advanced sql|analytics|advanced excel|design|apis|data analysis|ai|data analytics|clinical data|data governance|azure|ai model|aws|cloud|compliance|automation
10926035164,Data Analyst at A FinTech Company,Data Analyst,Business Intelligence & Analytics,Data Science & Analytics,"Full Time, Permanent",FinTech / Payments,0,3,0-3 Yrs,Talentzo Delhi,Bengaluru,,1200000.0,1600000.0,False,12-16 Lacs,2026-09-01 18:30:20,"Experience in techno-functional/channel data management with advanced Excel skills including VLOOKUP, PivotTables, and Macros|Manage data integration and quality, create BI dashboards and reports, monitor KPIs, and analyze trends to improve channel and supply chain performance",2.csv,Data Analyst,,Data Analysis|SQL,2,Bengaluru,Entry,True,1200000.0,1600000.0,Data Analyst,Data Analyst,sql|data analysis
60325504935,DATA ANALYST / DATA EXECUTIVE,Data Analyst,Business Intelligence & Analytics,Data Science & Analytics,"Full Time, Permanent",IT Services & Consulting,0,3,0-3 Yrs,Anutech Solutions,Vijayawada,,0.0,0.0,True,Not Disclosed,2025-03-06 18:03:59,,2.csv,Data Analyst,4.8,Data Analyst|Data Executive,2,Vijayawada,Entry,False,,,Data Analyst,Data Analyst,data executive|data analyst
160926021930,Data Analyst,Data Analyst,Business Intelligence & Analytics,Data Science & Analytics,"Full Time, Permanent",IT Services & Consulting,1,3,1-3 Yrs,Classplus,Noida,,0.0,0.0,True,Not Disclosed,2026-09-16 13:31:19,"Bachelor’s degree in Computer Science, Statistics, Economics or related field with 2+ years experience; proficiency in SQL, MongoDB, and Python|Design dashboards and reports, collaborate with teams to gather data needs, automate data processes using Python",2.csv,Data Analyst,3.5,Advanced Excel|Tableau|SQL|Python,4,Noida,Entry,False,,,Data Analyst,Data Analyst,sql|python|tableau|advanced excel
190626017226,Data Analyst - Fixed Term (3 years),Data Analyst,Business Intelligence & Analytics,Data Science & Analytics,"Full Time, Permanent",Industrial Equipment / Machinery,4,9,4-9 Yrs,CUMI,Chennai,,700000.0,1000000.0,False,7-10 Lacs,2026-09-17 16:00:54,"Experience in data analysis and reporting with expertise in sales performance dashboards|Develop and analyze sales dashboards, report productivity and scorecards, support sales teams with data, manage sales incentive payouts, and provide app training to new joiners",2.csv,Data Analyst,3.7,Data Extraction|Data Reporting,2,Chennai,Mid,True,700000.0,1000000.0,Data Analyst,Data Analyst,data reporting|data extraction
170926502994,Data Analyst,Data Analyst,Business Intelligence & Analytics,Data Science & Analytics,"Full Time, Permanent",Consumer Electronics & Appliances,2,4,2-4 Yrs,Becon,Mumbai,,0.0,0.0,True,Not Disclosed,2026-09-17 17:10:30,"Knowledge of SQL and Power BI is preferred.  . Strong analytical and problem-solving skills.  . Good understanding of inventory,demand planning,and supply chain processes .  . FMCG / D2C / Retail / E-commerce experience will be an advantage.  . Disclaimer: This job posting has been aggregated from external source",2.csv,Data Analyst,4.5,Supply chain|Procurement|Demand planning|MIS|Analytical|Business analytics|Data Analyst|FMCG|Operations|SQL,10,Mumbai,Entry,False,,,Data Analyst,Data Analyst,supply chain|analytical|procurement|operations|fmcg|data analyst|mis|demand planning|business analytics|sql
170926502693,Data Analyst,Data Analyst,Business Intelligence & Analytics,Data Science & Analytics,"Full Time, Permanent",IT Services & Consulting,3,7,3-7 Yrs,Pi Square Technologies,Chennai,,0.0,0.0,True,Not Disclosed,2026-09-17 17:09:53,"45. days maximum. We are hiring Data Analysts to work across dashboarding & BI,data modeling,data quality,and analytics functions supporting our clients|Experience:  . 3",2.csv,Data Analyst,3.6,Automation|Data modeling|Project management|Analytical|Reconciliation|Consulting|Data quality|Stakeholder management|Analytics|SQL,10,Chennai,Mid,False,,,Data Analyst,Data Analyst,analytical|data quality|analytics|project management|reconciliation|data modeling|consulting|sql|automation|stakeholder management
170926500060,Litigation Data Analyst,Data Analyst,Business Intelligence & Analytics,Data Science & Analytics,"Full Time, Permanent",IT Services & Consulting,3,8,3-8 Yrs,Kldiscovery,Remote,,0.0,0.0,True,Not Disclosed,2026-09-17 15:47:00,"Remote,work from home opportunity|This position does not require any license or certification in order to be considered . |Qualifications . Bachelors degree or professional experience (3+ years) . Strong knowledge / working experience of E-Discovery tools,especially,Relativity . .",2.csv,Data Analyst,3.8,data management|hosting|customer service|ai|disaster recovery|ediscovery|data analyst|learning and development|incident response|cyber|automation|data recovery|litigation|compliance|legal|litigation support|communication skills,17,Remote,Mid,False,,,Data Analyst,Data Analyst,ai|learning and development|litigation|incident response|compliance|communication skills|ediscovery|legal|hosting|data recovery|cyber|customer service|data analyst|litigation support|data management|automation|disaster recovery
170926031702,Data Analyst,eCommerce Executive,eCommerce Operations,"Merchandising, Retail & eCommerce","Full Time, Permanent",Consumer Electronics & Appliances,1,4,1-4 Yrs,Hamilton Housewares,Mumbai Suburban,Mumbai (All Areas),300000.0,500000.0,False,3-5 Lacs,2026-09-17 17:37:15,,2.csv,Data Analyst,3.8,MIS|Data Visualization|Macros|Data Reporting,4,Mumbai,Entry,True,300000.0,500000.0,eCommerce Executive,Other IT,data visualization|data reporting|macros|mis
170926012906,Data Analyst,IT & Information Security - Other,IT & Information Security - Other,IT & Information Security,"Full Time, Permanent",Recruitment / Staffing,5,7,5-7 Yrs,Net Connect,Mumbai (All Areas),,0.0,0.0,True,Not Disclosed,2026-09-17 11:22:55,"Proficiency in Python, data visualization (PowerBI, Tableau), Dataiku, statistical modeling (hypothesis testing, regression); knowledge of AML/CTF and transaction monitoring tuning|Perform statistical evaluations for compliance, deliver data-driven insights on AML/KYC models, develop and execute UAT test plans, conduct end-to-end testing of compliance platforms, prepare detailed documentation",2.csv,Data Analyst,3.0,hypothesis testing|data visualization|SQL,3,Mumbai,Mid,False,,,IT & Information Security - Other,Other IT,hypothesis testing|sql|data visualization
160926038195,Data Analyst,IT & Information Security - Other,IT & Information Security - Other,IT & Information Security,"Full Time, Permanent",Recruitment / Staffing,7,9,7-9 Yrs,Net Connect,Chennai,,0.0,0.0,True,Not Disclosed,2026-09-16 16:32:34,"Experience in transversal security or IT roles with Python, DataFrame (Pandas or Polars), SQL, or Power Apps expertise|Support implementation of information security and risk management, coordinate awareness initiatives, monitor IT squad accesses, manage vulnerability and patch management, and document procedures",2.csv,Data Analyst,3.0,Power BI|Data Analysis|DataFrame,3,Chennai,Senior,False,,,IT & Information Security - Other,Other IT,power bi|dataframe|data analysis
150926935160,Data Analyst,Data Analyst,Business Intelligence & Analytics,Data Science & Analytics,"Full Time, Permanent",Legal,7,12,7-12 Yrs,Cornerstone,Hyderabad,Pune,0.0,0.0,True,Not Disclosed,2026-09-15 18:12:05,". We are seeking an experienced Data Analyst to join our Enterprise Data Management team. .,with a core focus on Data Quality,Data Governance,and Master Data Management (MDM)|Preferred Qualifications: . .",2.csv,Data Analyst,3.3,snowflake|python|erp|tableau dashboards|oracle|data analysis|data management|process improvement|master data management|sql|salesforce|data quality|tableau|mdm|data governance|data visualization|data integration,17,Hyderabad,Senior,False,,,Data Analyst,Data Analyst,process improvement|data governance|data quality|mdm|data integration|oracle|snowflake|salesforce|sql|tableau|data visualization|tableau dashboards|python|data management|erp|data analysis|master data management
110926503621,Data Analyst,Data Analyst,Business Intelligence & Analytics,Data Science & Analytics,"Full Time, Permanent",Education / Training,1,3,1-3 Yrs,Iide Education,Mumbai,,0.0,0.0,True,Not Disclosed,2026-09-11 15:53:10,"Experience with ETL tools or orchestration platforms such as Apache Airflow,Airbyte,Prefect,or similar. Hands-on experience with at least one reporting / BI tool: Looker Studio,Power BI,Zoho Analytics,Tableau,or similar. Proficient in Microsoft Excel and / or Google Sheets,including formulas,pivot tables,and data validation. | Should Have",2.csv,Data Analyst,4.0,cloud data|business requirements|airflow|ai|business analytics|analytics|cloud|advanced sql|apache|automation|automation tools|apis|bigquery|aws|business operations|apache airflow|architecture|azure,18,Mumbai,Entry,False,,,Data Analyst,Data Analyst,ai|automation tools|bigquery|azure|cloud data|analytics|apache airflow|business operations|aws|airflow|cloud|apache|architecture|business analytics|advanced sql|automation|apis|business requirements
110926501798,Data Analyst - Visit Networld,Data Analyst,Business Intelligence & Analytics,Data Science & Analytics,"Full Time, Permanent",IT Services & Consulting,2,3,2-3 Yrs,Networld,Rajkot,,0.0,0.0,True,Not Disclosed,2026-09-11 15:39:23,,2.csv,Data Analyst,4.0,ms excel|search engines|data management|ms word|google sheets|online research|data analyst|research|communication skills,9,Rajkot,Entry,False,,,Data Analyst,Data Analyst,ms excel|google sheets|communication skills|research|data analyst|data management|ms word|online research|search engines
100926504155,Data Analyst,Data Analyst,Business Intelligence & Analytics,Data Science & Analytics,"Full Time, Permanent",IT Services & Consulting,1,3,1-3 Yrs,Slash Mark,REMOTE,,0.0,0.0,True,Not Disclosed,2026-09-10 17:57:07,"Eligibility: Bachelors (BTech,BSc,Statistics,or related fields) .",2.csv,Data Analyst,4.4,python|visualization|power bi|data analyst|sql|statistics,6,REMOTE,Entry,False,,,Data Analyst,Data Analyst,visualization|power bi|statistics|data analyst|python|sql
100926021093,Hiring Data Analyst,Data Science & Analytics - Other,Data Science & Analytics - Other,Data Science & Analytics,"Full Time, Permanent",Software Product,1,4,1-4 Yrs,Mechademy,Gurugram,Delhi / NCR,700000.0,1100000.0,False,7-11 Lacs,2026-09-10 14:50:44,"1-3 years experience with Python proficiency and time-series data analysis|Analyze raw industrial sensor data to identify anomalies, quantify asset performance, produce analytical reports, and support product analytics",2.csv,Data Analyst,3.3,Amplitude|Time Series Analysis|Advanced Analytics|Product Analysis|Ab Testing|Mixpanel|Numpy,7,Gurugram,Entry,True,700000.0,1100000.0,Data Science & Analytics - Other,Other IT,time series analysis|numpy|mixpanel|product analysis|advanced analytics|ab testing|amplitude
100926013381,Data Analyst,Data Analyst,Business Intelligence & Analytics,Data Science & Analytics,"Full Time, Permanent",IT Services & Consulting,1,1,1 Yrs,Mindpool Technologies,Pune,,50000.0,250000.0,False,"50,000-2.5 Lacs",2026-09-10 11:45:30,"6 months to 1 year experience with SQL Server, Microsoft Office (Excel pivot tables, charts), and QA/testing skills|Execute daily reports, write and run SQL queries and stored procedures, maintain client setups and configurations, liaise with business analysts and clients",2.csv,Data Analyst,3.3,Pivot Table|Excel|Pivot Chart|Excellent Communication In English|testing|Maintenance|MS Office,7,Pune,Entry,True,50000.0,250000.0,Data Analyst,Data Analyst,ms office|pivot chart|maintenance|testing|excellent communication in english|excel|pivot table
160926501135,Data Analyst,Data Analyst,Business Intelligence & Analytics,Data Science & Analytics,"Full Time, Permanent",IT Services & Consulting,1,3,1-3 Yrs,Indian Internet Solutions,Chhatrapati Sambhajinagar,,0.0,0.0,True,Not Disclosed,2026-09-16 17:25:02,,2.csv,Data Analyst,1.4,algorithms|emerging technologies|python|data analysis|power bi|communication and interpersonal skills|programming languages|data analyst|tableau|operations|data systems|data structures|data visualization|business operations|programming,15,Chhatrapati Sambhajinagar,Entry,False,,,Data Analyst,Data Analyst,emerging technologies|algorithms|programming languages|operations|data systems|tableau|data visualization|communication and interpersonal skills|programming|power bi|data structures|business operations|data analyst|python|data analysis
150926504158,Data Analyst,Data Analyst,Business Intelligence & Analytics,Data Science & Analytics,"Full Time, Permanent",IT Services & Consulting,2,3,2-3 Yrs,Zcodia Technologies,Chennai,,0.0,0.0,True,Not Disclosed,2026-09-15 18:13:17,,2.csv,Data Analyst,3.3,data quality|database management|visualization|data analysis|data systems|data visualization|analytical skills|technical documentation|business intelligence|data analyst,10,Chennai,Entry,False,,,Data Analyst,Data Analyst,data quality|technical documentation|database management|data visualization|analytical skills|data analyst|data systems|visualization|business intelligence|data analysis
150926009239,Data Analyst,Data Science & Analytics - Other,Data Science & Analytics - Other,Data Science & Analytics,"Full Time, Permanent",FMCG,2,7,2-7 Yrs,Naga,Dindigul,,0.0,0.0,True,Not Disclosed,2026-09-15 11:59:47,"2-5 years experience in data analytics with expertise in Power BI (DAX, Power Query, Data Modelling), MySQL/SQL query optimization, Python for automation and data processing, and knowledge of Generative AI/Agentic AI|Collect, validate, and analyze data from multiple sources; develop and maintain Power BI dashboards and reports; write and optimize SQL queries; automate reporting using Python and APIs; explore AI for analytics and decision support; troubleshoot data and connectivity issues",2.csv,Data Analyst,3.6,generative ai|Numpy|SQL|Agentic Ai|data ware|Microsoft Fabric|Pandas|Data Lake|Data Warehousing|sap data|azure,11,Dindigul,Entry,False,,,Data Science & Analytics - Other,Other IT,data ware|azure|agentic ai|llm/gen ai|numpy|data lake|data warehousing|sap data|pandas|microsoft fabric|sql
140926503103,Data Analyst,Data Analyst,Business Intelligence & Analytics,Data Science & Analytics,"Full Time, Permanent",Industrial Equipment / Machinery,4,5,4-5 Yrs,Aditya Birla Insulators,Thane,,0.0,0.0,True,Not Disclosed,2026-09-14 16:14:39,"Experience of 45 years in Home Loans,Retail Lending products or related industry.  . Educational Qualification Graduate preferably in Statistics / Mathematics,Analytics,Computer Science or related fields|Also,the collection strategy must be analytics driven which will help predict NPA,delinquency basis customer behaviours and sourcing parameters.",2.csv,Data Analyst,3.6,Computer science|Loans|Underwriting|Business analytics|Analytical|MySQL|Machine learning|pricing strategy|Monitoring|Python,10,Thane,Mid,False,,,Data Analyst,Data Analyst,analytical|computer science|mysql|machine learning|pricing strategy|underwriting|monitoring|python|business analytics|loans
110926502362,Data Analyst,Data Analyst,Business Intelligence & Analytics,Data Science & Analytics,"Full Time, Permanent",Industrial Equipment / Machinery,3,5,3-5 Yrs,Aditya Birla Insulators,Thane,,0.0,0.0,True,Not Disclosed,2026-09-11 15:51:01,". Handson experience of Python programming (such as different objects,class instance variables,multiple inheritance,generator etc) and multiple packages (such as SciPy,NumPy,Matplotlib,Pandas,seaborn etc) is mandatory,and any packages related to statistical / AlML (such as Tensorflow,Keras etc] is good to have|Familiar with data model development is preferred",2.csv,Data Analyst,3.6,algorithms|authoring|business data|lending|credit risk|generator|power bi|numpy|business planning|data analyst|analytics|pandas|advanced sql|data extraction|matplotlib|keras|model development|data structures|data integration,19,Thane,Mid,False,,,Data Analyst,Data Analyst,numpy|data extraction|data analyst|data structures|advanced sql|authoring|data integration|analytics|credit risk|power bi|pandas|lending|algorithms|keras|business data|matplotlib|model development|business planning|generator
240926013537,Data Analyst,Data Analyst,Business Intelligence & Analytics,Data Science & Analytics,"Full Time, Permanent",Recruitment / Staffing,2,5,2-5 Yrs,Core Connect Hr Consultants,Lucknow,,400000.0,600000.0,False,4-6 Lacs,2026-09-24 10:41:11,"Data analysis skills with advanced Excel and Power BI experience|Prepare reports, develop automated data processes, and support departments with data needs",2.csv,Data Analyst,,Excel,1,Lucknow,Entry,True,400000.0,600000.0,Data Analyst,Data Analyst,excel
230926044460,Data Analyst,System Analyst,IT Infrastructure Services,IT & Information Security,"Full Time, Permanent",Recruitment / Staffing,2,6,2-6 Yrs,Cover Canvas Hr Solutions,Kolkata,,200000.0,450000.0,False,2-4.5 Lacs,2026-09-23 23:32:02,,2.csv,Data Analyst,,System Development|Process Analysis|Business Process Analysis,3,Kolkata,Entry,True,200000.0,450000.0,System Analyst,Other IT,system development|process analysis|business process analysis
170926021718,Data Analyst,Data Analyst,Business Intelligence & Analytics,Data Science & Analytics,"Full Time, Permanent",IT Services & Consulting,5,10,5-10 Yrs,Wissenpro It Solutions,Gurugram,,1000000.0,1500000.0,False,10-15 Lacs,2026-09-17 14:15:00,"Experienced Data Analyst with expertise in AML transaction monitoring, advanced SQL, data lineage, scenario tuning, and UAT|Analyze transaction, customer, account, and payment data to support financial crime detection, design and tune TM scenarios, perform root-cause analysis, and gather requirements",2.csv,Data Analyst,,UAT|Anti Money Laundering|Business Analysis|KYC|Data Profiling|Investigation|Swift Payments|Know Your Customer,8,Gurugram,Mid,True,1000000.0,1500000.0,Data Analyst,Data Analyst,kyc|investigation|know your customer|business analysis|anti money laundering|swift payments|uat|data profiling
150926909023,Data Analyst,Data Analyst,Business Intelligence & Analytics,Data Science & Analytics,"Full Time, Permanent",Recruitment / Staffing,3,5,3-5 Yrs,Teckvalley India,Kolkata,,0.0,0.0,True,Not Disclosed,2026-09-15 11:56:44,"Experience in Power BI dashboard development and data governance|Gather and analyze business requirements, develop interactive dashboards, ensure data quality, manage stakeholder communications, and lead analytics projects",2.csv,Data Analyst,,Business Intelligence|Data Quality|Power Bi|Dashboard Development|Data Governance|Business Analysis,6,Kolkata,Mid,False,,,Data Analyst,Data Analyst,data governance|data quality|power bi|dashboard development|business analysis|business intelligence
310826500452,Data Analyst - Revenue & Metrics,Data Analyst,Business Intelligence & Analytics,Data Science & Analytics,"Full Time, Permanent",Software Product,5,10,5-10 Yrs,"Highlight, A Launchdarkly Company",Bengaluru,,0.0,0.0,True,Not Disclosed,2026-08-31 16:35:52,"Experience building and maintaining data models and dashboards. |Typically requires a minimum of 5 years of related experience in data analytics,business intelligence,or analytics engineering. Strong SQL skills and experience working with structured and large datasets. |Experience with modern data tools (e.g.,Snowflake,dbt,Looker or similar).",2.csv,Data Analyst,,data analytics|data pipelines|business intelligence|data engineering|cadence|data analyst|banking|analytics|data models|data quality|automation|data modeling|automating|billing systems|devops|dashboarding|dbt|communication skills,18,Bengaluru,Mid,False,,,Data Analyst,Data Analyst,data analytics|data quality|dashboarding|data pipelines|banking|data engineering|analytics|data models|billing systems|dbt|cadence|communication skills|automating|data modeling|data analyst|devops|business intelligence|automation
260826011128,Data Analyst with Python,Data Science & Analytics - Other,Data Science & Analytics - Other,Data Science & Analytics,"Full Time, Permanent",Software Product,7,12,7-12 Yrs,Tranzeal,Hyderabad,Chennai,1300000.0,1800000.0,False,13-18 Lacs,2026-08-26 11:05:55,"7+ years IT/data experience with 5+ years as Data Analyst, strong Python and predictive modeling skills|Perform data analysis, predictive modeling, statistical analysis, and create BI reports using tools like Power BI or Tableau|18 LPA salary offered",2.csv,Data Analyst,4.6,Power BI|BI & AI Exposure|Tableau|SQL,4,Hyderabad,Senior,True,1300000.0,1800000.0,Data Science & Analytics - Other,Other IT,power bi|tableau|sql|bi & ai exposure
80926502774,Data Analyst,Data Analyst,Business Intelligence & Analytics,Data Science & Analytics,"Full Time, Permanent",Medical Services / Hospital,2,4,2-4 Yrs,Inito,Bengaluru,,0.0,0.0,True,Not Disclosed,2026-09-08 14:15:25,". Data Collection and Integration:  . Work with millions of hormonal data points from over a hundred thousand women,all captured by the Inito device|Bachelor s degree in Statistics,Mathematics,Computer Science,Information Management,Economics,or a related field|Participate in special projects,providing analytical support and insights as required",2.csv,Data Analyst,3.7,algorithms|biotechnology|data analysis|data analytics|ai|analytical skills|data collection|data analyst|healthcare|analytics|data quality|data science|computer vision|diagnostic|business operations|communication skills,16,Bengaluru,Entry,False,,,Data Analyst,Data Analyst,ai|data analytics|data quality|analytics|algorithms|diagnostic|computer vision|analytical skills|communication skills|business operations|data collection|biotechnology|healthcare|data analyst|data analysis|data science
280826008680,Data Analyst (4 To 10 Years),Data Science & Analytics - Other,Data Science & Analytics - Other,Data Science & Analytics,"Full Time, Permanent",IT Services & Consulting,4,9,4-9 Yrs,Erudio Technologies,Hyderabad,Chennai,850000.0,1850000.0,False,8.5-18.5 Lacs,2026-08-28 15:58:15,"Expertise in SQL, Power BI/Tableau, data modeling, and root-cause analysis|Translate business needs into data insights, build dashboards, perform data quality checks, and deliver reports",2.csv,Data Analyst,,Data Cleansing|Data Visualization|SQL Server|Data Analytics|ETL|Machine Learning|Statistics,7,Hyderabad,Mid,True,850000.0,1850000.0,Data Science & Analytics - Other,Other IT,data analytics|sql server|machine learning|data visualization|etl|statistics|data cleansing
270726500198,Data Analyst,Data Analyst,Business Intelligence & Analytics,Data Science & Analytics,"Full Time, Permanent",IT Services & Consulting,3,5,3-5 Yrs,Disc Technology Services,Bengaluru,,0.0,0.0,True,Not Disclosed,2026-07-27 11:28:36,Disclaimer: This job description has been sourced from a public domain and may have been modified by Naukri.com to improve clarity for our users,2.csv,Data Analyst,4.7,master data|metadata|python|data analysis|data management|data analytics|data validation|configuration|data mining|data integrity|cleansing|dashboards|sql|data cleansing|excel|tableau|quality assurance|advanced excel|data visualization|reporting,20,Bengaluru,Mid,False,,,Data Analyst,Data Analyst,metadata|data validation|data management|quality assurance|cleansing|tableau|configuration|python|data cleansing|data mining|data visualization|advanced excel|master data|data analysis|dashboards|data analytics|data integrity|reporting|excel|sql
230726500268,Data Analyst with Hadoop,Data Analyst,Business Intelligence & Analytics,Data Science & Analytics,"Full Time, Permanent",IT Services & Consulting,5,7,5-7 Yrs,Asky Services Llp,Bengaluru,,0.0,0.0,True,Not Disclosed,2026-07-23 11:56:32,,2.csv,Data Analyst,5.0,metadata|python|data analysis|data management|data analytics|data validation|configuration|data mining|data integrity|dashboards|master data management|cleansing|sql|data cleansing|excel|tableau|quality assurance|hadoop|data visualization|reporting,20,Bengaluru,Mid,False,,,Data Analyst,Data Analyst,metadata|data validation|data management|quality assurance|cleansing|tableau|configuration|python|data cleansing|data mining|data visualization|data analysis|master data management|dashboards|data analytics|data integrity|hadoop|reporting|excel|sql
230426504671,Data Analyst,Data Analyst,Business Intelligence & Analytics,Data Science & Analytics,"Full Time, Permanent",Management Consulting,2,4,2-4 Yrs,The Art Of Living Human Resources,Bengaluru,,0.0,0.0,True,Not Disclosed,2026-04-23 17:55:04,Experience with data visualization tools and reporting software,2.csv,Data Analyst,,database maintenance|python|data analysis|data analytics|oracle|spotfire|problem solving|dashboards|sql|data quality|tableau|r|operations|java|data integration tools|data visualization|business operations|reporting|communication skills|statistics,20,Bengaluru,Entry,False,,,Data Analyst,Data Analyst,database maintenance|problem solving|data quality|data integration tools|tableau|communication skills|business operations|operations|python|spotfire|oracle|data visualization|java|statistics|data analysis|dashboards|data analytics|reporting|sql
150726500374,Data Analyst,Data Analyst,Business Intelligence & Analytics,Data Science & Analytics,"Full Time, Permanent",IT Services & Consulting,4,8,4-8 Yrs,Nucleusteq Consulting,Bengaluru,,0.0,0.0,True,Not Disclosed,2026-07-15 14:55:02,,2.csv,Data Analyst,3.3,data analytics|data validation|hr|business intelligence|data analyst|sql|analytics|marketing|advanced sql|query optimization|quality assurance|leadership|https|crm,14,Bengaluru,Mid,False,,,Data Analyst,Data Analyst,leadership|data analytics|quality assurance|advanced sql|hr|analytics|query optimization|marketing|https|crm|data validation|data analyst|business intelligence|sql
140526502692,Statistician/Data Analyst,Data Analyst,Business Intelligence & Analytics,Data Science & Analytics,"Full Time, Permanent",Building Material,5,10,5-10 Yrs,Two95 International,Bengaluru,,0.0,0.0,True,Not Disclosed,2026-05-14 18:03:46,"Kannada Mandatory . English Required . Disclaimer: This job posting has been aggregated from external source|The candidate should possess strong analytical skills and experience in handling large datasets,statistical tools,and reporting|Required Skills:  . Strong knowledge of Statistics and Data Analysis|Experience with analytical and statistical tools",2.csv,Data Analyst,2.5,GIS|Data analysis|Data validation|Analytical|power bi|Data Analyst|Data analytics|data visualization|Statistics|SQL,10,Bengaluru,Mid,False,,,Data Analyst,Data Analyst,analytical|data analytics|gis|data visualization|power bi|data analyst|statistics|data validation|sql|data analysis
90626503039,Data Analyst,Data Analyst,Business Intelligence & Analytics,Data Science & Analytics,"Full Time, Permanent",IT Services & Consulting,1,2,1-2 Yrs,SKP Knowledge Services,Erode,,0.0,0.0,True,Not Disclosed,2026-06-09 17:55:40,,2.csv,Data Analyst,,database maintenance|data analysis|data analytics|pivot table|business analysis|problem solving|process improvement|vlookup|dashboards|data collection|sql|qlikview|excel|tableau|advanced excel|analysis tools|data visualization|communication skills,18,Erode,Entry,False,,,Data Analyst,Data Analyst,process improvement|data analytics|dashboards|database maintenance|tableau|problem solving|data visualization|communication skills|advanced excel|analysis tools|vlookup|business analysis|data collection|data analysis|qlikview|excel|sql|pivot table
40926014426,Data Analyst,Data Science & Analytics - Other,Data Science & Analytics - Other,Data Science & Analytics,"Full Time, Temporary/Contractual",Software Product,2,4,2-4 Yrs,Prohash Technologies,Bengaluru,,900000.0,950000.0,False,9-9.5 Lacs,2026-09-04 12:50:54,"2–4 years in data/research/analyst roles with expertise in AI-first data extraction using Claude and multi-language source handling|Source and structure global supplier data using AI tools, build and QA a multi-region equivalence base for automotive supply chains",2.csv,Data Analyst,3.5,Data Research|data|Artificial Intelligence|Data Extraction|Data Cleansing|Data Collection|Data Quality|Python|Data Sourcing,9,Bengaluru,Entry,True,900000.0,950000.0,Data Science & Analytics - Other,Other IT,data quality|artificial intelligence|data sourcing|data collection|data extraction|python|data research|data cleansing|data
30926501491,Data Analyst,Data Analyst,Business Intelligence & Analytics,Data Science & Analytics,"Full Time, Permanent",Automobile,1,6,1-6 Yrs,Sonalika Tractors,Noida,,0.0,0.0,True,Not Disclosed,2026-09-03 17:58:54,,2.csv,Data Analyst,3.7,analytics|database design|data quality|emerging technologies|data analysis|data analytics|data modeling|data systems|data analyst|communication skills|sql,11,Noida,Entry,False,,,Data Analyst,Data Analyst,data analytics|data quality|emerging technologies|analytics|communication skills|database design|data modeling|data analyst|data systems|sql|data analysis
210926005226,Data Consumer Analyst,Data Analyst,Business Intelligence & Analytics,Data Science & Analytics,"Full Time, Permanent",IT Services & Consulting,5,8,5-8 Yrs,Apexon,Hyderabad,Bengaluru,0.0,0.0,True,Not Disclosed,2026-09-21 11:42:15,"5+ years in data warehousing and migration with advanced SQL, Python scripting, and AWS S3 experience|Identify and document data consumers, perform data lineage and impact analysis, support migration planning, and develop automation tools",2.csv,Data Analyst,3.3,Data Lineage|Data Exploration|Data Lake|Tableau|SQL,5,Hyderabad,Mid,False,,,Data Analyst,Data Analyst,data lake|tableau|data exploration|data lineage|sql
160525501890,Data Analyst,Data Analyst,Business Intelligence & Analytics,Data Science & Analytics,"Full Time, Permanent",IT Services & Consulting,1,4,1-4 Yrs,Corporate Web Solutions,Bengaluru,,,,False,Unpaid,2025-05-16 16:15:34,"We are looking for a motivated and detail-oriented Data Analyst Intern to join our growing team|Internship Certificate |Part-time work from home (2-3 hours per day) |5 days a week,fully flexible shift |Any Graduate / Pass Outs / Feashers can apply. Current student or recent graduate in Data Science,Mathematics,Statistics,Computer Science,Economics,or a related field",2.csv,Data Analyst,,Computer science|Analytical skills|Data analysis|Data collection|Data Analyst|Data analytics|data visualization|Internship|SQL|Python,10,Bengaluru,Entry,True,,,Data Analyst,Data Analyst,data analytics|computer science|data visualization|analytical skills|data collection|data analyst|python|sql|internship|data analysis
131125503843,Data Analysts,Data Analyst,Business Intelligence & Analytics,Data Science & Analytics,"Full Time, Permanent",IT Services & Consulting,1,3,1-3 Yrs,Prodat It Solutions,Bengaluru,,0.0,0.0,True,Not Disclosed,2025-11-13 17:28:15,Provide data guidance and support to staff. Disclaimer: This job description has been sourced from a public domain and may have been modified by Naukri.com to improve clarity for our users,2.csv,Data Analyst,3.0,hlookup|macros|python|data analysis|data management|data analytics|data validation|data mining|power bi|business analysis|pivot table|vlookup|machine learning|business intelligence|sql|excel|tableau|vba|advanced excel|data visualization|reporting,21,Bengaluru,Entry,False,,,Data Analyst,Data Analyst,machine learning|hlookup|data validation|data management|tableau|macros|power bi|python|data mining|data visualization|advanced excel|vlookup|business analysis|data analysis|data analytics|reporting|excel|vba|business intelligence|sql|pivot table
130226506067,Data Analyst,Data Analyst,Business Intelligence & Analytics,Data Science & Analytics,"Full Time, Permanent",Advertising & Marketing,2,7,2-7 Yrs,Mudra Ooh,Bengaluru,,0.0,0.0,True,Not Disclosed,2026-02-13 23:40:54,Provide data-driven insights to support strategic planning and decision-making. Disclaimer: This job description has been sourced from a public domain and may have been modified by Naukri.com to improve clarity for our users,2.csv,Data Analyst,,database maintenance|macros|data analysis|data analytics|data mining|business analysis|power bi|dashboards|business intelligence|sales|strategic planning|sql|excel|tableau|operations|vba|advanced excel|data visualization|business operations,19,Bengaluru,Entry,False,,,Data Analyst,Data Analyst,database maintenance|tableau|macros|power bi|business operations|operations|sales|strategic planning|data mining|data visualization|advanced excel|business analysis|data analysis|dashboards|data analytics|excel|vba|business intelligence|sql
70826501813,Data analyst,Data Analyst,Business Intelligence & Analytics,Data Science & Analytics,"Full Time, Permanent",IT Services & Consulting,3,4,3-4 Yrs,IBU Consulting,Bengaluru,,0.0,0.0,True,Not Disclosed,2026-08-07 16:34:37,". Role: Data Analytics Professional (3-6 Years Experience) . We are looking for a Data Analytics professional who can transform data into actionable insights through advanced analysis,reporting,and automation| . Data Analytics Reporting: Strong experience in data analysis,visualization,dashboard creation,and generating business insights",2.csv,Data Analyst,3.9,data analysis|data analytics|data management|data pipelines|ai|cloud platforms|dashboard creation|data engineering|data analyst|analytics|cloud|data extraction|automation|business insights|data handling|aws|dashboard|azure,18,Bengaluru,Mid,False,,,Data Analyst,Data Analyst,data handling|ai|data analytics|azure|data pipelines|analytics|data engineering|dashboard creation|aws|business insights|dashboard|cloud|data analyst|data extraction|cloud platforms|data management|automation|data analysis
40826504335,Data Analyst,Data Analyst,Business Intelligence & Analytics,Data Science & Analytics,"Full Time, Permanent",IT Services & Consulting,3,6,3-6 Yrs,7 Eleven,Bengaluru,,0.0,0.0,True,Not Disclosed,2026-08-04 17:59:24,,2.csv,Data Analyst,3.4,copyright|gulp|data analytics|finance and accounting|information security|networking|accounting|data analyst|analytics|technical support|operations|data science|digital transformation|finance,14,Bengaluru,Mid,False,,,Data Analyst,Data Analyst,data analytics|networking|technical support|analytics|finance and accounting|operations|information security|gulp|copyright|data analyst|finance|accounting|digital transformation|data science
260826501256,Data Analyst (Scrubber),Data Analyst,Business Intelligence & Analytics,Data Science & Analytics,"Full Time, Permanent",Advertising & Marketing,0,6,0-6 Yrs,A D Patel Institute of Technology (ADIT),Ahmedabad,,0.0,0.0,True,Not Disclosed,2026-08-26 14:49:00,Full Time - US Shift (6:30pm - 3:30am) . |On-site - Ahmedabad. Freshers Preferred. .,2.csv,Data Analyst,2.6,zoho|medical insurance|scrubber|agile|data analyst|research|crm,7,Ahmedabad,Entry,False,,,Data Analyst,Data Analyst,scrubber|agile|zoho|crm|research|data analyst|medical insurance
150426501948,Data Analyst,Data Analyst,Business Intelligence & Analytics,Data Science & Analytics,"Full Time, Permanent",E-Learning / EdTech,0,1,0-1 Yrs,Eduport,Kozhikode,,0.0,0.0,True,Not Disclosed,2026-04-15 17:06:02,"The ideal candidate should be highly analytical,detail-oriented,and capable of transforming raw data into actionable business insights. Key Responsibilities:  . Analyze large datasets to identify trends and patterns|Requirements:  . Proficiency in Power BI,Python,and R. Strong SQL skills for data extraction and transformation",2.csv,Data Analyst,3.0,Data analysis|Machine learning|Data processing|power bi|Predictive modeling|Data Analyst|Forecasting|SQL|Python|Data extraction,10,Kozhikode,Entry,False,,,Data Analyst,Data Analyst,machine learning|predictive modeling|power bi|forecasting|data analyst|python|data extraction|sql|data analysis|data processing
110526501305,Data Analyst,Data Analyst,Business Intelligence & Analytics,Data Science & Analytics,"Full Time, Permanent",IT Services & Consulting,0,4,0-4 Yrs,Exly,Gurugram,,0.0,0.0,True,Not Disclosed,2026-05-11 17:56:31,"Qualifications:  . Bachelors degree in Computer Science,Statistics,Mathematics,or a related field|Masters degree preferred| Proficient in Tableau or other data visualisation tools to create compelling reports and dashboards| Proficient in data analysis techniques,including statistical analysis,data mining,and predictive modelling",2.csv,Data Analyst,2.5,Computer science|Data analysis|tableau|Postgresql|SAAS|Agile|Healthcare|Data quality|Data mining|Python,10,Gurugram,Entry,False,,,Data Analyst,Data Analyst,computer science|data quality|agile|data mining|tableau|postgresql|saas|healthcare|python|data analysis
90926504471,Data Analyst,Data Analyst,Business Intelligence & Analytics,Data Science & Analytics,"Full Time, Permanent",IT Services & Consulting,0,3,0-3 Yrs,Bluesoft Software Solution,Remote,,0.0,0.0,True,Not Disclosed,2026-09-09 16:07:33,"Custom Software Development - Quality Assurance: With our extensive testing experience gained from building and implementing our own solutions,we can also help you ensure the highest quality and reliability of solutions provided by other vendors",2.csv,Data Analyst,,Cloud computing|Manager Quality Assurance|RDBMS|Coding|Project management|Consulting|power bi|Workflow|microsoft|Monitoring,10,Remote,Entry,False,,,Data Analyst,Data Analyst,cloud computing|coding|project management|workflow|power bi|rdbms|monitoring|consulting|microsoft|manager quality assurance
310320500022,Data Analyst,Non Tech Support - Voice / Blended,Voice / Blended,"Customer Success, Service & Operations","Full Time, Permanent",IT Services & Consulting,0,4,0-4 Yrs,Teplar Solutions,Coimbatore,,0.0,0.0,True,Not Disclosed,2020-03-31 17:37:29,"Eye for detail,ability to prioritize,and strong sense of urgency relative to deadlines are a must|Skills Required |Proficient in MS-Office,Internet searches,Team player,creativity and self-driven,Eye for detail,ability to prioritize |Experience . 0 to 4 years .  |Candidates with strong analytical and good communication skills",2.csv,Data Analyst,,Analytical|Litigation|Workflow|Customer support|Business Development Executive|Client interaction|Data Analyst|MS Office|Analytics|Python,10,Coimbatore,Entry,False,,,Non Tech Support - Voice / Blended,Other IT,analytical|ms office|analytics|business development executive|workflow|customer support|data analyst|python|client interaction|litigation
290525504067,Data Analyst,Data Analyst,Business Intelligence & Analytics,Data Science & Analytics,"Full Time, Permanent",IT Services & Consulting,0,2,0-2 Yrs,Magic Infomedia,New Delhi,,0.0,0.0,True,Not Disclosed,2025-05-29 17:32:08,,2.csv,Data Analyst,,Business Analyst|Data Analyst,2,New Delhi,Entry,False,,,Data Analyst,Data Analyst,business analyst|data analyst
281125500926,Data Analyst,Data Analyst,Business Intelligence & Analytics,Data Science & Analytics,"Full Time, Permanent",Insurance,0,4,0-4 Yrs,Paramount Health Services,Thane,,0.0,0.0,True,Not Disclosed,2025-11-28 17:12:37,,2.csv,Data Analyst,3.9,Analytical skills|tableau|Machine learning|Data Analyst|Oracle|SQL|Python,7,Thane,Entry,False,,,Data Analyst,Data Analyst,oracle|machine learning|tableau|analytical skills|data analyst|python|sql
270726501550,Data Analyst,Data Analyst,Business Intelligence & Analytics,Data Science & Analytics,"Full Time, Permanent",IT Services & Consulting,0,3,0-3 Yrs,E4 Software Services,Mumbai,,0.0,0.0,True,Not Disclosed,2026-07-27 13:58:11,Experience with data visualization tools such as Tableau or Power BI.  .  Proficiency in programming languages such as Python or R.,2.csv,Data Analyst,4.0,emerging technologies|python|data analysis|power bi|analytical skills|programming languages|business intelligence|data analyst|data quality|tableau|operations|data systems|data visualization|business operations|programming,15,Mumbai,Entry,False,,,Data Analyst,Data Analyst,data quality|emerging technologies|programming languages|operations|data systems|tableau|data visualization|programming|analytical skills|power bi|business operations|data analyst|python|business intelligence|data analysis
270126501339,Data Analyst,Data Analyst,Business Intelligence & Analytics,Data Science & Analytics,"Full Time, Permanent",Biotechnology,0,5,0-5 Yrs,Serosoft Solutions,Indore,,0.0,0.0,True,Not Disclosed,2026-01-27 13:49:22,,2.csv,Data Analyst,3.3,Health insurance|Data analysis|ERP|Automation|SAS|Data modeling|Analytical|MySQL|Analytics|SQL,10,Indore,Entry,False,,,Data Analyst,Data Analyst,analytical|health insurance|analytics|sas|sql|data modeling|mysql|erp|automation|data analysis
260922500760,Data Analysts / HTML Editor,Data Analyst,Business Intelligence & Analytics,Data Science & Analytics,"Full Time, Permanent",Content Development / Language,0,2,0-2 Yrs,I-tech Infonet,Rajkot,,0.0,0.0,True,Not Disclosed,2022-09-26 17:39:30,Fresher can apply . Project Training will be given by company |Diploma / Degree/Masters in IT related field. |Experience / Skills:  .,2.csv,Data Analyst,1.7,Training|Adobe Acrobat|PDF|XML|Epub|HTML|Editor|Testing,8,Rajkot,Entry,False,,,Data Analyst,Data Analyst,html|training|pdf|xml|testing|epub|adobe acrobat|editor
230926934465,Manager / Data Engineer - Data Architect,Database Architect / Designer,DBA / Data warehousing,Engineering - Software & QA,"Full Time, Permanent",Medical Services / Hospital,3,8,3-8 Yrs,Benovymed Healthcare,Bhubaneswar,,0.0,0.0,True,Not Disclosed,2026-09-23 17:38:26,"Expertise in SQL, Python, and cloud data platforms like AWS Redshift or Google BigQuery|Design scalable data architectures, develop ETL pipelines and data warehouses, and support machine learning models",3.csv,Data Engineer / Data Architect,,Data Engineering|Google BigQuery|AWS Redshift|data warehouses|data processing systems|ETL pipelines|SQL,7,Bhubaneswar,Mid,False,,,Database Architect / Designer,Data Engineer / Architect,aws redshift|data engineering|etl pipelines|data warehouses|sql|google bigquery|data processing systems
270826924560,Databricks Expert - Data Engineer/Data Architect,BI Architect,Business Intelligence & Analytics,Data Science & Analytics,"Full Time, Permanent",IT Services & Consulting,5,10,5-10 Yrs,NTT DATA BUSINESS SOLUTIONS,Bari,,0.0,0.0,True,Not Disclosed,2026-08-27 17:10:37,"5+ years Databricks experience with Azure infrastructure knowledge and certifications in Azure or Databricks|Support Big Data projects by delivering data acquisition, transformation, cleansing, and loading into data lakes for analytics and ML",3.csv,Data Engineer / Data Architect,4.0,python|scala|databricks|machine learning|kaizen|sql|data architect|java|data science|spark|gcp|grafana|kanban|apache spark|data scientist|shell scripting|agile|prometheus|big data|aws|etl|informatica|azure,23,Bari,Mid,False,,,BI Architect,Data Engineer / Architect,machine learning|agile|kaizen|etl|data science|apache spark|data scientist|kanban|grafana|python|gcp|informatica|prometheus|java|shell scripting|data architect|azure|databricks|scala|aws|big data|sql
80926909967,Manager / Data Engineer - Data Architect,NLP / DL Engineering / Architect,Data Science & Machine Learning,Data Science & Analytics,"Full Time, Permanent",Medical Services / Hospital,3,5,3-5 Yrs,Benovymed Healthcare Private Limited,New Delhi,,0.0,0.0,True,Not Disclosed,2026-09-08 10:59:14,"B.Tech in EE, CSE, ECE, or IT from top institute; 3-15 years as Data Architect or Senior Big Data Engineer; expertise in Hadoop, Spark, NoSQL, SQL, data modeling tools, and programming languages like Python and Scala|Design, build, and maintain scalable big data systems; develop algorithms, predictive models, and data processes; integrate new data technologies; collaborate with architects and scientists; manage complex database integration and unstructured data",3.csv,Data Engineer / Data Architect,,Hive|NoSQL|PostgreSQL|Scala|MySQL|Big data|Spark|Data warehousing|SQL|MapReduce|Python,11,New Delhi,Mid,False,,,NLP / DL Engineering / Architect,AI / NLP Specialist,apache spark|mysql|postgresql|data warehousing|mapreduce|scala|hive|big data|python|nosql|sql
80926008940,Data Engineer Managers / Architects,Other,Other,Other,"Full Time, Permanent",Banking,8,12,8-12 Yrs,Lancesoft,Bengaluru,,1800000.0,2500000.0,False,18-25 Lacs,2026-09-08 10:47:27,"10+ years in cloud data architecture with expertise in Azure Data Factory, AWS Glue, Snowflake, Databricks, and Spark|Design and lead scalable cloud data solutions, manage data migration projects, and provide technical leadership",3.csv,Data Engineer / Data Architect,,Azure Synapse|Amazon Redshift|AWS Glue|SQL,4,Bengaluru,Senior,True,1800000.0,2500000.0,Other,Other IT,amazon redshift|sql|azure synapse|aws glue
10525502789,Manager / Data Engineer-Data Architect,Head - Data Science,Data Science & Machine Learning,Data Science & Analytics,"Full Time, Permanent",Emerging Technologies,3,15,3-15 Yrs,Benovymed Healthcare,New Delhi,,0.0,0.0,True,Not Disclosed,2025-05-01 17:48:30,"The ultimate aim is to provide clean,usable data to whoever may require it. Technical Skills Required:  . Statistical analysis and modeling|15 years working as a Data Architect Manager / Senior Big Data Engineer / Senior Data Engineer with relevant experience in the above skill set in a reputed Big Database Data Science is driven software product development startup. .",3.csv,Data Engineer / Data Architect,,C++|Data analysis|Data management|Data modeling|MySQL|Healthcare|Perl|Analytics|SQL|Python,10,New Delhi,Mid,False,,,Head - Data Science,Management / Leadership,mysql|c++|analytics|data modeling|perl|healthcare|python|data management|sql|data analysis
270826020032,Scala Developer- Data Engineer/Big data background - Contract 2 hire,Data Engineer,Software Development,Engineering - Software & QA,"Full Time, Permanent",IT Services & Consulting,6,11,6-11 Yrs,Elabs Infotech,Bengaluru,,1000000.0,2000000.0,False,10-20 Lacs,2026-08-27 15:17:09,"6+ years experience with 3-4 years relevant in Scala development or Big Data|Work from Cognizant office in Bangalore, participate in virtual interviews, join immediately or with confirmed last working date",3.csv,Data Engineer / Data Architect,,data engineer|Big Data,2,Bengaluru,Mid,True,1000000.0,2000000.0,Data Engineer,Data Engineer / Architect,data engineer|big data
230926935419,Data Engineer,Data Engineer,Data Science & Machine Learning,Data Science & Analytics,"Full Time, Permanent",IT Services & Consulting,5,10,5-10 Yrs,Accenture,Bengaluru,,0.0,0.0,True,Not Disclosed,2026-09-23 17:44:16,"6+ years experience with expertise in Azure Databricks, ELT, data modeling, and data integration|Design, develop, and maintain data pipelines and ETL processes; ensure data quality; mentor junior engineers; drive data foundation initiatives and change management",3.csv,Data Engineer / Data Architect,3.7,github|data analysis|etl processes|data pipelines|data manipulation|glue|data engineer|databricks|elt|azure devops|change management|analytics|data quality|data modeling|devops|data strategy|aws|etl|data integration|azure,20,Bengaluru,Mid,False,,,Data Engineer,Data Engineer / Architect,data engineer|data pipelines|data manipulation|data modeling|etl|devops|data integration|data quality|azure devops|analytics|etl processes|git|glue|data analysis|data strategy|azure|databricks|elt|aws|change management
230926930240,Data Engineer,Data Engineer,Software Development,Engineering - Software & QA,"Full Time, Permanent",IT Services & Consulting,1,6,1-6 Yrs,Capgemini,Bengaluru,,0.0,0.0,True,Not Disclosed,2026-09-23 16:53:17,"Expertise in Advanced Python, SQL or JavaScript frameworks, Data Modeling, Apache Spark, Kafka, AWS cloud services, and GenAI technologies|Develop and manage data pipelines, perform data modeling and architecture, implement big data streaming solutions, and integrate APIs for batch and real-time processing",3.csv,Data Engineer / Data Architect,3.6,Data Engineering|Data Pipelines|Architecture|Apis|Big Data|Apache|Analytics|Angular|Apache Spark|Data Integration|Cloud Platforms|Cloud|Data Engineer|Data Lake|Data Architecture|Data Modeling|Aws|Database Technologies,18,Bengaluru,Entry,False,,,Data Engineer,Data Engineer / Architect,apache spark|data integration|data architecture|data engineer|database technologies|data pipelines|analytics|data engineering|data lake|data modeling|aws|architecture|big data|apache|cloud platforms|cloud|apis|angular
230926024257,Walk-in || Data Engineer,Big Data Engineer,Software Development,Engineering - Software & QA,"Full Time, Permanent",IT Services & Consulting,6,11,6-11 Yrs,Tata Consultancy Services,Bengaluru,,0.0,0.0,True,Not Disclosed,2026-09-23 14:53:09,"6+ years experience in ETL, Python, SQL, Azure Databricks, Azure Data Factory, and Power BI|Develop and maintain scalable ETL data pipelines, build data models and analytical tools, monitor data quality, troubleshoot data issues, optimize queries, and follow Agile SDLC practices",3.csv,Data Engineer / Data Architect,3.2,Azure Data Factory|Power BI|JIRA|SDLC,4,Bengaluru,Mid,False,,,Big Data Engineer,Data Engineer / Architect,power bi|azure data factory|sdlc|jira
280826012070,Databricks Data Engineer,Data Engineer,Software Development,Engineering - Software & QA,"Full Time, Permanent",IT Services & Consulting,2,5,2-5 Yrs,Infosys,Hyderabad,Pune,600000.0,1100000.0,False,6-11 Lacs,2026-09-23 20:28:03,"2-5 years Data Engineering experience with Databricks, PySpark, and Spark SQL expertise|Design and maintain data pipelines, build ETL/ELT solutions, optimize data workflows, and integrate multi-source data in cloud environments",3.csv,Data Engineer / Data Architect,3.5,,0,Hyderabad,Entry,True,600000.0,1100000.0,Data Engineer,Data Engineer / Architect,
250926002625,"Hadoop, Spark, Scala Data Engineer",Data Engineer,Data Science & Machine Learning,Data Science & Analytics,"Full Time, Permanent",IT Services & Consulting,5,7,5-7 Yrs,Tata Consultancy Services,Hyderabad,Chennai,0.0,0.0,True,Not Disclosed,2026-09-25 10:38:53,"Strong experience in Python, Java, or Scala; expertise in SQL/NoSQL; hands-on with Hadoop, Spark, Kafka, Hive; knowledge of Redshift, BigQuery, Snowflake; proficient in ETL tools like NiFi, Talend, Informatica|Design, develop, and maintain scalable data pipelines; integrate data from multiple sources; optimize workflows for performance and cost; implement data quality checks; monitor pipeline performance",3.csv,Data Engineer / Data Architect,3.2,,0,Hyderabad,Mid,False,,,Data Engineer,Data Engineer / Architect,
250826031927,PySpark Data Engineer,Data Engineer,Software Development,Engineering - Software & QA,"Full Time, Permanent",IT Services & Consulting,2,5,2-5 Yrs,Infosys,Hyderabad,Pune,700000.0,1200000.0,False,7-12 Lacs,2026-09-23 20:27:40,"2-5 years Data Engineering experience with strong PySpark and Apache Spark skills|Design and develop scalable data pipelines, build ETL workflows, optimize Spark applications, and ensure data quality and reliability",3.csv,Data Engineer / Data Architect,3.5,Hive|Hadoop|Big Data|ETL,4,Hyderabad,Entry,True,700000.0,1200000.0,Data Engineer,Data Engineer / Architect,big data|hadoop|etl|hive
240926932339,Data Engineer,Data Engineer,Software Development,Engineering - Software & QA,"Full Time, Permanent",IT Services & Consulting,2,4,2-4 Yrs,Accenture,Bengaluru,,0.0,0.0,True,Not Disclosed,2026-09-24 17:28:58,"7.5+ years experience with Snowflake Data Warehouse and expertise in Generative and Agentic AI frameworks|Design, develop, and maintain data pipelines and ETL processes; lead AI-driven solution delivery; mentor team members; ensure data quality and governance",3.csv,Data Engineer / Data Architect,3.7,snowflake|data warehouse|etl tools|data management|data pipelines|data platforms|data engineer|ai|database design|cloud|data quality|database|data modeling|business transformation|data governance|etl|data integration,17,Bengaluru,Entry,False,,,Data Engineer,Data Engineer / Architect,data integration|ai|data quality|data governance|data engineer|data pipelines|snowflake|data platforms|etl tools|business transformation|database design|data modeling|data warehouse|cloud|database|etl|data management
240926019983,Data Engineer,Data Engineer,Software Development,Engineering - Software & QA,"Full Time, Permanent",IT Services & Consulting,8,13,8-13 Yrs,PwC,Hyderabad,Bengaluru,0.0,0.0,True,Not Disclosed,2026-09-24 13:18:12,"Bachelor's degree with 8+ years experience in data engineering; proficiency in Apache Hadoop, Apache Airflow, Databricks, Snowflake, AWS, and Azure|Design and implement scalable data infrastructure; develop and manage data pipelines; lead and mentor teams; collaborate with stakeholders; oversee data warehouse deployment and maintenance",3.csv,Data Engineer / Data Architect,3.3,Airflow|Pyspark|Hadoop|Microsoft Azure|Data Lake|Apache|AWS|Data Bricks|Python,9,Hyderabad,Senior,False,,,Data Engineer,Data Engineer / Architect,apache spark|azure|data lake|python|hadoop|aws|airflow|apache|data bricks
240926016192,PySpark Data Engineer,Data Engineer,Software Development,Engineering - Software & QA,"Full Time, Permanent",IT Services & Consulting,2,5,2-5 Yrs,Infosys,Hyderabad,Pune,0.0,0.0,True,Not Disclosed,2026-09-24 11:47:46,"2-5 years Data Engineering experience with strong PySpark and Apache Spark skills|Design and develop scalable data pipelines, build ETL workflows, optimize Spark applications, and ensure data quality and reliability",3.csv,Data Engineer / Data Architect,3.5,Hive|Hadoop|Big Data|ETL,4,Hyderabad,Entry,False,,,Data Engineer,Data Engineer / Architect,big data|hadoop|etl|hive
230926935974,Data Engineer,Data Engineer,Software Development,Engineering - Software & QA,"Full Time, Permanent",IT Services & Consulting,3,8,3-8 Yrs,Accenture,Bengaluru,,0.0,0.0,True,Not Disclosed,2026-09-23 17:46:56,"Minimum 3 years experience with Snowflake Data Warehouse and 15 years full-time education|Design, develop, and maintain data pipelines and ETL processes; ensure data quality; collaborate with teams; troubleshoot and document data workflows",3.csv,Data Engineer / Data Architect,3.7,snowflake|data warehouse|data pipelines|data processing|collection|data engineering|cloud|data quality|data storage|design|data handling|etl|data integration,13,Bengaluru,Mid,False,,,Data Engineer,Data Engineer / Architect,data integration|data quality|data storage|data pipelines|snowflake|data engineering|collection|data warehouse|cloud|design|etl|data handling|data processing
230926929932,Data Engineer Palantir,Data Engineer,Software Development,Engineering - Software & QA,"Full Time, Permanent",IT Services & Consulting,1,6,1-6 Yrs,Capgemini,Bengaluru,,0.0,0.0,True,Not Disclosed,2026-09-23 16:50:29,"Experience in DevOps, DataOps, MLOps, ETL tools like Talend, SQL scripting, and programming in Python, Pyspark, Java/Scala|Design and maintain data pipeline architecture in Foundry, manage Palantir scheduling and monitoring, develop cloud data analytics platform architectures using Palantir, Azure, AWS, Snowflake, and Google",3.csv,Data Engineer / Data Architect,3.6,Azure|Data Engineering|Architecture|Devops|Analytics|Cloud Data Analytics|Data Integration|Data Lakehouse|Dataops|Cloud|Data Engineer|Data Pipeline Architecture|Data Lake|Data Services|Data Warehousing|Aws|Editor|Data Governance,18,Bengaluru,Entry,False,,,Data Engineer,Data Engineer / Architect,data integration|data governance|azure|data engineer|analytics|data engineering|cloud data analytics|data lake|data warehousing|dataops|data services|aws|architecture|cloud|data pipeline architecture|devops|data lakehouse|editor
230926504200,Data Engineer,Data Engineer,Data Science & Machine Learning,Data Science & Analytics,"Full Time, Permanent",Hardware & Networking,4,7,4-7 Yrs,HP,Bengaluru,,0.0,0.0,True,Not Disclosed,2026-09-23 18:06:11,"Full time |Shift - |No shift premium (India) |Provides guidance and mentoring to less experienced staff members. Education Experience Recommended . |Four-year or Graduate Degree in Computer Science,Information Technology,Software Engineering,Statistics/ Mathematics,or any other related discipline or commensurate work experience or demonstrated competence",3.csv,Data Engineer / Data Architect,,copilot|data analysis|data analytics|data engineer|ai|amazon web services|analytical skills|analytics|apache kafka|apache|automation|automation tools|advanced excel|apache spark|agile|big data|agile methodology|architecture|azure,19,Bengaluru,Mid,False,,,Data Engineer,Data Engineer / Architect,automation tools|data engineer|agile|agile methodology|analytical skills|apache kafka|apache|apache spark|analytics|advanced excel|data analysis|ai|data analytics|azure|copilot|aws|big data|architecture|automation
230926018916,Walk-in || Data Engineer,Data Engineer,Software Development,Engineering - Software & QA,"Full Time, Permanent",IT Services & Consulting,6,11,6-11 Yrs,Tata Consultancy Services,Bengaluru,,0.0,0.0,True,Not Disclosed,2026-09-23 13:03:27,"6+ years experience with Python, Java or Scala; expertise in SQL, NoSQL, Hadoop, Spark, Kafka, Hive; skilled in data warehousing (Redshift, BigQuery, Snowflake) and ETL tools (NiFi, Talend, Informatica)|Design, develop, and maintain ETL processes; handle large-scale and real-time data processing; build and manage data warehouses",3.csv,Data Engineer / Data Architect,3.2,NoSQL|ETL,2,Bengaluru,Mid,False,,,Data Engineer,Data Engineer / Architect,nosql|etl
230926018904,PySpark Data Engineer,Data Engineer,Software Development,Engineering - Software & QA,"Full Time, Permanent",IT Services & Consulting,2,5,2-5 Yrs,Infosys,Noida,Pune,0.0,0.0,True,Not Disclosed,2026-09-23 13:03:07,"2-5 years Data Engineering experience with strong PySpark and Apache Spark skills|Design and develop scalable data pipelines, build ETL workflows, optimize Spark applications, and ensure data quality and reliability",3.csv,Data Engineer / Data Architect,3.5,Hive|Data Engineering|Hadoop|Big Data|ETL|AWS|Data Bricks|azure,8,Noida,Entry,False,,,Data Engineer,Data Engineer / Architect,azure|data engineering|hadoop|aws|etl|big data|hive|data bricks
310826917392,Senior Data Engineer,Data Engineer,Software Development,Engineering - Software & QA,"Full Time, Permanent",Legal,5,10,5-10 Yrs,Luxoft,Bengaluru,,0.0,0.0,True,Not Disclosed,2026-08-31 16:49:25,"6-9 years software engineering with 2-3 years in distributed data stores and computation, proficiency in Scala, Spark, Presto/Trino, Kubernetes, and NoSQL|Design, build, and operate data platforms; implement secure data access, real-time analytics pipelines, and disaster-resilient replication and backup; collaborate with engineering and security teams",3.csv,Data Engineer / Data Architect,3.6,container|data services|data engineer|data platforms|data processing|cloud platform|data engineering|code quality|banking|computation|analytics|cloud|data storage|cassandra|data replication|backup and recovery|aws|deployment,18,Bengaluru,Mid,False,,,Data Engineer,Data Engineer / Architect,backup and recovery|data storage|data engineer|container|data platforms|code quality|data engineering|banking|cloud platform|analytics|data replication|data services|aws|computation|deployment|cloud|cassandra|data processing
310826917386,Senior Full Stack Data Platform Engineer,Blockchain Quality Assurance Engineer,Quality Assurance and Testing,Engineering - Software & QA,"Full Time, Permanent",Banking,4,8,4-8 Yrs,Millennium Consulting,Bengaluru,,0.0,0.0,True,Not Disclosed,2026-08-31 16:49:24,"5+ years building data platforms with Python, Java/C++, expertise in unstructured data processing and big data frameworks|Architect and optimize high-throughput data pipelines, integrate real-time AI/ML inference, develop backend microservices, and implement storage strategies for unstructured data",3.csv,Data Engineer / Data Architect,1.9,data pipelines|data platforms|airflow|data processing|data engineering|cloud native|concurrency|cloud|angular|arbitrage|apache|apis|alpha|construction|data strategy|data visualization|database queries|aws|big data,19,Bengaluru,Mid,False,,,Blockchain Quality Assurance Engineer,QA / Test Engineer,data pipelines|cloud native|data engineering|apache|data processing|data platforms|arbitrage|concurrency|construction|data visualization|airflow|apis|data strategy|alpha|aws|cloud|big data|database queries|angular
310826917374,Data Engineer,Data Engineer,Software Development,Engineering - Software & QA,"Full Time, Permanent",Pharmaceutical & Life Sciences,2,6,2-6 Yrs,Amgen Inc,Hyderabad,,0.0,0.0,True,Not Disclosed,2026-08-31 16:49:19,"5-8 years experience with big data technologies like Databricks, Apache Spark (PySpark, SparkSQL), strong data governance knowledge|Design, develop, and maintain scalable data pipelines and ETL processes; optimize big data workflows; collaborate with global teams to deliver data solutions",3.csv,Data Engineer / Data Architect,2.9,biotechnology|cloud data|biology|business requirements|airflow|cloud platforms|caching|analytics|cloud|apache|apis|compliance|apache spark|cloud storage|aws|big data|apache airflow|architecture|ccpa,19,Hyderabad,Entry,False,,,Data Engineer,Data Engineer / Architect,caching|ccpa|apache|cloud storage|apache spark|analytics|apache airflow|cloud platforms|business requirements|biology|biotechnology|airflow|apis|cloud data|aws|cloud|compliance|big data|architecture
310826917366,Sr Mgr Data Engineer,Data Science & Analytics - Other,Data Science & Analytics - Other,Data Science & Analytics,"Full Time, Permanent",Pharmaceutical & Life Sciences,12,16,12-16 Yrs,Amgen Inc,Hyderabad,,0.0,0.0,True,Not Disclosed,2026-08-31 16:49:15,"Master's/Bachelor's with 12-16 years experience; advanced SQL, Python, R programming; expertise in AWS cloud, Databricks, DevOps CI/CD tools|Design, develop, and deploy clinical data pipelines; support R-Platform integration; manage AWS, Databricks, RStudio production DevOps; collaborate with architects and data scientists; implement scalable data solutions",3.csv,Data Engineer / Data Architect,2.9,container|biotechnology|data analytics|data engineer|ai|cd tools|data engineering|change management|cloud ai|clinical data|analytics|cloud|aws cloud|clinical development|aws|dash|data lake|biotech|communication skills,19,Hyderabad,Senior,False,,,Data Science & Analytics - Other,Other IT,dash|data engineer|data engineering|cd tools|analytics|data lake|communication skills|biotech|clinical development|biotechnology|aws cloud|ai|data analytics|cloud ai|clinical data|container|aws|cloud|change management
310826917308,Principal Data Engineer,Data Engineer,Software Development,Engineering - Software & QA,"Full Time, Permanent",Pharmaceutical & Life Sciences,3,8,3-8 Yrs,Amgen Inc,Hyderabad,,0.0,0.0,True,Not Disclosed,2026-08-31 16:48:46,"Bachelor's degree with 12-17 years experience, AWS Certified Data Engineer preferred, expertise in Python, PySpark, SQL, big data ETL tuning, cloud platforms (AWS, Azure, GCP), and data architecture|Lead design and implementation of data platforms, mentor data engineering team, develop and optimize data pipelines, establish data governance, manage cloud-based solutions, and collaborate with stakeholders",3.csv,Data Engineer / Data Architect,2.9,biotechnology|biology|aws certified|data engineer|cloud platforms|data engineering|azure cloud|cloud|apache|cloud architecture|compliance|apache spark|aws|apache airflow|architecture|azure|communication skills,17,Hyderabad,Mid,False,,,Data Engineer,Data Engineer / Architect,apache spark|biology|cloud architecture|data engineer|azure|azure cloud|data engineering|apache airflow|communication skills|aws certified|aws|biotechnology|cloud|compliance|apache|cloud platforms|architecture
310826917250,Data Engineer,Data Engineer,Data Science & Machine Learning,Data Science & Analytics,"Full Time, Permanent",Courier / Logistics,3,5,3-5 Yrs,Wabtec,Bengaluru,,0.0,0.0,True,Not Disclosed,2026-08-31 16:48:18,"3+ years with Denodo, Dataiku, Power BI, strong SQL and PL/SQL skills, experience in AI platforms like Copilot Studio and AWS Bedrock|Design and curate datasets, develop AI-powered analytics and automation solutions, support self-service data platforms, collaborate on data strategy and governance",3.csv,Data Engineer / Data Architect,4.1,analytics platforms|aws bedrock|cloud data|copilot|ai frameworks|ai|business intelligence|application development|analytics|cloud|automation|bedrock|automation solutions|aws|architecture|communication skills,16,Bengaluru,Mid,False,,,Data Engineer,Data Engineer / Architect,ai|aws bedrock|application development|automation solutions|cloud data|copilot|analytics|bedrock|ai frameworks|communication skills|aws|analytics platforms|cloud|architecture|business intelligence|automation
310826916896,Data Engineer - Lead,Data Engineer,Software Development,Engineering - Software & QA,"Full Time, Permanent",IT Services & Consulting,8,12,8-12 Yrs,Iris Software,Noida,,0.0,0.0,True,Not Disclosed,2026-08-31 16:41:38,"Expertise in Databricks Workflows, PySpark, Amazon Kinesis, and Delta Lake|Lead enterprise data engineering strategy, design scalable data architectures, establish governance and quality standards, and drive AI-ready data platform initiatives",3.csv,Data Engineer / Data Architect,3.8,business automation|business data|data engineer|airflow|data architecture|data engineering|code quality|analytics|apache kafka|cloud|apache|automation|apache spark|data ingestion|big data|apache airflow|architecture,17,Noida,Senior,False,,,Data Engineer,Data Engineer / Architect,apache spark|data architecture|data engineer|code quality|analytics|data engineering|data ingestion|apache|apache airflow|apache kafka|airflow|business data|cloud|big data|architecture|automation|business automation
310826916844,Sr. Data Engineer,Data Engineer,Data Science & Machine Learning,Data Science & Analytics,"Full Time, Permanent",Biotechnology,5,7,5-7 Yrs,Avantor,Pune,Coimbatore,0.0,0.0,True,Not Disclosed,2026-08-31 16:40:53,"Degree in Supply Chain Management or APICS CPIM with 5-7+ years in global supply chain and inventory management; proficiency in ETL pipelines, AI-assisted development tools, and data wrangling from SAP and various data sources|Develop replenishment strategies, portfolio segmentation, product life cycle management, and inventory optimization to support planning decision tools",3.csv,Data Engineer / Data Architect,3.6,contractor|cloud integration|data analysis|data pipelines|data engineer|csv|analytical skills|classification|data engineering|data analyst|cloud|automation|automation tools|compliance|cancer|big data|data lake|architecture,18,Pune,Mid,False,,,Data Engineer,Data Engineer / Architect,csv|contractor|automation tools|data engineer|data pipelines|data engineering|data lake|analytical skills|compliance|cancer|cloud integration|classification|cloud|data analyst|big data|architecture|automation|data analysis
310826916738,Senior Data Engineer,Data Engineer,Data Science & Machine Learning,Data Science & Analytics,"Full Time, Permanent",IT Services & Consulting,5,10,5-10 Yrs,Iris Software,Noida,,0.0,0.0,True,Not Disclosed,2026-08-31 16:39:38,"Experience with Python, SQL, Spark, AWS, Airflow, and data pipeline automation|Design and implement scalable data pipelines, clean and curate data, collaborate with AI teams, ensure data governance and compliance, support enterprise data initiatives",3.csv,Data Engineer / Data Architect,3.8,data compliance|business automation|data pipelines|data engineer|airflow|data lineage|ai|cloud platforms|data collection|ai governance|analytics|cloud|advanced sql|automation|compliance|data governance|aws,17,Noida,Mid,False,,,Data Engineer,Data Engineer / Architect,ai|data governance|data engineer|data pipelines|data compliance|analytics|compliance|ai governance|data collection|aws|airflow|data lineage|cloud|cloud platforms|advanced sql|automation|business automation
310826916566,Senior AWS Data Engineer,Data Engineer,Software Development,Engineering - Software & QA,"Full Time, Permanent",Analytics / KPO / Research,4,6,4-6 Yrs,Agilisium,Saidapet,,0.0,0.0,True,Not Disclosed,2026-08-31 16:36:53,"4-6 years experience in Data Engineering with expertise in Python, PySpark, SQL, Databricks, and AWS cloud services|Design, build, and optimize scalable data pipelines; collaborate with cross-functional teams; implement batch and streaming data ingestion; develop ETL/ELT components; ensure data quality and governance; optimize large-scale data workflows",3.csv,Data Engineer / Data Architect,3.3,data analytics|ai solutions|aws certified|data engineer|airflow|ai|agile development|data engineering|analytics|cloud|automation|aws cloud|compliance|aws data engineer|cloudwatch|ai services|aws|aws services|architecture,19,Saidapet,Mid,False,,,Data Engineer,Data Engineer / Architect,data engineer|data engineering|ai solutions|analytics|agile development|cloudwatch|aws services|ai services|aws certified|airflow|aws cloud|data analytics|ai|aws data engineer|aws|cloud|compliance|architecture|automation
310826916559,Senior Azure Data Engineer,Data Engineer,Software Development,Engineering - Software & QA,"Full Time, Permanent",Analytics / KPO / Research,3,8,3-8 Yrs,Agilisium,Saidapet,,0.0,0.0,True,Not Disclosed,2026-08-31 16:36:50,"Expertise in PySpark, Databricks, SQL, ETLELT pipelines, cloud platforms (AWS, GCP, Azure), and data lakewarehouse technologies (Snowflake, Redshift, Synapse)|Design and build scalable ETLELT pipelines, optimize data flows, collaborate with biomedical domain experts, develop data models and governance, implement data quality checks, and deploy pipelines on cloud platforms",3.csv,Data Engineer / Data Architect,3.3,ai solutions|data engineer|airflow|ai|cloud platforms|azure data engineer|biomedical|analytics|aws glue|cloud|data models|apache|compliance|apache spark|cloud infrastructure|clinical trials|ai services|aws|azure,19,Saidapet,Mid,False,,,Data Engineer,Data Engineer / Architect,data engineer|apache|apache spark|ai solutions|analytics|aws glue|cloud platforms|cloud infrastructure|data models|ai services|airflow|azure data engineer|ai|azure|clinical trials|aws|cloud|compliance|biomedical
310826916114,Senior Data Engineer,Data Engineer,Software Development,Engineering - Software & QA,"Full Time, Permanent",Banking,5,10,5-10 Yrs,Kroll,Mumbai,New Delhi,0.0,0.0,True,Not Disclosed,2026-08-31 16:26:27,"Bachelor's degree in Computer Science/Information Systems/Engineering with 5+ years in Data Engineering or Architecture, expertise in Databricks and cloud-native data platforms|Design and maintain enterprise data architecture, build scalable ETL/ELT pipelines, implement data governance and security frameworks, lead architecture reviews, and collaborate cross-functionally to support analytics and compliance",3.csv,Data Engineer / Data Architect,3.5,analytics platforms|azure data lake|azure sql|business requirements|business strategy|ai|azure synapse|batch processing|auditing|analytical skills|azure devops|analytics|bicep|automation|aws|architecture|azure,17,Mumbai,Mid,False,,,Data Engineer,Data Engineer / Architect,ai|business strategy|azure|azure devops|analytics|bicep|batch processing|azure sql|azure data lake|analytical skills|aws|analytics platforms|azure synapse|auditing|architecture|automation|business requirements
310826916112,Senior Data Engineer,Data Engineer,Software Development,Engineering - Software & QA,"Full Time, Permanent",Banking,5,10,5-10 Yrs,Kroll,Mumbai,New Delhi,0.0,0.0,True,Not Disclosed,2026-08-31 16:26:27,"5+ years experience in data engineering with expertise in ETL/ELT, Azure, Databricks, Python, and cloud architecture principles|Design and build scalable data infrastructure and Medallion architecture, develop fault-tolerant ETL/ELT pipelines, collaborate with stakeholders, optimize data workflows, and mentor junior engineers",3.csv,Data Engineer / Data Architect,3.5,data engineer|ai|analytical skills|business intelligence|data engineering|data infrastructure|artificial intelligence|corporate finance|analytics|cloud|apis|cloud architecture|compliance|agile|architecture|azure,16,Mumbai,Mid,False,,,Data Engineer,Data Engineer / Architect,ai|cloud architecture|artificial intelligence|data engineer|azure|corporate finance|analytics|data engineering|agile|analytical skills|cloud|compliance|architecture|business intelligence|data infrastructure|apis
310826915902,Senior Data Engineer,Data Engineer,Data Science & Machine Learning,Data Science & Analytics,"Full Time, Permanent",Banking,4,7,4-7 Yrs,Kroll,Mumbai,Hyderabad,0.0,0.0,True,Not Disclosed,2026-08-31 16:20:29,"4-7 years experience in data analytics/engineering with expertise in Azure Data Factory, Synapse, Python, SQL, and Power BI|Design and optimize data pipelines, develop dashboards, ensure data governance, and collaborate cross-functionally",3.csv,Data Engineer / Data Architect,3.5,data analysis|data analytics|business requirements|airflow|cloud platforms|azure data factory|analytical skills|corporate finance|data analyst|analytics|cloud|automation|compliance|cloud functions|azure|communication skills,16,Mumbai,Mid,False,,,Data Engineer,Data Engineer / Architect,data analytics|azure|corporate finance|analytics|cloud functions|analytical skills|compliance|communication skills|azure data factory|data analysis|airflow|data analyst|cloud|cloud platforms|automation|business requirements
310826915663,Senior Data Engineer,Data Engineer,Software Development,Engineering - Software & QA,"Full Time, Permanent",IT Services & Consulting,4,9,4-9 Yrs,Experian,Hyderabad,,0.0,0.0,True,Not Disclosed,2026-08-31 16:16:06,"Strong experience in data migration, AWS cloud services (S3, Lambda, Glue, RDS), Python/Scala programming, and banking data workflows|Lead migration of legacy banking systems to AWS, develop cloud-native features, design and execute data validation and reconciliation, collaborate with engineering and client teams",3.csv,Data Engineer / Data Architect,3.9,core data|cloud data|data pipelines|data validation|cloud migration|data engineer|batch processing|data migration|banking|cloud|automation|automation tools|aws cloud|data transformation|automotive|aws|aws services,17,Hyderabad,Mid,False,,,Data Engineer,Data Engineer / Architect,automation tools|data engineer|cloud data|data pipelines|banking|aws services|automotive|batch processing|core data|data transformation|aws|aws cloud|cloud|data validation|cloud migration|automation|data migration
310826915530,Staff Data Engineer,Data Engineer,Software Development,Engineering - Software & QA,"Full Time, Permanent",BPM / BPO,10,15,10-15 Yrs,Mongodb,Gurugram,,0.0,0.0,True,Not Disclosed,2026-08-31 16:13:41,"10+ years enterprise data lakes/warehouses experience with 5+ years Spark, Python, AWS/GCP, AI codegen and agentic frameworks knowledge|Lead design and build of high-performance ETL pipelines, architect Internal Data Platform, automate tasks with AI agents, ensure data security and compliance, collaborate on scalable data solutions",3.csv,Data Engineer / Data Architect,3.5,hive|cloud data|glue|data engineer|microsoft azure|data engineering|analytics|cloud|etl pipelines|mongodb atlas|gcp|compliance|medallion architecture|google cloud|iceberg|json|aws|big data|etl|mongodb|architecture|azure,22,Gurugram,Senior,False,,,Data Engineer,Data Engineer / Architect,data engineer|json|data engineering|etl|analytics|iceberg|mongodb|gcp|mongodb atlas|hive|glue|azure|cloud data|aws|etl pipelines|cloud|compliance|medallion architecture|big data|architecture
310826913588,Sr. Network Engineer - Data Centre Operations,Network (Support) Engineer,IT Network,Engineering - Hardware & Networks,"Full Time, Permanent",IT Services & Consulting,5,9,5-9 Yrs,BharatHire.Com Private Limited,Bhubaneswar,,800000.0,1200000.0,False,8-12 Lacs,2026-08-31 15:29:38,"CCNP certified with expertise in Routing & Switching, SDN, SD-WAN, and MPLS Technology|Support Data Center and Production Network Operations, monitor and report network health",3.csv,Data Engineer / Data Architect,,Proxy|Network Ops|VPN technologies|Wireless Networking|IDS|IPS|Firewalls,7,Bhubaneswar,Mid,True,800000.0,1200000.0,Network (Support) Engineer,Other IT,vpn technologies|ids|wireless networking|proxy|ips|firewalls|network ops
310826505705,GCP Data Engineer,Data Engineer,Software Development,Engineering - Software & QA,"Full Time, Permanent",IT Services & Consulting,6,11,6-11 Yrs,Reflections Info Systems,Kochi,,0.0,0.0,True,Not Disclosed,2026-08-31 17:43:18,Design batch and real-time data pipelines,3.csv,Data Engineer / Data Architect,4.2,orchestration|GCP|Reconciliation|Cloud|Data quality|HR|Troubleshooting|Monitoring|SQL|Python,10,Kochi,Mid,False,,,Data Engineer,Data Engineer / Architect,data quality|hr|gcp|python|reconciliation|orchestration|monitoring|cloud|troubleshooting|sql
310826505598,Field Deployed Agriculture and Data Engineer,Data Engineer,Data Science & Machine Learning,Data Science & Analytics,"Full Time, Permanent",IT Services & Consulting,1,4,1-4 Yrs,Hanumayamma Innovations And Technologies,Jammu,,0.0,0.0,True,Not Disclosed,2026-08-31 17:43:06,"Bachelors or Masters in Data Science,Agricultural Engineering,Computer Science or Veterinary Science . |Engage directly with small farmers,veterinarians and cooperatives to understand local conditions and what the data must answer .",3.csv,Data Engineer / Data Architect,,Computer science|farm management|data science|Data collection|Deployment|Hardware|Sensors|Veterinary|Troubleshooting|Analytics,10,Jammu,Entry,False,,,Data Engineer,Data Engineer / Architect,computer science|analytics|hardware|veterinary|data collection|deployment|farm management|troubleshooting|sensors|data science
310826505554,EY - GDS Consulting - AI And DATA -AWS Data Engineer - Manager,Solution Architect,Software Development,Engineering - Software & QA,"Full Time, Permanent",Accounting / Auditing,8,11,8-11 Yrs,EY,Coimbatore,,0.0,0.0,True,Not Disclosed,2026-08-31 17:43:02,". EY-Consulting - Data and Analytics - AI Data Platform Engineer - AWS - Manager . EYs Consulting Services is a unique,industry-focused business unit that provides a broad range of integrated services that leverage deep industry experience with strong functional and technical capabilities and product knowledge|Experience Guide",3.csv,Data Engineer / Data Architect,3.4,Reconciliation|Consulting|Asset management|microsoft|AWS|Analytics|Financial services|Monitoring|SQL|Auditing,10,Coimbatore,Senior,False,,,Solution Architect,Other IT,analytics|asset management|reconciliation|aws|financial services|monitoring|consulting|auditing|microsoft|sql
220926938041,Data Engineer,Data Engineer,Software Development,Engineering - Software & QA,"Full Time, Permanent",IT Services & Consulting,7,12,7-12 Yrs,Accenture,Bengaluru,,0.0,0.0,True,Not Disclosed,2026-09-22 16:55:18,"Minimum 7.5 years experience with Microsoft Azure Databricks and 15 years full-time education|Design, develop and maintain data pipelines, lead team decisions, mentor juniors, and coordinate cross-functional communication",3.csv,Data Engineer / Data Architect,3.7,Data Engineering|Data Pipelines|Workflows|Data Management|Deployment|Data Integration|Data Quality|Cloud|Data Engineer|Microsoft Azure|Databricks|Etl|Data Storage,13,Bengaluru,Senior,False,,,Data Engineer,Data Engineer / Architect,data integration|data quality|data storage|data engineer|azure|data pipelines|databricks|data engineering|workflows|deployment|etl|cloud|data management
220926938039,Data Engineer,Data Engineer,Software Development,Engineering - Software & QA,"Full Time, Permanent",IT Services & Consulting,7,12,7-12 Yrs,Accenture,Bengaluru,,0.0,0.0,True,Not Disclosed,2026-09-22 16:55:17,"Minimum 7.5 years experience with Databricks Unified Data Analytics Platform and 15 years full-time education|Lead design and implementation of scalable data architectures, manage and mentor team, optimize data workflows, and coordinate with stakeholders",3.csv,Data Engineer / Data Architect,3.7,Data Engineering|Data Pipelines|Engineering Tools|Data Quality Management|Quality Management|Analytics|Data Integration|Data Quality|Cloud|Databricks|Data Analytics|Etl|Data Governance|Data Storage|Data Engineering Tools,15,Bengaluru,Senior,False,,,Data Engineer,Data Engineer / Architect,data integration|data analytics|data quality|engineering tools|quality management|data governance|data pipelines|analytics|data engineering|databricks|data storage|data engineering tools|data quality management|etl|cloud
220926938014,Data Engineer,Data Engineer,Software Development,Engineering - Software & QA,"Full Time, Permanent",IT Services & Consulting,3,8,3-8 Yrs,Accenture,Bengaluru,,0.0,0.0,True,Not Disclosed,2026-09-22 16:55:06,"Minimum 3 years experience with PySpark and 15 years full-time education|Design, develop, and maintain data pipelines; ensure data quality; implement ETL processes; collaborate with teams; optimize data workflows",3.csv,Data Engineer / Data Architect,3.7,Data Handling|Pyspark|Data Pipelines|Workflows|Deployment|Workday|Data Integration|Data Quality|Data Infrastructure|Data Flow|Data Processing|Distributed Computing|Etl|Data Storage,14,Bengaluru,Mid,False,,,Data Engineer,Data Engineer / Architect,apache spark|data integration|data quality|data storage|data flow|data pipelines|distributed computing|workday|workflows|deployment|etl|data handling|data infrastructure|data processing
220926937709,Data Engineer,Data Engineer,Software Development,Engineering - Software & QA,"Full Time, Permanent",IT Services & Consulting,15,20,15-20 Yrs,Accenture,Bengaluru,,0.0,0.0,True,Not Disclosed,2026-09-22 16:51:56,"15 years experience with expertise in Data Modeling Techniques and Methodologies and 15 years full time education|Design, develop and maintain data pipelines and ETL processes; lead data infrastructure optimization; mentor team members; provide cross-team solutions and advisory",3.csv,Data Engineer / Data Architect,3.7,Database Systems|Data Pipelines|Workflows|System Reliability|Deployment|Data Operations|Troubleshooting|Data Integration|Data Quality|Data Infrastructure|Data Modeling|Data Warehousing|Etl|Operations,14,Bengaluru,Senior,False,,,Data Engineer,Data Engineer / Architect,data integration|data quality|data operations|system reliability|data pipelines|database systems|data warehousing|data modeling|workflows|deployment|etl|operations|troubleshooting|data infrastructure
220926937318,Data Engineer,Data Engineer,Software Development,Engineering - Software & QA,"Full Time, Permanent",IT Services & Consulting,5,10,5-10 Yrs,Accenture,Bengaluru,,0.0,0.0,True,Not Disclosed,2026-09-22 16:48:06,"Minimum 5 years experience in Data Modeling Techniques and Methodologies with 15 years full time education|Design, develop and maintain data pipelines, ensure data quality, implement ETL processes, lead scalable data architecture design, and collaborate with multiple teams",3.csv,Data Engineer / Data Architect,3.7,Database Systems|Data Pipelines|System Reliability|Troubleshooting|Data Integration|Design|Data Quality|Data Migration|Collection|Data Warehousing|Data Modeling|Data Processing|Etl,13,Bengaluru,Mid,False,,,Data Engineer,Data Engineer / Architect,data integration|data quality|system reliability|data pipelines|database systems|collection|data warehousing|data modeling|etl|design|troubleshooting|data processing|data migration
220926934926,Data Engineer,Data Engineer,Software Development,Engineering - Software & QA,"Full Time, Permanent",IT Services & Consulting,7,12,7-12 Yrs,Accenture,Bengaluru,,0.0,0.0,True,Not Disclosed,2026-09-22 16:21:55,"BE/BTech with 7.5+ years in Data Modeling Techniques and Methodologies|Design, develop, and maintain data solutions; create data pipelines; implement ETL processes; lead and collaborate with teams",3.csv,Data Engineer / Data Architect,3.7,hive|data warehousing|sql|plsql|spark|gcp|hadoop|big data|snowflake|python|microsoft azure|machine learning|sql server|data quality|tableau|aws|ssis|data flow|informatica|unix,20,Bengaluru,Senior,False,,,Data Engineer,Data Engineer / Architect,machine learning|unix|plsql|apache spark|data quality|data flow|tableau|python|ssis|gcp|informatica|hive|azure|snowflake|sql server|data warehousing|hadoop|aws|big data|sql
220926022244,Databricks Data Engineer,Data Engineer,Software Development,Engineering - Software & QA,"Full Time, Permanent",IT Services & Consulting,2,5,2-5 Yrs,Infosys,Hyderabad,Bengaluru,0.0,0.0,True,Not Disclosed,2026-09-22 14:56:09,"2-5 years experience in Data Engineering with expertise in Databricks, PySpark, and Spark SQL|Design and maintain data pipelines, build ETL/ELT solutions, optimize data processing, and collaborate with teams to meet business needs",3.csv,Data Engineer / Data Architect,3.5,,0,Hyderabad,Entry,False,,,Data Engineer,Data Engineer / Architect,
220926022205,Databricks Data Engineer,Data Engineer,Software Development,Engineering - Software & QA,"Full Time, Permanent",IT Services & Consulting,2,5,2-5 Yrs,Infosys,Pune,Bengaluru,0.0,0.0,True,Not Disclosed,2026-09-22 14:55:39,"2-5 years Data Engineering experience with Databricks and PySpark expertise|Design and maintain data pipelines, build ETL/ELT solutions, optimize data workflows, and integrate multiple data sources",3.csv,Data Engineer / Data Architect,3.5,,0,Pune,Entry,False,,,Data Engineer,Data Engineer / Architect,
220926022162,Databricks Data Engineer,Data Engineer,Software Development,Engineering - Software & QA,"Full Time, Permanent",IT Services & Consulting,2,5,2-5 Yrs,Infosys,Kolkata,Bengaluru,0.0,0.0,True,Not Disclosed,2026-09-22 14:55:16,"2-5 years Data Engineering experience with Databricks and PySpark expertise|Design and maintain data pipelines, build ETL/ELT solutions, optimize data workflows, and collaborate with teams",3.csv,Data Engineer / Data Architect,3.5,,0,Kolkata,Entry,False,,,Data Engineer,Data Engineer / Architect,
220926022150,Databricks Data Engineer,Data Engineer,Software Development,Engineering - Software & QA,"Full Time, Permanent",IT Services & Consulting,2,5,2-5 Yrs,Infosys,Ahmedabad,Chennai,0.0,0.0,True,Not Disclosed,2026-09-22 14:55:08,"2-5 years Data Engineering experience with Databricks and PySpark expertise|Design and maintain data pipelines, build ETL/ELT solutions, optimize data workflows, and integrate multiple data sources",3.csv,Data Engineer / Data Architect,3.5,,0,Ahmedabad,Entry,False,,,Data Engineer,Data Engineer / Architect,
220926015685,Walk-in || Data Engineer,Data Engineer,Data Science & Machine Learning,Data Science & Analytics,"Full Time, Permanent",IT Services & Consulting,4,9,4-9 Yrs,Hexaware Technologies,Bengaluru,,1000000.0,2000000.0,False,10-20 Lacs,2026-09-22 13:21:05,"Senior Data Engineer with expertise in SQL, PySpark, Python, lakehouse architectures, and ETL/ELT design patterns|Design and implement scalable batch and distributed data pipelines, optimize complex SQL queries, build Spark-based transformations, develop reusable Python data frameworks, and handle data modelling and orchestration with Airflow",3.csv,Data Engineer / Data Architect,3.4,Hadoop,1,Bengaluru,Mid,True,1000000.0,2000000.0,Data Engineer,Data Engineer / Architect,hadoop
180926930466,Data Engineer,Data Engineer,Data Science & Machine Learning,Data Science & Analytics,"Full Time, Permanent",IT Services & Consulting,3,8,3-8 Yrs,Accenture,Bengaluru,,0.0,0.0,True,Not Disclosed,2026-09-18 18:02:10,"Minimum 3 years experience with Databricks Unified Data Analytics Platform and 15 years full-time education|Design, develop, and maintain data pipelines and ETL processes; ensure data quality; troubleshoot and optimize data workflows; collaborate with teams; mentor juniors",3.csv,Data Engineer / Data Architect,3.7,Data Pipelines|Workflows|Deployment|Data Integration|Etl Processes|Data Quality|Data Engineer|Data Flow|Data Processing|Databricks|Data Analytics|Etl|Quality Assurance|Data Governance|Data Storage,15,Bengaluru,Mid,False,,,Data Engineer,Data Engineer / Architect,data integration|data analytics|data quality|quality assurance|data engineer|data flow|data pipelines|databricks|data governance|data storage|etl processes|workflows|deployment|etl|data processing
180926930031,Data Engineer,Data Engineer,Software Development,Engineering - Software & QA,"Full Time, Permanent",IT Services & Consulting,8,13,8-13 Yrs,Accenture,Bengaluru,,0.0,0.0,True,Not Disclosed,2026-09-18 17:59:25,"8+ years experience in Data Modeling Techniques and Methodologies with 15 years full-time education|Design, develop, and maintain data pipelines and ETL processes; lead scalable data architecture implementation; mentor team members; collaborate across teams",3.csv,Data Engineer / Data Architect,3.7,Pyspark|Database Systems|Data Pipelines|Workflows|Programming|Data Integration|Data Quality|Data Infrastructure|Data Engineer|Data Flow|Etl Process|Programming Language|Data Modeling|Data Warehousing|Etl|Python,16,Bengaluru,Senior,False,,,Data Engineer,Data Engineer / Architect,apache spark|data integration|data quality|data engineer|data flow|data pipelines|programming language|database systems|etl process|data warehousing|data modeling|workflows|etl|programming|python|data infrastructure
180926926346,Data Engineer,Data Engineer,Software Development,Engineering - Software & QA,"Full Time, Permanent",IT Services & Consulting,5,10,5-10 Yrs,Accenture,Bengaluru,,0.0,0.0,True,Not Disclosed,2026-09-18 17:19:24,"Minimum 5 years experience with Google BigQuery and 15 years full-time education|Design, develop and maintain data pipelines, ensure data quality, implement ETL processes, lead and mentor team, collaborate across teams",3.csv,Data Engineer / Data Architect,3.7,python|data pipelines|data warehousing|collection|programming languages|sql|database design|data quality|data modeling|design|bigquery|etl|data integration|google bigquery|programming|architecture,16,Bengaluru,Mid,False,,,Data Engineer,Data Engineer / Architect,data integration|bigquery|data quality|programming languages|data pipelines|collection|data warehousing|database design|data modeling|etl|design|programming|python|architecture|sql|google bigquery
180926034545,Data Engineer,Data Engineer,Software Development,Engineering - Software & QA,"Full Time, Permanent",IT Services & Consulting,4,9,4-9 Yrs,Tata Consultancy Services,Chennai,Bengaluru,800000.0,1800000.0,False,8-18 Lacs,2026-09-18 18:46:41,"3+ years experience with Databricks, Apache Spark, and Spark SQL; proficiency in Python, Scala, or SQL; knowledge of Delta Lake, Lakeflow Spark Declarative Pipelines, Unity Catalog, and cloud platforms; Databricks certifications preferred|Develop and optimize scalable data pipelines; implement data ingestion and transformation; ensure data quality and security; troubleshoot pipeline issues; collaborate with stakeholders; document workflows",3.csv,Data Engineer / Data Architect,3.2,,0,Chennai,Mid,True,800000.0,1800000.0,Data Engineer,Data Engineer / Architect,
180926016268,PySpark Data Engineer,Data Engineer,Software Development,Engineering - Software & QA,"Full Time, Permanent",IT Services & Consulting,2,5,2-5 Yrs,Infosys,Hyderabad,Chennai,0.0,0.0,True,Not Disclosed,2026-09-18 12:53:41,"2-5 years Data Engineering experience with strong PySpark and Apache Spark skills|Design and develop scalable data pipelines, build ETL workflows, optimize Spark applications, and ensure data quality and reliability",3.csv,Data Engineer / Data Architect,3.5,Hive|Data Engineering|Hadoop|Big Data|ETL|AWS|Data Bricks|azure,8,Hyderabad,Entry,False,,,Data Engineer,Data Engineer / Architect,azure|data engineering|hadoop|aws|etl|big data|hive|data bricks
180926016157,Databricks Data Engineer,Data Engineer,Software Development,Engineering - Software & QA,"Full Time, Permanent",IT Services & Consulting,2,5,2-5 Yrs,Infosys,Noida,Chennai,0.0,0.0,True,Not Disclosed,2026-09-18 12:52:27,"2-5 years Data Engineering experience with Databricks and PySpark expertise|Design and maintain data pipelines, build ETL/ELT solutions, optimize data workflows, and collaborate with teams",3.csv,Data Engineer / Data Architect,3.5,,0,Noida,Entry,False,,,Data Engineer,Data Engineer / Architect,
220926941748,Data Engineer,Data Engineer,Software Development,Engineering - Software & QA,"Full Time, Permanent",IT Services & Consulting,2,4,2-4 Yrs,Accenture,Bengaluru,,0.0,0.0,True,Not Disclosed,2026-09-22 17:29:17,"A 15 years full time education is required.  . Qualification 15 years full time education|Create data pipelines,ensure data quality,and implement ETL (extract,transform and load) processes to migrate and deploy data across systems. Must have skills : Google BigQuery. Good to have skills : NA",3.csv,Data Engineer / Data Architect,3.7,python|data pipelines|ai frameworks|ai|collection|data quality|solution design|business transformation|design|programming language|bigquery|etl|google bigquery|programming,14,Bengaluru,Entry,False,,,Data Engineer,Data Engineer / Architect,ai|data quality|solution design|bigquery|programming language|data pipelines|collection|ai frameworks|business transformation|etl|design|programming|python|google bigquery
220926940043,Data Engineer,Data Engineer,Software Development,Engineering - Software & QA,"Full Time, Permanent",IT Services & Consulting,3,8,3-8 Yrs,Accenture,Bengaluru,,0.0,0.0,True,Not Disclosed,2026-09-22 17:16:42,,3.csv,Data Engineer / Data Architect,3.7,rest|etl tools|data management|data pipelines|retail|database design|data quality|scripting|technical support|automation|ui|data modeling|use cases|data governance|splunk|http|service now|etl|scripting languages,19,Bengaluru,Mid,False,,,Data Engineer,Data Engineer / Architect,data pipelines|splunk|use cases|retail|data modeling|http|etl|data management|data quality|service now|ui|technical support|scripting languages|scripting|database design|rest|data governance|etl tools|automation
220926940015,Data Engineer,Data Engineer,Software Development,Engineering - Software & QA,"Full Time, Permanent",IT Services & Consulting,5,10,5-10 Yrs,Accenture,Bengaluru,,0.0,0.0,True,Not Disclosed,2026-09-22 17:16:18,"Minimum 5 year(s) of experience is required. Educational Qualification : 15 years full time education. Summary:  As a Data Engineer,you will design,develop,and maintain data solutions that facilitate data generation,collection,and processing|This position is based at our Bengaluru office.  . A 15 years full time education is required.  . Qualification 15 years full time education",3.csv,Data Engineer / Data Architect,3.7,python|data analytics|data pipelines|scala|data processing|databricks|data warehousing|cloud platforms|data engineering|database design|analytics|data quality|data modeling|aws|etl|programming|azure,17,Bengaluru,Mid,False,,,Data Engineer,Data Engineer / Architect,data analytics|data quality|azure|data pipelines|databricks|data engineering|analytics|data warehousing|scala|database design|data modeling|aws|etl|programming|python|cloud platforms|data processing
220926939608,Data Engineer,Data Engineer,Software Development,Engineering - Software & QA,"Full Time, Permanent",IT Services & Consulting,7,12,7-12 Yrs,Accenture,Bengaluru,,0.0,0.0,True,Not Disclosed,2026-09-22 17:11:56,"Minimum 5 year(s) of experience is required. Educational Qualification : 15 years full time education. Summary:  As a Data Engineer,you will design,develop,and maintain data solutions that facilitate data generation,collection,and processing|This position is based at our Bengaluru office.  . A 15 years full time education is required.  . Qualification 15 years full time education",3.csv,Data Engineer / Data Architect,3.7,python|data analytics|data pipelines|scala|data platforms|data processing|databricks|data warehousing|programming languages|database design|analytics|cloud|data quality|data modeling|aws|etl|programming|azure,18,Bengaluru,Senior,False,,,Data Engineer,Data Engineer / Architect,data analytics|data quality|azure|data platforms|data pipelines|databricks|programming languages|analytics|data warehousing|scala|database design|data modeling|aws|etl|cloud|programming|python|data processing
220926938044,Data Engineer,Data Engineer,Data Science & Machine Learning,Data Science & Analytics,"Full Time, Permanent",IT Services & Consulting,7,12,7-12 Yrs,Accenture,Bengaluru,,0.0,0.0,True,Not Disclosed,2026-09-22 16:55:20,"Minimum 7.5 years experience with Databricks Unified Data Analytics Platform and 15 years full-time education|Lead and optimize data pipelines, implement scalable ETL processes, manage team decisions, and ensure data quality and governance",3.csv,Data Engineer / Data Architect,3.7,Workflow Management|Data Pipelines|Data Management|Analytics|Design|Data Quality|Skill Development|Cloud|Collection|Databricks|Data Analytics|Etl|Data Storage,13,Bengaluru,Senior,False,,,Data Engineer,Data Engineer / Architect,data analytics|data quality|data storage|workflow management|analytics|data pipelines|databricks|collection|skill development|etl|design|cloud|data management
220926937077,Data Engineer,Data Engineer,Software Development,Engineering - Software & QA,"Full Time, Permanent",IT Services & Consulting,2,5,2-5 Yrs,Accenture,Bhubaneswar,,0.0,0.0,True,Not Disclosed,2026-09-22 16:45:07,"Minimum 3 years experience with PySpark and 15 years full-time education|Design, develop, and maintain data pipelines and ETL processes; ensure data quality; troubleshoot data issues; collaborate with stakeholders",3.csv,Data Engineer / Data Architect,3.7,etl tools|data pipelines|pyspark|cloud platforms|collection|database design|cloud|data quality|data storage|data modeling|design|data governance|aws|etl|maintenance|azure,16,Bhubaneswar,Entry,False,,,Data Engineer,Data Engineer / Architect,apache spark|data governance|data quality|data storage|azure|data pipelines|collection|etl tools|database design|maintenance|data modeling|aws|etl|cloud|design|cloud platforms
220926929250,Data Engineer-Data Modeling,Data Engineer,Data Science & Machine Learning,Data Science & Analytics,"Full Time, Permanent",IT Services & Consulting,8,10,8-10 Yrs,IBM,Bengaluru,,0.0,0.0,True,Not Disclosed,2026-09-22 15:27:47,"8-10 years experience with data modeling tools like ERWin, MDM, ETL; Bachelor's degree required, Master's preferred|Design and implement logical and physical data models; translate business needs into data models; apply and optimize data modeling techniques; implement data solutions integrated with existing systems",3.csv,Data Engineer / Data Architect,3.9,snowflake|ibm infosphere|data management|business requirements|data engineer|erwin|cloud|data architect|data models|infosphere|data modeling|redshift|mdm|data governance|translation|solution implementation|etl,17,Bengaluru,Senior,False,,,Data Engineer,Data Engineer / Architect,data governance|erwin|mdm|data engineer|redshift|snowflake|solution implementation|data models|infosphere|data modeling|translation|cloud|etl|ibm infosphere|data management|data architect|business requirements
220926019905,Data Engineer,IT & Information Security - Other,IT & Information Security - Other,IT & Information Security,"Full Time, Permanent",IT Services & Consulting,6,10,6-10 Yrs,Tata Consultancy Services,Bengaluru,,0.0,0.0,True,Not Disclosed,2026-09-22 14:28:12,"6+ years experience with ETL, Python, SQL, Azure Databricks, Azure Data Factory, and Power BI|Develop and maintain scalable ETL data pipelines, build data models, create analytical tools, monitor data quality, troubleshoot data issues, and optimize query performance",3.csv,Data Engineer / Data Architect,3.2,,0,Bengaluru,Mid,False,,,IT & Information Security - Other,Other IT,
220926009104,Walk-in || Data Engineer,Data Engineer,Data Science & Machine Learning,Data Science & Analytics,"Full Time, Permanent",IT Services & Consulting,6,11,6-11 Yrs,Tata Consultancy Services,Bengaluru,,0.0,0.0,True,Not Disclosed,2026-09-22 12:17:16,"6+ years experience with ETL, Python, SQL, Azure Databricks, Azure Data Factory, and Power BI|Develop and maintain scalable ETL data pipelines, build data models, create analytical tools, monitor data quality, troubleshoot data issues, optimize queries, and document processes",3.csv,Data Engineer / Data Architect,3.2,ETL,1,Bengaluru,Mid,False,,,Data Engineer,Data Engineer / Architect,etl
180926930537,Data Engineer,Data Engineer,Software Development,Engineering - Software & QA,"Full Time, Permanent",IT Services & Consulting,5,10,5-10 Yrs,Accenture,Bengaluru,,0.0,0.0,True,Not Disclosed,2026-09-18 18:02:44,"Minimum 5 years experience in Microsoft Power BI and 15 years full-time education|Design, develop, and maintain data pipelines and ETL processes; ensure data quality; lead and manage team decisions",3.csv,Data Engineer / Data Architect,3.7,Spotfire|Data Pipelines|Workflows|Database Design|Tibco|Maintenance|Tibco Spotfire|Etl Processes|Data Quality|Etl Tools|Data Engineer|Data Flow|Data Modeling|Data Warehousing|Etl,15,Bengaluru,Mid,False,,,Data Engineer,Data Engineer / Architect,tibco|data quality|data engineer|data flow|data pipelines|etl processes|etl tools|data warehousing|database design|maintenance|data modeling|workflows|etl|spotfire|tibco spotfire
180926930496,Data Engineer,Data Engineer,Software Development,Engineering - Software & QA,"Full Time, Permanent",IT Services & Consulting,5,10,5-10 Yrs,Accenture,Bengaluru,,0.0,0.0,True,Not Disclosed,2026-09-18 18:02:28,"Minimum 5 years experience with Informatica Intelligent Cloud Services and 15 years full time education|Design, develop and maintain data pipelines and ETL processes; ensure data quality; mentor team members; collaborate across teams and provide solutions",3.csv,Data Engineer / Data Architect,3.7,Azure|Data Pipelines|Cloud Services|Scripting Languages|Database Design|Informatica|Scripting|Sql|Etl Processes|Cloud Platforms|Data Quality|Data Manipulation|Cloud|Data Engineer|Data Modeling|Data Warehousing|Etl|Python,18,Bengaluru,Mid,False,,,Data Engineer,Data Engineer / Architect,data quality|cloud services|azure|scripting languages|data pipelines|scripting|data manipulation|etl processes|informatica|data engineer|data warehousing|database design|data modeling|etl|cloud|python|cloud platforms|sql
180926019225,Data Engineer,IT Infrastructure Services - Other,IT Infrastructure Services,IT & Information Security,"Full Time, Permanent",Management Consulting,3,8,3-8 Yrs,EY,Pune,Gurugram,0.0,0.0,True,Not Disclosed,2026-09-18 13:38:13,"4+ years experience in Azure Data Engineering with expertise in Azure Databricks, PySpark, Python, SQL, and Azure Data Factory|Design, develop, and maintain scalable ETL/ELT pipelines and data lakehouse solutions on Azure; optimize Spark jobs; implement data governance and CI/CD",3.csv,Data Engineer / Data Architect,3.4,,0,Pune,Mid,False,,,IT Infrastructure Services - Other,DevOps / Cloud,
160926011830,Data Engineer,Software Development - Other,Software Development,Engineering - Software & QA,"Full Time, Permanent",IT Services & Consulting,5,10,5-10 Yrs,Tata Consultancy Services,Noida,Kolkata,0.0,0.0,True,Not Disclosed,2026-09-16 11:24:36,"5-8 years experience with expertise in ETL/ELT development, Azure Data Factory, Azure Databricks, PySpark, and data warehousing|Design, build, and maintain scalable data pipelines, data lakes, and warehouses; ensure data quality and security; collaborate with teams; monitor and optimize data workflows",3.csv,Data Engineer / Data Architect,3.2,Pyspark|Python,2,Noida,Mid,False,,,Software Development - Other,Other IT,apache spark|python
150926018616,Data Engineer,Data Engineer,Software Development,Engineering - Software & QA,"Full Time, Permanent",IT Services & Consulting,3,6,3-6 Yrs,Tata Elxsi,Pune,Chennai,0.0,0.0,True,Not Disclosed,2026-09-15 15:48:10,"4+ years Big Data/Data Engineering with expertise in Python, PySpark, Kafka, and Databricks|Architect and lead scalable ETL/data pipelines, enforce best practices, integrate diverse data sources, and mentor teams",3.csv,Data Engineer / Data Architect,3.4,,0,Pune,Mid,False,,,Data Engineer,Data Engineer / Architect,
71125023860,Palantir Data Engineer,Data Engineer,Software Development,Engineering - Software & QA,"Full Time, Permanent",IT Services & Consulting,4,9,4-9 Yrs,Tata Consultancy Services,Hyderabad,Pune,0.0,0.0,True,Not Disclosed,2026-09-18 17:25:02,"4+ years experience in Python and Pyspark, skilled in Palantir Foundry tools including Data Connection, Ontology, Code Workbook, Contour, Quiver, Workshop, and Slate|Design, build, and optimize data pipelines and ontology in Palantir Foundry; ingest, transform, and integrate data; collaborate with teams; resolve data quality and performance issues; contribute to application development and data analytics",3.csv,Data Engineer / Data Architect,3.2,Palantir Foundry|SQL,2,Hyderabad,Mid,False,,,Data Engineer,Data Engineer / Architect,palantir foundry|sql
230926034081,Data Engineer,DBA / Data warehousing - Other,DBA / Data warehousing,Engineering - Software & QA,"Full Time, Permanent",IT Services & Consulting,3,8,3-8 Yrs,Themathcompany,Bengaluru,,1000000.0,2000000.0,False,10-20 Lacs,2026-09-23 17:34:02,"3-12 years experience in data engineering with expertise in cloud platforms (AWS, Azure, GCP), Spark, Kafka, and data modeling|Design, build, and maintain large-scale data systems; lead architecture discussions; implement data engineering best practices; manage client requirements",3.csv,Data Engineer / Data Architect,3.2,Azure Data Factory|GCP Cloud|AWS Cloud|Data Bricks,4,Bengaluru,Mid,True,1000000.0,2000000.0,DBA / Data warehousing - Other,Other IT,data bricks|aws cloud|azure data factory|gcp cloud
170926917349,Data Engineer,Data Engineer,Software Development,Engineering - Software & QA,"Full Time, Permanent",IT Services & Consulting,3,8,3-8 Yrs,Accenture,Bengaluru,,0.0,0.0,True,Not Disclosed,2026-09-17 12:19:41,"Minimum 3 years experience with PySpark and 15 years full time education|Design, develop, and maintain data pipelines and ETL processes; ensure data quality; collaborate with teams and provide solutions",3.csv,Data Engineer / Data Architect,3.7,Pyspark|Data Pipelines|Workflows|Deployment|Data Integration|Data Quality|Data Migration|Data Infrastructure|Data Engineer|Data Flow|Data Processing|Distributed Computing|Etl|Data Storage,14,Bengaluru,Mid,False,,,Data Engineer,Data Engineer / Architect,apache spark|data integration|data quality|data storage|data engineer|data flow|data pipelines|workflows|deployment|etl|distributed computing|data infrastructure|data processing|data migration
170926917263,Data Engineer,Data Engineer,Software Development,Engineering - Software & QA,"Full Time, Permanent",IT Services & Consulting,3,8,3-8 Yrs,Accenture,Bengaluru,,0.0,0.0,True,Not Disclosed,2026-09-17 12:18:53,"Minimum 3 years experience in Data Engineering with expertise in data pipeline architecture, ETL processes, and cloud platforms|Design, develop, and maintain data pipelines; ensure data quality; implement ETL processes; collaborate with teams; optimize data workflows; mentor juniors",3.csv,Data Engineer / Data Architect,3.7,Data Engineering|Data Pipelines|Architecture|Data Integration|Cloud Platforms|Data Quality|Data Migration|Data Infrastructure|Cloud|Database Management|Data Engineer|Data Flow|Data Pipeline Architecture|Data Warehousing,14,Bengaluru,Mid,False,,,Data Engineer,Data Engineer / Architect,data integration|data quality|database management|data engineer|data pipelines|data flow|data engineering|data warehousing|architecture|cloud|data pipeline architecture|cloud platforms|data infrastructure|data migration
170926917199,Data Engineer,Data Engineer,Data Science & Machine Learning,Data Science & Analytics,"Full Time, Permanent",IT Services & Consulting,3,8,3-8 Yrs,Accenture,Bengaluru,,0.0,0.0,True,Not Disclosed,2026-09-17 12:18:18,"Minimum 3 years experience with Databricks Unified Data Analytics Platform and 15 years full-time education|Design, develop, and maintain data pipelines and ETL processes; ensure data quality; collaborate with teams; troubleshoot workflows; mentor juniors",3.csv,Data Engineer / Data Architect,3.7,Data Engineering|Data Pipelines|Architecture|Data Integration|Data Quality|Data Infrastructure|Cloud|Data Engineer|Data Flow|Data Architecture|Data Processing|Databricks|Data Analytics|Data Governance|Data Storage,15,Bengaluru,Mid,False,,,Data Engineer,Data Engineer / Architect,data integration|data analytics|data quality|data architecture|data engineer|data flow|data pipelines|databricks|data engineering|data governance|data storage|architecture|cloud|data infrastructure|data processing
170926917173,Data Engineer,Data Engineer,Software Development,Engineering - Software & QA,"Full Time, Permanent",IT Services & Consulting,3,8,3-8 Yrs,Accenture,Bengaluru,,0.0,0.0,True,Not Disclosed,2026-09-17 12:18:08,"Minimum 3 years experience with Snowflake Data Warehouse and ETL process expertise|Design, develop, and maintain data pipelines; ensure data quality; implement ETL for data migration; collaborate with teams; optimize pipelines; document workflows; mentor juniors",3.csv,Data Engineer / Data Architect,3.7,Data Pipelines|Deployment|Data Integration|Etl Processes|Data Quality|Snowflake Data Warehouse|Data Migration|Data Infrastructure|Cloud|Snowflake|Data Engineer|Data Flow|Data Pipeline Architecture|Etl|Data Storage,15,Bengaluru,Mid,False,,,Data Engineer,Data Engineer / Architect,data integration|data quality|data storage|data engineer|data flow|data pipelines|snowflake|snowflake data warehouse|etl processes|deployment|etl|cloud|data pipeline architecture|data infrastructure|data migration
170926917172,Data Engineer,Data Engineer,Software Development,Engineering - Software & QA,"Full Time, Permanent",IT Services & Consulting,3,8,3-8 Yrs,Accenture,Bengaluru,,0.0,0.0,True,Not Disclosed,2026-09-17 12:18:06,"Minimum 3 years experience with Snowflake Data Warehouse and 15 years full time education|Design, develop, and maintain data pipelines and ETL processes; ensure data quality; collaborate with teams and document data workflows",3.csv,Data Engineer / Data Architect,3.7,Data Pipelines|Deployment|Data Integration|Data Quality|Snowflake Data Warehouse|Data Infrastructure|Cloud|Snowflake|Data Build Tool|Data Engineer|Data Flow|Data Pipeline Architecture|Etl|Data Governance|Data Storage,15,Bengaluru,Mid,False,,,Data Engineer,Data Engineer / Architect,data integration|data build tool|data quality|data governance|data engineer|data flow|data pipelines|snowflake|snowflake data warehouse|data storage|deployment|etl|cloud|data pipeline architecture|data infrastructure
170926917153,Data Engineer,Data Engineer,Data Science & Machine Learning,Data Science & Analytics,"Full Time, Permanent",IT Services & Consulting,3,8,3-8 Yrs,Accenture,Bengaluru,,0.0,0.0,True,Not Disclosed,2026-09-17 12:17:58,"3+ years experience with Databricks Unified Data Analytics Platform and 15 years full-time education|Design, develop, and maintain data pipelines and ETL processes; ensure data quality; collaborate with teams and support junior members",3.csv,Data Engineer / Data Architect,3.7,Data Pipelines|Workflows|Deployment|Data Integration|Etl Processes|Data Quality|Data Infrastructure|Cloud|Data Engineer|Data Flow|Databricks|Data Analytics|Etl|Data Governance|Data Storage,15,Bengaluru,Mid,False,,,Data Engineer,Data Engineer / Architect,data integration|data analytics|data quality|data governance|data engineer|data flow|data pipelines|databricks|data storage|etl processes|workflows|deployment|etl|cloud|data infrastructure
170926917141,Data Engineer,Data Engineer,Software Development,Engineering - Software & QA,"Full Time, Permanent",IT Services & Consulting,3,8,3-8 Yrs,Accenture,Bengaluru,,0.0,0.0,True,Not Disclosed,2026-09-17 12:17:49,"Minimum 3 years experience with Reltio and 15 years full-time education|Design, develop, and maintain data pipelines and ETL processes; ensure data quality; collaborate with teams; troubleshoot data issues",3.csv,Data Engineer / Data Architect,3.7,Data Pipelines|Workflows|Deployment|Data Operations|Reltio|Data Integration|Etl Processes|Data Quality|Data Engineer|Data Architecture|Data Processing|Etl|Operations|Data Storage,14,Bengaluru,Mid,False,,,Data Engineer,Data Engineer / Architect,data integration|data quality|data operations|data engineer|data architecture|data pipelines|data storage|etl processes|reltio|workflows|deployment|etl|operations|data processing
170926916936,Data Engineer,Data Engineer,Data Science & Machine Learning,Data Science & Analytics,"Full Time, Permanent",IT Services & Consulting,3,8,3-8 Yrs,Accenture,Bengaluru,,0.0,0.0,True,Not Disclosed,2026-09-17 12:15:41,"Minimum 3 years experience with Databricks Unified Data Analytics Platform and 15 years full-time education|Design, develop and maintain data pipelines and ETL processes; ensure data quality; collaborate with teams; troubleshoot data issues; mentor juniors",3.csv,Data Engineer / Data Architect,3.7,Pyspark|Azure|Data Pipelines|Workflows|Deployment|Data Integration|Data Platforms|Etl Processes|Data Quality|Data Infrastructure|Cloud|Data Engineer|Data Flow|Microsoft Azure|Databricks|Data Analytics|Etl,17,Bengaluru,Mid,False,,,Data Engineer,Data Engineer / Architect,apache spark|data integration|data quality|data analytics|azure|data engineer|data pipelines|data platforms|data flow|databricks|etl processes|workflows|deployment|etl|cloud|data infrastructure
170926916829,Data Engineer,Data Engineer,Software Development,Engineering - Software & QA,"Full Time, Permanent",IT Services & Consulting,3,8,3-8 Yrs,Accenture,Bengaluru,,0.0,0.0,True,Not Disclosed,2026-09-17 12:14:30,"3+ years experience with Microsoft Azure Databricks and expertise in ETL and data integration|Design, develop, and maintain data pipelines; ensure data quality; implement ETL processes; collaborate with teams; optimize workflows; mentor juniors",3.csv,Data Engineer / Data Architect,3.7,Azure|Data Pipelines|Workflows|Deployment|Data Integration|Data Quality|Data Migration|Data Infrastructure|Cloud|Data Engineer|Data Flow|Microsoft Azure|Databricks|Etl|Data Storage,15,Bengaluru,Mid,False,,,Data Engineer,Data Engineer / Architect,data integration|data quality|data storage|azure|data engineer|data pipelines|data flow|databricks|workflows|deployment|etl|cloud|data infrastructure|data migration
160926935185,Data Engineer,Data Engineer,Software Development,Engineering - Software & QA,"Full Time, Permanent",IT Services & Consulting,5,10,5-10 Yrs,Accenture,Gurugram,,0.0,0.0,True,Not Disclosed,2026-09-16 16:08:28,"Educational Qualification : 15 years full time education. Summary:  As a Data Engineer,a typical day involves designing,developing,and maintaining comprehensive data solutions that support the generation,collection,and processing of data|15 years full time education| The candidate should have minimum 5 years of experience in Python Frameworks",3.csv,Data Engineer / Data Architect,3.7,data warehouse|python|data pipelines|test management|workflows|python frameworks|etl testing|data quality|database management|data storage|data handling|etl|data flow|data integration,14,Gurugram,Mid,False,,,Data Engineer,Data Engineer / Architect,data integration|python frameworks|data quality|database management|data storage|data pipelines|data flow|test management|workflows|data warehouse|etl|etl testing|python|data handling
160926014081,Data Engineer,Data Engineer,Software Development,Engineering - Software & QA,"Full Time, Permanent",IT Services & Consulting,6,10,6-10 Yrs,Hexaware Technologies,Navi Mumbai,Pune,1000000.0,2000000.0,False,10-20 Lacs,2026-09-16 12:08:06,"6-10 years Data Engineer with expertise in BigQuery, Dataform, and GCP|Design and maintain large-scale data pipelines, develop complex SQL queries, troubleshoot GCP data issues, ensure system scalability and monitoring",3.csv,Data Engineer / Data Architect,3.4,,0,Mumbai,Mid,True,1000000.0,2000000.0,Data Engineer,Data Engineer / Architect,
160926008332,Data Engineer,Other,Other,Other,"Full Time, Permanent",IT Services & Consulting,6,10,6-10 Yrs,Tata Consultancy Services,Chennai,Bengaluru,500000.0,1500000.0,False,5-15 Lacs,2026-09-16 09:42:55,"6+ years experience in data engineering with expertise in ETL/ELT, Azure/AWS cloud platforms, and big data tools like Databricks, Spark, and Kafka|Design, develop, and maintain scalable data pipelines, data warehouses, and data lakes; ensure data quality and governance; collaborate with stakeholders; support data migration and modernization",3.csv,Data Engineer / Data Architect,3.2,,0,Chennai,Mid,True,500000.0,1500000.0,Other,Other IT,
140926919366,Data Engineer,Data Engineer,Data Science & Machine Learning,Data Science & Analytics,"Full Time, Permanent",IT Services & Consulting,3,8,3-8 Yrs,Accenture,Bengaluru,,0.0,0.0,True,Not Disclosed,2026-09-14 17:08:20,"Minimum 3 years experience with Databricks Unified Data Analytics Platform and 15 years full time education|Design, develop, and maintain data pipelines; ensure data quality; implement ETL processes; collaborate with teams; optimize workflows; document processes; support junior members",3.csv,Data Engineer / Data Architect,3.7,Pyspark|Analytics Services|Azure Analytics|Data Engineering|Workflow|Data Bricks|Analytics|Data Integration|Data Quality|Data Migration|Data Pipeline Architecture|Microsoft Azure|Etl|Data Analytics|Data Governance,15,Bengaluru,Mid,False,,,Data Engineer,Data Engineer / Architect,apache spark|analytics services|data integration|data quality|azure|data analytics|analytics|azure analytics|data engineering|workflow|data governance|etl|data pipeline architecture|data bricks|data migration
140926919204,Data Engineer,Data Engineer,Software Development,Engineering - Software & QA,"Full Time, Permanent",IT Services & Consulting,2,4,2-4 Yrs,Accenture,Bengaluru,,0.0,0.0,True,Not Disclosed,2026-09-14 17:06:04,"7.5 years experience in Data Consulting with expertise in Generative and Agentic AI, data architecture, ETL, and cloud data platforms|Design, develop, and maintain data pipelines and ETL processes; lead AI-driven solution design; mentor team members; optimize data workflows",3.csv,Data Engineer / Data Architect,3.7,data management|data pipelines|ai frameworks|data platforms|data engineer|ai|data architecture|data engineering|cloud|data quality|integration tools|solution design|business transformation|etl|data integration,15,Bengaluru,Entry,False,,,Data Engineer,Data Engineer / Architect,data integration|ai|data architecture|data quality|data engineer|solution design|data platforms|data pipelines|data engineering|ai frameworks|business transformation|etl|cloud|data management|integration tools
140926917802,Data Engineer,Data Engineer,Software Development,Engineering - Software & QA,"Full Time, Permanent",IT Services & Consulting,5,10,5-10 Yrs,Accenture,Bengaluru,,0.0,0.0,True,Not Disclosed,2026-09-14 16:42:03,"Minimum 5 years experience in Data Engineering with expertise in scalable data pipelines, ETL, data storage, and cloud platforms|Design, develop, and maintain data solutions; lead team decisions; optimize data workflows; mentor junior members",3.csv,Data Engineer / Data Architect,3.7,Data Ingestion|Hadoop|Big Data|Workflow|Data|Tableau|Sql|Data Quality|Hive|Storage|Data Pipeline|Gcp|Database Management|Data Flow|Etl Process|Spark|Data Warehousing|Etl|Aws|Data Governance|Python,21,Bengaluru,Mid,False,,,Data Engineer,Data Engineer / Architect,data pipeline|database management|workflow|etl process|etl|data|apache spark|data quality|data flow|storage|tableau|python|gcp|hive|data ingestion|data governance|data warehousing|hadoop|aws|big data|sql
140926917799,Data Engineer,Data Engineer,Software Development,Engineering - Software & QA,"Full Time, Permanent",IT Services & Consulting,7,12,7-12 Yrs,Accenture,Bengaluru,,0.0,0.0,True,Not Disclosed,2026-09-14 16:41:58,"7.5+ years experience with Databricks Unified Data Analytics Platform and 15 years full-time education|Lead design and implementation of scalable data architectures, manage and mentor team, optimize data workflows, and troubleshoot ETL processes",3.csv,Data Engineer / Data Architect,3.7,Orchestration|Data Engineering|Hadoop|Big Data|Workflow|Analytics|Sql|Data Quality|Hive|Data Pipeline|Development|Data Flow|Etl Process|Data Services|Data Architecture|Spark|Data Analytics|Etl|Python,19,Bengaluru,Senior,False,,,Data Engineer,Data Engineer / Architect,data pipeline|data engineering|workflow|etl process|data services|orchestration|etl|apache spark|data quality|data flow|analytics|python|data architecture|hive|data analytics|hadoop|development|big data|sql
140926917760,Data Engineer,Data Engineer,Software Development,Engineering - Software & QA,"Full Time, Permanent",IT Services & Consulting,3,8,3-8 Yrs,Accenture,Bengaluru,,0.0,0.0,True,Not Disclosed,2026-09-14 16:41:12,"Minimum 3 years experience with Databricks Unified Data Analytics Platform and 15 years full time education|Design, develop, and maintain data pipelines and ETL processes; ensure data quality; collaborate with stakeholders to analyze data requirements",3.csv,Data Engineer / Data Architect,3.7,python|data analytics|modeling|scala|data manipulation|data pipeline|data engineering|database design|data bricks|analytics|cloud|data quality|etl tool|design principles|etl|data integration|programming|etl process,18,Bengaluru,Mid,False,,,Data Engineer,Data Engineer / Architect,data integration|data analytics|data quality|data pipeline|analytics|data manipulation|data engineering|etl process|etl tool|scala|database design|etl|cloud|programming|python|data bricks|modeling|design principles
140926917203,Data Engineer,Data Engineer,Software Development,Engineering - Software & QA,"Full Time, Permanent",IT Services & Consulting,5,10,5-10 Yrs,Accenture,Bengaluru,,0.0,0.0,True,Not Disclosed,2026-09-14 16:32:14,"Minimum 5 years experience in Data Engineering with proficiency in data engineering and 15 years full time education|Design, develop and maintain data pipelines, ensure data quality, implement ETL processes, mentor juniors, and collaborate across teams",3.csv,Data Engineer / Data Architect,3.7,Java|Azure|Data Engineering|Data Pipelines|Big Data|Database Design|Programming|Maintenance|Cloud Platforms|Data Quality|Cloud|Programming Languages|Big Data Technologies|Data Warehousing|Data Modeling|Aws|Etl|Python,18,Bengaluru,Mid,False,,,Data Engineer,Data Engineer / Architect,data quality|azure|data pipelines|programming languages|data engineering|python|data warehousing|java|database design|maintenance|data modeling|aws|etl|big data|programming|cloud|cloud platforms|big data technologies
140926917168,Data Engineer,Data Engineer,Software Development,Engineering - Software & QA,"Full Time, Permanent",IT Services & Consulting,3,8,3-8 Yrs,Accenture,Bengaluru,,0.0,0.0,True,Not Disclosed,2026-09-14 16:31:37,"3+ years experience in AWS BigData, proficiency in ETL, Python/PySpark, SQL, and AWS services like EMR, EC2, S3, Glue|Design, develop, and maintain data pipelines and ETL processes; ensure data quality; collaborate with stakeholders; participate in code reviews; act as SME",3.csv,Data Engineer / Data Architect,3.7,quality process|python|glue|pyspark|data warehousing|emr|data pipeline|aws big data|sql|nosql|computation|cloud|data quality|amazon ec2|s|spark|hadoop|aws|etl|etl process|communication skills|nosql databases,22,Bengaluru,Mid,False,,,Data Engineer,Data Engineer / Architect,data pipeline|quality process|amazon ec2|etl process|etl|apache spark|data quality|communication skills|aws big data|computation|python|nosql databases|nosql|glue|emr|data warehousing|hadoop|aws|cloud|sql
140926917161,Data Engineer,Data Engineer,Software Development,Engineering - Software & QA,"Full Time, Permanent",IT Services & Consulting,7,12,7-12 Yrs,Accenture,Bengaluru,,0.0,0.0,True,Not Disclosed,2026-09-14 16:31:29,"7.5 years experience in Data Modeling Techniques and Methodologies with 15 years full-time education|Lead design and implementation of scalable data pipelines, ensure data quality, collaborate across teams, and mentor junior members",3.csv,Data Engineer / Data Architect,3.7,Data Engineering|Workflow|Modeling|Data Warehousing Concepts|Data Quality|Database Management|Data Pipeline Architecture|Data Flow|Data Modeling|Data Warehousing|Data Processing|Etl|Quality Assurance|Data Governance,14,Bengaluru,Senior,False,,,Data Engineer,Data Engineer / Architect,quality assurance|data quality|data governance|database management|data flow|data engineering|workflow|data warehousing|data modeling|etl|data pipeline architecture|modeling|data warehousing concepts|data processing
140926916934,Data Engineer,Data Engineer,Software Development,Engineering - Software & QA,"Full Time, Permanent",IT Services & Consulting,2,4,2-4 Yrs,Accenture,Bhubaneswar,,0.0,0.0,True,Not Disclosed,2026-09-14 16:28:22,"Minimum 5 years experience with PySpark and 15 years full-time education|Design, develop, and maintain data pipelines and ETL processes; ensure data quality; mentor junior team members; collaborate across teams",3.csv,Data Engineer / Data Architect,3.7,hive|amazon redshift|data warehousing|sql|plsql|gcp|etl tool|spark|hadoop|etl|big data|snowflake|python|airflow|microsoft azure|data engineering|data quality|ATCI-5096058-S1884384|data governance|etl process,20,Bhubaneswar,Entry,False,,,Data Engineer,Data Engineer / Architect,data engineering|etl process|etl tool|atci-5096058-s1884384|etl|plsql|apache spark|data quality|python|amazon redshift|gcp|hive|airflow|data governance|azure|snowflake|data warehousing|hadoop|big data|sql
140926915679,Data Engineer - DaAI,Data Engineer,Software Development,Engineering - Software & QA,"Full Time, Permanent",IT Services & Consulting,7,12,7-12 Yrs,Infosys,Bengaluru,,0.0,0.0,True,Not Disclosed,2026-09-14 16:11:57,"Bachelor of Engineering with expertise in PySpark, Apache Spark, Airflow, dbt, Dagster, and cloud data platforms|Build and maintain data ingestion pipelines for structured and unstructured data; develop ETL/ELT workflows; implement data quality checks; support AI data preparation workflows",3.csv,Data Engineer / Data Architect,3.5,Airflow|Pyspark|Cd|Erp|Sap|Unit Testing|Bigquery|Big Data|Database Design|Ci/Cd|Data Bricks|Sql|Apache Storm|Git|Continuous Integration|Snowflake|Azure Data Lake|Spark|Data Modeling|Data Processing|Aws|Oracle,22,Bengaluru,Senior,False,,,Data Engineer,Data Engineer / Architect,data modeling|cd|data processing|apache spark|apache storm|azure data lake|continuous integration|bigquery|oracle|sap|database design|ci/cd|airflow|git|snowflake|unit testing|aws|big data|erp|data bricks|sql
140926915250,Palantir Data Engineer,Data Engineer,Software Development,Engineering - Software & QA,"Full Time, Permanent",IT Services & Consulting,1,6,1-6 Yrs,Capgemini,Bengaluru,,0.0,0.0,True,Not Disclosed,2026-09-14 16:08:32,"Experience in DevOps, DataOps, MLOps, ETL tools like Talend, advanced SQL scripting and optimization, programming in Python, Pyspark, Java/Scala, and expertise with Palantir Foundry tools|Design and maintain data pipeline architecture, develop enterprise data-centric solutions, manage data governance, and implement cloud data analytics platforms using Palantir, Azure, AWS, Snowflake, and Google Cloud",3.csv,Data Engineer / Data Architect,3.6,Sql Scripting|Devops|Data Integration|Typescript|Snowflake|Javascript|Microsoft Azure|Data Modeling|Aws|Talend|Oracle|Python|Java|Pyspark|Scala|Postgresql|Sql Server|Plsql|Nosql|Mysql|Mongodb|Data Warehousing|Etl|Ml,24,Bengaluru,Entry,False,,,Data Engineer,Data Engineer / Architect,machine learning|data modeling|etl|plsql|devops|data integration|apache spark|python|mongodb|oracle|java|javascript|nosql|azure|snowflake|talend|typescript|sql server|postgresql|data warehousing|sql scripting|scala|aws|mysql
140926915241,Data Engineer,Data Engineer,Software Development,Engineering - Software & QA,"Full Time, Permanent",IT Services & Consulting,1,6,1-6 Yrs,Capgemini,Bengaluru,,0.0,0.0,True,Not Disclosed,2026-09-14 16:08:28,"Proficiency in Python, PySpark, SQL optimization, Snowflake, and big data tools like Hadoop and Spark|Design and maintain scalable data pipelines, implement data ingestion and quality checks in Snowflake, and collaborate with teams to deliver technical solutions",3.csv,Data Engineer / Data Architect,3.6,continuous integration|pyspark|ci/cd|data warehousing|sql|postgresql|spark|gcp|devops|mysql|hadoop|etl|big data|mongodb|cd|snowflake|oracle|performance tuning|microsoft azure|sql server|nosql|cassandra|kafka|aws,24,Bengaluru,Entry,False,,,Data Engineer,Data Engineer / Architect,cd|etl|devops|apache spark|performance tuning|mongodb|continuous integration|gcp|oracle|kafka|ci/cd|cassandra|nosql|azure|snowflake|sql server|data warehousing|postgresql|hadoop|aws|big data|mysql|sql
110926501052,Data Engineer,Data Engineer,Software Development,Engineering - Software & QA,"Full Time, Permanent",Analytics / KPO / Research,1,6,1-6 Yrs,Fractal Analytics,Bengaluru,,0.0,0.0,True,Not Disclosed,2026-09-11 15:38:09,"Experience integrating data between legacy and modern platforms | . Data Engineer (data integration and streaming platforms) . Data Engineer with strong experience in event-driven data integration and streaming platforms,ideally with hands-on expertise in Confluent Kafka and CDC technologies",3.csv,Data Engineer / Data Architect,4.0,confluent kafka|data streaming|ci/cd pipelines|cdc|confluent|data engineer|data platforms|data capture|data mapping|data engineering|apache kafka|cloud|data models|data quality|apache|devops|data integration|architecture,18,Bengaluru,Entry,False,,,Data Engineer,Data Engineer / Architect,data integration|cdc|data quality|data engineer|data platforms|data engineering|data streaming|ci/cd pipelines|data models|data mapping|apache kafka|confluent kafka|cloud|apache|devops|confluent|architecture|data capture
100926922374,Data Engineer,Data Engineer,Data Science & Machine Learning,Data Science & Analytics,"Full Time, Permanent",IT Services & Consulting,3,8,3-8 Yrs,Accenture,Hyderabad,,0.0,0.0,True,Not Disclosed,2026-09-10 15:19:53,"Minimum 3 years experience with Databricks Unified Data Analytics Platform and 15 years full time education|Design, develop and maintain data pipelines, ensure data quality, implement ETL processes, collaborate on data platform design and integration",3.csv,Data Engineer / Data Architect,3.7,data analytics|data pipelines|data engineer|databricks|cloud|data models|database design|data quality|data modeling|data governance|data strategy|etl|data integration|architecture,14,Hyderabad,Mid,False,,,Data Engineer,Data Engineer / Architect,data integration|data analytics|data quality|data governance|data engineer|databricks|data pipelines|data models|database design|data modeling|etl|cloud|architecture|data strategy
100926922291,Data Engineer,Data Engineer,Data Science & Machine Learning,Data Science & Analytics,"Full Time, Permanent",IT Services & Consulting,7,12,7-12 Yrs,Accenture,Bengaluru,,0.0,0.0,True,Not Disclosed,2026-09-10 15:19:03,"Minimum 7.5 years experience in Data Analytics with strong knowledge of data pipeline architecture and ETL processes|Design, develop and maintain data solutions, lead team decisions, mentor juniors, and coordinate cross-functional data initiatives",3.csv,Data Engineer / Data Architect,3.7,data analytics|data management|data pipelines|data engineer|workflows|machine learning|data engineering|data quality|data pipeline architecture|etl|data flow|data integration|architecture|etl process|ml,15,Bengaluru,Senior,False,,,Data Engineer,Data Engineer / Architect,data integration|data analytics|data quality|data engineer|data flow|data pipelines|machine learning|data engineering|etl process|workflows|etl|data pipeline architecture|architecture|data management
100926028721,Data Engineer | Python&SQL,Data Engineer,Software Development,Engineering - Software & QA,"Full Time, Permanent",IT Services & Consulting,6,10,6-10 Yrs,Capgemini,Hyderabad,Chennai,1500000.0,2750000.0,False,15-27.5 Lacs,2026-09-10 17:28:44,"6-10 years experience with strong Python, ETL, Spark/Hadoop, and SQL skills|Design, develop, and maintain scalable data pipelines and ETL workflows; optimize data storage; ensure data quality; collaborate with teams; deploy pipelines using Airflow on cloud platforms",3.csv,Data Engineer / Data Architect,3.6,Airflow|Pyspark|Data engineer|Big Data|ETL Pipelines|Data Bricks|Datafactory|GCP|Data Pipeline|Microsoft Azure|Spark|ETL|AWS,13,Hyderabad,Mid,True,1500000.0,2750000.0,Data Engineer,Data Engineer / Architect,apache spark|data pipeline|data engineer|azure|gcp|datafactory|aws|etl pipelines|big data|airflow|etl|data bricks
240926021887,Data Engineer,Data Science & Analytics - Other,Data Science & Analytics - Other,Data Science & Analytics,"Full Time, Permanent",IT Services & Consulting,7,13,7-13 Yrs,Persistent,Mumbai,Pune,0.0,0.0,True,Not Disclosed,2026-09-24 14:28:05,"Experience with data engineering, ETL pipeline design, SQL optimization, Databricks, Spark, and Microsoft SQL Server|Design, implement, and maintain scalable data pipelines and ETL processes; collaborate with cross-functional teams; optimize data processing; automate routine data tasks",3.csv,Data Engineer / Data Architect,3.6,Azure Databricks|Spark|Data Bricks,3,Mumbai,Senior,False,,,Data Science & Analytics - Other,Other IT,apache spark|data bricks|azure databricks
170926917193,Data Engineer,Data Engineer,Software Development,Engineering - Software & QA,"Full Time, Permanent",IT Services & Consulting,3,8,3-8 Yrs,Accenture,Bengaluru,,0.0,0.0,True,Not Disclosed,2026-09-17 12:18:15,"Minimum 3 years experience with Snowflake Data Warehouse and 15 years full time education|Design, develop, and maintain data pipelines and ETL processes; ensure data quality and collaborate with teams to align data solutions with business needs",3.csv,Data Engineer / Data Architect,3.7,Business Intelligence|Data Engineering|Data Pipelines|Programming|Deployment|Etl Processes|Data Quality|Cloud|Data Engineer|Data Flow|Data Architecture|Data Modeling|Data Warehousing|Etl|Data Storage,15,Bengaluru,Mid,False,,,Data Engineer,Data Engineer / Architect,data quality|data architecture|data engineer|data flow|data pipelines|data storage|data engineering|etl processes|data warehousing|data modeling|deployment|etl|cloud|programming|business intelligence
170926917138,Data Engineer,Data Engineer,Software Development,Engineering - Software & QA,"Full Time, Permanent",IT Services & Consulting,5,10,5-10 Yrs,Accenture,Bengaluru,,0.0,0.0,True,Not Disclosed,2026-09-17 12:17:46,"Minimum 5 years experience with Snowflake Data Warehouse and 15 years full-time education|Design, develop, and maintain data pipelines and ETL processes; ensure data quality; lead and mentor team; collaborate across teams",3.csv,Data Engineer / Data Architect,3.7,Data Handling|Data Pipelines|Deployment|Troubleshooting|Etl Processes|Data Quality|Snowflake Data Warehouse|Cloud|Database Management|Snowflake|Data Engineer|Data Flow|Data Architecture|Data Modeling|Etl|Data Storage,16,Bengaluru,Mid,False,,,Data Engineer,Data Engineer / Architect,data quality|data architecture|database management|data engineer|data pipelines|snowflake|snowflake data warehouse|data flow|etl processes|data storage|data modeling|deployment|etl|cloud|troubleshooting|data handling
170926917135,Data Engineer,Data Engineer,Software Development,Engineering - Software & QA,"Full Time, Permanent",IT Services & Consulting,3,8,3-8 Yrs,Accenture,Bengaluru,,0.0,0.0,True,Not Disclosed,2026-09-17 12:17:44,"Minimum 3 years experience with Snowflake Data Warehouse and 15 years full-time education|Design, develop, and maintain data pipelines and ETL processes; ensure data quality; collaborate with teams and support junior members",3.csv,Data Engineer / Data Architect,3.7,Etl Pipelines|Data Pipelines|Workflows|Cloud Data|Data Quality|Snowflake Data Warehouse|Data Infrastructure|Snowflake|Data Build Tool|Data Engineer|Data Flow|Data Modeling|Etl,13,Bengaluru,Mid,False,,,Data Engineer,Data Engineer / Architect,data build tool|data quality|data engineer|cloud data|data pipelines|snowflake|snowflake data warehouse|data flow|data modeling|workflows|etl pipelines|etl|data infrastructure
170926917057,Data Engineer,Data Engineer,Data Science & Machine Learning,Data Science & Analytics,"Full Time, Permanent",IT Services & Consulting,7,12,7-12 Yrs,Accenture,Bengaluru,,0.0,0.0,True,Not Disclosed,2026-09-17 12:16:51,"7.5+ years experience with Databricks Unified Data Analytics Platform and 15 years full-time education|Design, develop and maintain data pipelines and ETL processes; lead team decisions and mentor juniors; optimize data workflows and coordinate cross-functional data strategies",3.csv,Data Engineer / Data Architect,3.7,Data Handling|Data Pipelines|Architecture|Programming|Data Platforms|Data Quality|Cloud|Data Engineer|Data Flow|Data Pipeline Architecture|Etl Process|Data Processing|Databricks|Distributed Computing|Data Analytics|Etl,16,Bengaluru,Senior,False,,,Data Engineer,Data Engineer / Architect,data analytics|data quality|data engineer|data flow|data platforms|data pipelines|databricks|distributed computing|etl process|etl|architecture|programming|cloud|data pipeline architecture|data handling|data processing
170926916789,Data Engineer,Data Engineer,Software Development,Engineering - Software & QA,"Full Time, Permanent",IT Services & Consulting,3,8,3-8 Yrs,Accenture,Bengaluru,,0.0,0.0,True,Not Disclosed,2026-09-17 12:13:50,"3+ years experience in Python programming, knowledge of data pipeline architecture and ETL processes|Design, develop, and maintain data pipelines; ensure data quality; implement ETL processes; collaborate with teams; optimize workflows",3.csv,Data Engineer / Data Architect,3.7,Data Validation|Data Pipelines|Workflows|Programming|Deployment|Data Quality|Data Migration|Mysql|Data Engineer|Data Pipeline Architecture|Etl Process|Programming Language|Etl|Data Storage|Python,15,Bengaluru,Mid,False,,,Data Engineer,Data Engineer / Architect,data quality|data storage|data engineer|programming language|data pipelines|etl process|data validation|workflows|deployment|etl|data pipeline architecture|programming|python|mysql|data migration
170926916767,Data Engineer,Data Engineer,Software Development,Engineering - Software & QA,"Full Time, Permanent",IT Services & Consulting,5,10,5-10 Yrs,Accenture,Bengaluru,,0.0,0.0,True,Not Disclosed,2026-09-17 12:13:38,"Minimum 5 years experience with Snowflake Data Warehouse and 15 years full time education|Design, develop and maintain data pipelines, ensure data quality, implement ETL processes, lead team decisions, and mentor junior members",3.csv,Data Engineer / Data Architect,3.7,Data Handling|Data Pipelines|Workflows|Etl Processes|Data Quality|Snowflake Data Warehouse|Data Migration|Cloud|Snowflake|Data Build Tool|Data Engineer|Data Flow|Data Pipeline Architecture|Etl|Data Storage,15,Bengaluru,Mid,False,,,Data Engineer,Data Engineer / Architect,data build tool|data quality|data storage|data engineer|data flow|data pipelines|snowflake|snowflake data warehouse|etl processes|workflows|etl|cloud|data pipeline architecture|data handling|data migration
170926916747,Data Engineer,Data Engineer,Software Development,Engineering - Software & QA,"Full Time, Permanent",IT Services & Consulting,5,10,5-10 Yrs,Accenture,Bengaluru,,0.0,0.0,True,Not Disclosed,2026-09-17 12:13:21,"Minimum 5 years experience with Python Frameworks and expertise in scalable data pipelines|Design, develop and maintain data solutions, lead team decisions, optimize data workflows, and mentor juniors",3.csv,Data Engineer / Data Architect,3.7,Data Handling|Data Engineering|Data Pipelines|Workflows|Etl Processes|Data Quality|Python Frameworks|Database Management|Data Engineer|Data Flow|Data Services|Etl|Stpi|Data Storage|Python,15,Bengaluru,Mid,False,,,Data Engineer,Data Engineer / Architect,data quality|python frameworks|database management|data engineer|data pipelines|data flow|data engineering|stpi|etl processes|data storage|data services|workflows|etl|python|data handling
170926916578,Data Engineer,Data Engineer,Software Development,Engineering - Software & QA,"Full Time, Permanent",IT Services & Consulting,3,8,3-8 Yrs,Accenture,Chennai,,0.0,0.0,True,Not Disclosed,2026-09-17 12:10:51,"Minimum 3 years experience in Data Engineering with expertise in data pipeline architecture, ETL frameworks, and cloud-based data platforms|Design, develop, and maintain data pipelines; ensure data quality; implement ETL processes; collaborate with teams; optimize workflows; document processes",3.csv,Data Engineer / Data Architect,3.7,Automation|Data Engineering|Data Pipelines|Architecture|Deployment|Data Platforms|Data Quality|Data Migration|Data Manipulation|Data Infrastructure|Cloud|Data Engineer|Data Flow|Data Pipeline Architecture|Data Processing,15,Chennai,Mid,False,,,Data Engineer,Data Engineer / Architect,data quality|data engineer|data flow|data pipelines|data platforms|data engineering|data manipulation|deployment|architecture|cloud|data pipeline architecture|data infrastructure|automation|data processing|data migration
170926035787,Data Engineer,Database Developer / Engineer,DBA / Data warehousing,Engineering - Software & QA,"Full Time, Permanent",IT Services & Consulting,9,12,9-12 Yrs,Cognizant,Bengaluru,,0.0,0.0,True,Not Disclosed,2026-09-17 19:58:44,,3.csv,Data Engineer / Data Architect,3.7,palantir|Palantir Foundry,2,Bengaluru,Senior,False,,,Database Developer / Engineer,Other IT,palantir|palantir foundry
170926024672,Python Data Engineer,Data Engineer,Software Development,Engineering - Software & QA,"Full Time, Permanent",IT Services & Consulting,5,10,5-10 Yrs,Elabs Infotech,Hyderabad,Pune,0.0,0.0,True,Not Disclosed,2026-09-17 15:13:04,"Experience in Python automation, SQL data profiling, and ETL with knowledge of Airflow and Linux/Unix|Build automation utilities and data workflows, perform data processing, validation, and manage data pipelines",3.csv,Data Engineer / Data Architect,,Data Pipeline|Data Processing|ETL,3,Hyderabad,Mid,False,,,Data Engineer,Data Engineer / Architect,data pipeline|etl|data processing
160926044414,Data Engineer,Data Engineer,Software Development,Engineering - Software & QA,"Full Time, Permanent",IT Services & Consulting,7,12,7-12 Yrs,Elabs Infotech,Hyderabad,Pune,0.0,0.0,True,Not Disclosed,2026-09-16 18:27:42,"Experience with Python, SQL, ETL, Apache Airflow, and Linux/Unix environments|Develop Python automation scripts, build and support ETL data pipelines, schedule and monitor workflows, troubleshoot data issues",3.csv,Data Engineer / Data Architect,,Pyspark|Automation|Linux|UNIX,4,Hyderabad,Senior,False,,,Data Engineer,Data Engineer / Architect,apache spark|linux|unix|automation
150926016251,Data Engineer,"BFSI, Investments & Trading - Other","BFSI, Investments & Trading - Other","BFSI, Investments & Trading","Full Time, Permanent",IT Services & Consulting,12,18,12-18 Yrs,Tata Consultancy Services,Hyderabad,Chennai,0.0,0.0,True,Not Disclosed,2026-09-15 14:47:40,"Expertise in Databricks Lakehouse, Azure and AWS data platforms, DBT transformation framework, and asset management domain|Lead enterprise data tower, design modern data platforms, manage data engineering teams, define data strategy, and drive cloud migration and FinOps practices",3.csv,Data Engineer / Data Architect,3.2,Investment Management|AWS,2,Hyderabad,Senior,False,,,"BFSI, Investments & Trading - Other",Other IT,aws|investment management
150926014233,Data Engineer,Technical Lead,Software Development,Engineering - Software & QA,"Full Time, Permanent",IT Services & Consulting,12,18,12-18 Yrs,Tata Consultancy Services,Hyderabad,Chennai,0.0,0.0,True,Not Disclosed,2026-09-15 13:20:44,"12+ years in Data & Analytics, 5+ years leading enterprise data transformations, expertise in Databricks, dbt, Azure, AWS, and Asset Management domain|Lead Data Tower in EDO transformation, define data strategy, manage delivery teams, drive program governance, design modern data platforms, lead data engineering and cloud platform management, collaborate with stakeholders",3.csv,Data Engineer / Data Architect,3.2,,0,Hyderabad,Senior,False,,,Technical Lead,Management / Leadership,
150926003944,Hadoop Spark Data Engineer,Data Engineer,Software Development,Engineering - Software & QA,"Full Time, Permanent",IT Services & Consulting,5,8,5-8 Yrs,Tata Consultancy Services,Chennai,Bengaluru,0.0,0.0,True,Not Disclosed,2026-09-15 09:45:15,"5-10 years experience in Hadoop, Spark, Scala, Hive, and SQL|Design, develop, and maintain data engineering solutions using Hadoop and Spark",3.csv,Data Engineer / Data Architect,3.2,Data Engineering,1,Chennai,Mid,False,,,Data Engineer,Data Engineer / Architect,data engineering
140926918931,Data Engineer,Data Engineer,Software Development,Engineering - Software & QA,"Full Time, Permanent",IT Services & Consulting,2,4,2-4 Yrs,Accenture,Bengaluru,,0.0,0.0,True,Not Disclosed,2026-09-14 17:01:23,"Minimum 5 years experience with Google BigQuery and 15 years full-time education|Design, develop and maintain data pipelines and ETL processes; lead and mentor team; collaborate across teams to ensure robust data infrastructure",3.csv,Data Engineer / Data Architect,3.7,data pipelines|data warehousing|cloud platforms|collection|data engineering|data infrastructure|cloud|data quality|data storage|data modeling|design|bigquery|etl|google bigquery|architecture,15,Bengaluru,Entry,False,,,Data Engineer,Data Engineer / Architect,bigquery|data quality|data storage|data pipelines|data engineering|collection|data warehousing|data modeling|etl|cloud|design|architecture|cloud platforms|data infrastructure|google bigquery
140926918621,Data Engineer,Data Engineer,Software Development,Engineering - Software & QA,"Full Time, Permanent",IT Services & Consulting,3,8,3-8 Yrs,Accenture,Bengaluru,,0.0,0.0,True,Not Disclosed,2026-09-14 16:55:39,"Minimum 3 years experience in PySpark with 15 years full-time education|Design, develop, and maintain data pipelines and ETL processes; lead AI-driven solution design using Generative and Agentic AI frameworks",3.csv,Data Engineer / Data Architect,3.7,data quality|data pipelines|solution design|ai frameworks|business transformation|design|ai|pyspark|collection|etl,10,Bengaluru,Mid,False,,,Data Engineer,Data Engineer / Architect,apache spark|ai|data quality|solution design|data pipelines|collection|ai frameworks|business transformation|etl|design
140926917576,Data Engineer,Data Engineer,Software Development,Engineering - Software & QA,"Full Time, Permanent",IT Services & Consulting,2,4,2-4 Yrs,Accenture,Bengaluru,,0.0,0.0,True,Not Disclosed,2026-09-14 16:38:11,"Minimum 5 years experience with Snowflake Data Warehouse and SnowPro Core Certification, expertise in GenAI features and Cortex LLM functions|Design, develop, and maintain scalable Snowflake data pipelines, implement ETL/ELT processes, collaborate with architects and business teams, and contribute to CoE GenAI initiatives",3.csv,Data Engineer / Data Architect,3.7,snowflake|data warehouse|python|sap|data pipelines|performance tuning|ai|sap sd|collection|llm|elt|data engineering|snowpipe|sql|analytics|data quality|advanced sql|dbt|design|etl|architecture|communication skills,22,Bengaluru,Entry,False,,,Data Engineer,Data Engineer / Architect,data pipelines|data engineering|etl|advanced sql|sap sd|data quality|analytics|llm/gen ai|communication skills|performance tuning|python|sap|collection|design|ai|snowflake|dbt|snowpipe|elt|data warehouse|architecture|sql
140926917573,Data Engineer,Data Engineer,Software Development,Engineering - Software & QA,"Full Time, Permanent",IT Services & Consulting,2,4,2-4 Yrs,Accenture,Bengaluru,,0.0,0.0,True,Not Disclosed,2026-09-14 16:38:08,"Minimum 5 years experience with Snowflake Data Warehouse, SnowPro Core Certification required|Build complex data pipelines, implement ETL/ELT processes, collaborate with architects and business teams, optimize Snowflake performance",3.csv,Data Engineer / Data Architect,3.7,snowflake|data warehouse|data pipelines|performance tuning|collection|elt|data engineering|snowpipe|sql|analytics|data quality|advanced sql|ATCI-5104578-S1889365|dbt|design|etl|architecture|communication skills,18,Bengaluru,Entry,False,,,Data Engineer,Data Engineer / Architect,data quality|advanced sql|data pipelines|snowflake|data engineering|analytics|dbt|collection|snowpipe|communication skills|elt|performance tuning|atci-5104578-s1889365|data warehouse|design|etl|architecture|sql
140926917572,Data Engineer,Data Engineer,Software Development,Engineering - Software & QA,"Full Time, Permanent",IT Services & Consulting,3,8,3-8 Yrs,Accenture,Bengaluru,,0.0,0.0,True,Not Disclosed,2026-09-14 16:38:07,"Minimum 7.5 years experience with Snowflake Data Warehouse and GenAI, SnowPro Core Certification, knowledge of Snowflake advanced features and GenAI implementations|Lead design and implementation of scalable Snowflake architectures, create data pipelines, ensure data quality, mentor team members, support presales and client presentations, develop POCs/POVs with GenAI features",3.csv,Data Engineer / Data Architect,3.7,snowflake|data warehouse|data pipelines|performance tuning|generative ai|ai|ATCI-5104567-S1889375|data architecture|presales|llm|sales support|data engineering|sales|sql|data quality|data modeling|use cases|dbt|etl|architecture,20,Bengaluru,Mid,False,,,Data Engineer,Data Engineer / Architect,data pipelines|sales support|data engineering|use cases|data modeling|etl|presales|data quality|llm/gen ai|performance tuning|sales|data architecture|atci-5104567-s1889375|ai|snowflake|dbt|data warehouse|architecture|sql
140926917504,Data Engineer,Data Engineer,Software Development,Engineering - Software & QA,"Full Time, Permanent",IT Services & Consulting,3,8,3-8 Yrs,Accenture,Bengaluru,,0.0,0.0,True,Not Disclosed,2026-09-14 16:36:43,"Minimum 3 years experience with PySpark and expertise in ETL pipelines|Design, develop, and maintain data pipelines; ensure data quality; collaborate with teams; optimize workflows; mentor juniors",3.csv,Data Engineer / Data Architect,3.7,data pipelines|data platforms|data processing|storage solutions|pyspark|collection|data infrastructure|distributed computing|cloud|data quality|etl pipelines|data storage|data modeling|design|etl,15,Bengaluru,Mid,False,,,Data Engineer,Data Engineer / Architect,apache spark|data quality|data storage|data platforms|data pipelines|storage solutions|collection|data modeling|etl pipelines|cloud|design|etl|distributed computing|data infrastructure|data processing
140926915588,Data Engineer,Data Engineer,Software Development,Engineering - Software & QA,"Full Time, Permanent",IT Services & Consulting,3,8,3-8 Yrs,Accenture,Bengaluru,,0.0,0.0,True,Not Disclosed,2026-09-14 16:11:16,"15 years full time education with minimum 7.5 years experience; SnowPro Core Certified; expertise in Snowflake Data Warehouse and GenAI implementations|Lead design and implementation of scalable Snowflake architectures; develop data ingestion, storage, transformation, and access solutions; mentor teams and drive POCs; provide pre-sales support and define data modeling standards",3.csv,Data Engineer / Data Architect,3.7,snowflake|data warehouse|data pipelines|performance tuning|generative ai|ai|data architecture|presales|llm|sales support|data engineering|sales|sql|data quality|data modeling|use cases|dbt|etl|architecture,19,Bengaluru,Mid,False,,,Data Engineer,Data Engineer / Architect,ai|data architecture|data quality|data pipelines|snowflake|llm/gen ai|sales support|data engineering|dbt|use cases|performance tuning|data modeling|data warehouse|etl|architecture|sql|presales|sales
130926004180,Data Engineer (Spark & Python),Data Science & Analytics - Other,Data Science & Analytics - Other,Data Science & Analytics,"Full Time, Permanent",IT Services & Consulting,5,8,5-8 Yrs,Infosys,Hyderabad,Pune,0.0,0.0,True,Not Disclosed,2026-09-15 19:30:01,"5 to 8 years experience with expertise in PySpark, Spark SQL, and Data Lake architectures|Design and develop scalable Spark applications, build ETL/ELT pipelines, optimize performance, and collaborate with stakeholders",3.csv,Data Engineer / Data Architect,3.5,Pyspark|Data Engineering|Spark sql|Kafka|Data Lake|Data Warehousing|Data Bricks|ETL Development,8,Hyderabad,Mid,False,,,Data Science & Analytics - Other,Other IT,apache spark|spark sql|etl development|data engineering|data lake|data warehousing|kafka|data bricks
130926003304,Data Engineer,Other,Other,Other,"Full Time, Permanent",IT Services & Consulting,6,11,6-11 Yrs,Tata Consultancy Services,Chennai,Bengaluru,500000.0,1500000.0,False,5-15 Lacs,2026-09-13 12:52:00,"6-10 years experience with expertise in Azure Databricks, PySpark, Azure Data Factory, and Azure Synapse Analytics|Design, develop, and maintain ETL/ELT pipelines; build data processing solutions; develop integration workflows; optimize SQL queries; ensure data quality and governance",3.csv,Data Engineer / Data Architect,3.2,ETL|SQL,2,Chennai,Mid,True,500000.0,1500000.0,Other,Other IT,sql|etl
110926922351,Data Engineer,Data Engineer,Software Development,Engineering - Software & QA,"Full Time, Permanent",IT Services & Consulting,7,12,7-12 Yrs,Accenture,Bengaluru,,0.0,0.0,True,Not Disclosed,2026-09-11 18:28:35,"Minimum 7.5 years experience with Microsoft Azure Databricks and 15 years full-time education|Design, develop, and maintain data pipelines and ETL processes; lead team decisions and mentor juniors; optimize data workflows and resolve integration issues",3.csv,Data Engineer / Data Architect,3.7,data pipelines|data engineer|data platforms|data warehousing|databricks|distributed computing|cloud|data quality|data storage|data governance|data pipeline architecture|etl|data flow|data integration|azure|deployment,16,Bengaluru,Senior,False,,,Data Engineer,Data Engineer / Architect,data integration|data governance|data quality|data storage|data engineer|data flow|data platforms|databricks|data pipelines|azure|data warehousing|deployment|etl|cloud|data pipeline architecture|distributed computing
110926921853,Data Engineer,Data Engineer,Software Development,Engineering - Software & QA,"Full Time, Permanent",IT Services & Consulting,12,17,12-17 Yrs,Accenture,Bengaluru,,0.0,0.0,True,Not Disclosed,2026-09-11 18:17:32,"12 years experience with Databricks Unified Data Analytics Platform and 15 years full-time education|Lead and manage data engineering team, develop scalable data architectures, create and optimize ETL pipelines, ensure data quality, and coordinate with stakeholders",3.csv,Data Engineer / Data Architect,3.7,data analytics|etl processes|data pipelines|data engineer|data platforms|databricks|data migration|workflows|data engineering|distributed computing|cloud|data quality|data storage|etl|data integration|deployment,16,Bengaluru,Senior,False,,,Data Engineer,Data Engineer / Architect,data integration|data analytics|data quality|data storage|data engineer|data platforms|data pipelines|databricks|data engineering|etl processes|workflows|deployment|etl|cloud|distributed computing|data migration
110926921603,Data Engineer,Data Engineer,Data Science & Machine Learning,Data Science & Analytics,"Full Time, Permanent",IT Services & Consulting,12,17,12-17 Yrs,Accenture,Bengaluru,,0.0,0.0,True,Not Disclosed,2026-09-11 18:11:35,"Minimum 12 years experience with Databricks Unified Data Analytics Platform and 15 years full-time education|Lead and manage team, develop and optimize data pipelines, implement scalable ETL processes, ensure data governance and compliance, mentor juniors",3.csv,Data Engineer / Data Architect,3.7,data analytics|data management|etl processes|orchestration|data pipelines|data engineer|databricks|workflows|cloud|data quality|data storage|compliance|data governance|etl|data integration|deployment,16,Bengaluru,Senior,False,,,Data Engineer,Data Engineer / Architect,data integration|data analytics|data quality|data storage|data engineer|data governance|data pipelines|databricks|etl processes|orchestration|workflows|deployment|etl|cloud|compliance|data management
100926932917,Data Engineer,Data Engineer,Software Development,Engineering - Software & QA,"Full Time, Permanent",IT Services & Consulting,15,20,15-20 Yrs,Accenture,Bengaluru,,0.0,0.0,True,Not Disclosed,2026-09-10 19:06:26,"Minimum 5 years experience with Amazon Web Services (AWS) and strong knowledge of data warehousing, data modeling, and ETL processes|Design, develop, and maintain data pipelines and ETL processes; lead and mentor team; collaborate across teams to provide data solutions",3.csv,Data Engineer / Data Architect,3.7,python|data pipelines|web services|data warehousing|amazon web services|programming languages|database design|data quality|java|data modeling|compliance|data governance|aws|etl|maintenance|programming|architecture,17,Bengaluru,Senior,False,,,Data Engineer,Data Engineer / Architect,data governance|data quality|web services|data pipelines|programming languages|data warehousing|programming|java|database design|maintenance|aws|data modeling|etl|architecture|compliance|python
100926922687,Data Engineer,Data Engineer,Software Development,Engineering - Software & QA,"Full Time, Permanent",IT Services & Consulting,5,10,5-10 Yrs,Accenture,Bengaluru,,0.0,0.0,True,Not Disclosed,2026-09-10 15:22:32,"Minimum 5 years experience in AWS Analytics with strong data warehousing, data modeling, and ETL skills|Design, develop and maintain data pipelines and ETL processes; lead and mentor team; collaborate across teams to provide data solutions",3.csv,Data Engineer / Data Architect,3.7,python|etl processes|data pipelines|data engineer|data warehousing|programming languages|data infrastructure|database design|data quality|java|data modeling|data governance|aws|etl|programming|architecture,16,Bengaluru,Mid,False,,,Data Engineer,Data Engineer / Architect,data governance|data quality|data engineer|data pipelines|programming languages|etl processes|data warehousing|java|database design|data modeling|aws|etl|architecture|programming|python|data infrastructure
100926922405,Data Engineer,Data Engineer,Software Development,Engineering - Software & QA,"Full Time, Permanent",IT Services & Consulting,7,12,7-12 Yrs,Accenture,Jaipur,,0.0,0.0,True,Not Disclosed,2026-09-10 15:20:10,"Minimum 7.5 years experience in AWS Analytics with strong data warehousing and data modeling skills|Design, develop, and maintain data pipelines and ETL processes; lead and mentor team; optimize data operations",3.csv,Data Engineer / Data Architect,3.7,data operations|etl processes|data pipelines|data manipulation|data engineer|data warehousing|database design|data quality|java|operations|data modeling|data governance|aws|etl|programming|architecture,16,Jaipur,Senior,False,,,Data Engineer,Data Engineer / Architect,data governance|data quality|data operations|data engineer|data pipelines|data manipulation|etl processes|data warehousing|programming|java|database design|data modeling|aws|etl|architecture|operations
100926922346,Data Engineer,Data Engineer,Software Development,Engineering - Software & QA,"Full Time, Permanent",IT Services & Consulting,7,12,7-12 Yrs,Accenture,Hyderabad,,0.0,0.0,True,Not Disclosed,2026-09-10 15:19:34,"Minimum 7.5 years experience in AWS Analytics with strong data warehousing and data modeling skills|Design, develop, and maintain data pipelines and ETL processes; lead and mentor team; optimize data operations",3.csv,Data Engineer / Data Architect,3.7,data operations|etl processes|data pipelines|data manipulation|data engineer|data warehousing|database design|data quality|java|operations|data modeling|data governance|aws|etl|programming|architecture,16,Hyderabad,Senior,False,,,Data Engineer,Data Engineer / Architect,data governance|data quality|data operations|data engineer|data pipelines|data manipulation|etl processes|data warehousing|programming|java|database design|data modeling|aws|etl|architecture|operations
100926922173,Data Engineer,Data Engineer,Software Development,Engineering - Software & QA,"Full Time, Permanent",IT Services & Consulting,7,12,7-12 Yrs,Accenture,Bengaluru,,0.0,0.0,True,Not Disclosed,2026-09-10 15:17:51,"Minimum 7.5 years experience in AWS Analytics with strong data warehousing and data modeling skills|Design, develop, and maintain data pipelines and ETL processes; lead and mentor team; optimize data operations",3.csv,Data Engineer / Data Architect,3.7,data operations|etl processes|data pipelines|data manipulation|data engineer|data warehousing|database design|data quality|java|operations|data modeling|data governance|aws|etl|programming|architecture,16,Bengaluru,Senior,False,,,Data Engineer,Data Engineer / Architect,data governance|data quality|data operations|data engineer|data pipelines|data manipulation|etl processes|data warehousing|programming|java|database design|data modeling|aws|etl|architecture|operations
100926922026,Data Engineer,Data Engineer,Data Science & Machine Learning,Data Science & Analytics,"Full Time, Permanent",IT Services & Consulting,5,10,5-10 Yrs,Accenture,Bengaluru,,0.0,0.0,True,Not Disclosed,2026-09-10 15:16:31,"7.5+ years in data engineering with advanced SQL and Python skills, 15 years full-time education|Design, develop, and maintain data pipelines, build scalable analytics solutions, review code and SQL, mentor developers, and resolve technical issues",3.csv,Data Engineer / Data Architect,3.7,analytics platforms|data pipelines|data validation|data engineer|business analytics|data engineering|analytics|data quality|automation|data modeling|automation solutions|bigquery|data transformation|dashboard|architecture,15,Bengaluru,Mid,False,,,Data Engineer,Data Engineer / Architect,bigquery|data quality|automation solutions|data engineer|data pipelines|analytics|data engineering|data modeling|data transformation|analytics platforms|dashboard|data validation|architecture|business analytics|automation
100926918659,Data Engineer -  Python FASTAPI,Data Engineer,Software Development,Engineering - Software & QA,"Full Time, Permanent",IT Services & Consulting,5,9,5-9 Yrs,Huns Info,Bengaluru,,0.0,0.0,True,Not Disclosed,2026-09-10 13:29:57,Expertise in Python and FastAPI for data engineering|Design and maintain scalable data pipelines and RESTful APIs; ensure data quality and optimize workflows; collaborate with teams for analytics support,3.csv,Data Engineer / Data Architect,,python|supply chain|scala|data engineer|airflow|pyspark|nosql|sql|analytics|etl pipelines|supply chain analytics|apache|postgresql|data modeling|https|etl|mongodb|apache airflow,18,Bengaluru,Mid,False,,,Data Engineer,Data Engineer / Architect,supply chain|apache spark|data engineer|analytics|supply chain analytics|postgresql|apache|scala|https|apache airflow|data modeling|mongodb|etl pipelines|airflow|etl|python|nosql|sql
220826011423,Data Engineer,Data Engineer,Data Science & Machine Learning,Data Science & Analytics,"Full Time, Permanent",IT Services & Consulting,5,10,5-10 Yrs,Capgemini,Pune,Chennai,1500000.0,3000000.0,False,15-30 Lacs,2026-09-15 18:58:42,"5+ years in data engineering with 3+ years hands-on DBT, expert SQL, Snowflake performance tuning, Jinja templating, Git and CI/CD experience|Design, develop and maintain DBT models and tests, optimize SQL on Snowflake, manage incremental models and version control, collaborate with analysts and stakeholders, monitor pipelines and troubleshoot failures",3.csv,Data Engineer / Data Architect,3.6,,0,Pune,Mid,True,1500000.0,3000000.0,Data Engineer,Data Engineer / Architect,
170926500730,Data Engineer,Data Engineer,Data Science & Machine Learning,Data Science & Analytics,"Full Time, Permanent",IT Services & Consulting,3,8,3-8 Yrs,Cisco,Bengaluru,,0.0,0.0,True,Not Disclosed,2026-09-17 16:21:06,"Experience delivering enterprise-scale integrations and modernization initiatives,including APIs,Control-M,SAP HANA,SIT,data validation,and production deployment|Minimum Qualifications|Preferred Qualifications|Experience with LLMs,Generative AI,RAG,or AI Agents,with exposure to cloud platforms such as AWS,Azure,or Google Cloud.",3.csv,Data Engineer / Data Architect,4.1,Computer science|Solution architecture|Automation|Machine learning|Control-M|Application development|Data quality|cisco|SQL|Python,10,Bengaluru,Mid,False,,,Data Engineer,Data Engineer / Architect,solution architecture|application development|computer science|data quality|control-m|machine learning|cisco|python|sql|automation
110926922443,Data Engineer,Data Engineer,Software Development,Engineering - Software & QA,"Full Time, Permanent",IT Services & Consulting,7,12,7-12 Yrs,Accenture,Bengaluru,,0.0,0.0,True,Not Disclosed,2026-09-11 18:30:17,"7.5 years experience with Snowflake Data Warehouse and ETL process design|Lead and manage team, optimize data pipelines, ensure data quality, and coordinate cross-functional collaboration",3.csv,Data Engineer / Data Architect,3.7,snowflake|etl processes|data pipelines|data engineer|data migration|workflows|data engineering|data infrastructure|data quality|data storage|snowflake data warehouse|troubleshooting|etl|data flow|maintenance|deployment,16,Bengaluru,Senior,False,,,Data Engineer,Data Engineer / Architect,data quality|data storage|data engineer|data flow|data pipelines|snowflake|data engineering|snowflake data warehouse|etl processes|maintenance|workflows|deployment|etl|troubleshooting|data infrastructure|data migration
110926922155,Data Engineer,Data Engineer,Software Development,Engineering - Software & QA,"Full Time, Permanent",IT Services & Consulting,7,12,7-12 Yrs,Accenture,Bengaluru,,0.0,0.0,True,Not Disclosed,2026-09-11 18:23:56,"7.5 years experience with AWS S3 and expertise in ETL and data pipeline architecture|Lead and manage team decisions, develop and optimize data pipelines, ensure data quality, and coordinate cross-functional data solutions",3.csv,Data Engineer / Data Architect,3.7,s3|etl processes|aws s3|data pipelines|data engineer|data processing|cloud|data quality|data storage|compliance|data pipeline architecture|aws|etl|data flow|deployment,15,Bengaluru,Senior,False,,,Data Engineer,Data Engineer / Architect,data quality|s3|data engineer|data storage|data pipelines|data flow|etl processes|aws s3|aws|deployment|etl|cloud|compliance|data pipeline architecture|data processing
310826919029,Data Engineer,Data Engineer,Software Development,Engineering - Software & QA,"Full Time, Permanent",IT Services & Consulting,15,20,15-20 Yrs,Accenture,Bhubaneswar,,0.0,0.0,True,Not Disclosed,2026-08-31 17:06:15,"Minimum 5 years experience with Snowflake Data Warehouse and 15 years full-time education|Design, develop and maintain data pipelines, implement ETL processes, ensure data quality, mentor junior team members, and collaborate across teams",3.csv,Data Engineer / Data Architect,3.7,hive|python|performance tuning|data warehousing|machine learning|data engineering|sql server|sql|database design|data quality|tableau|data modeling|spark|hadoop|big data|aws|data flow|informatica,18,Bhubaneswar,Senior,False,,,Data Engineer,Data Engineer / Architect,apache spark|data quality|data flow|machine learning|sql server|data engineering|data warehousing|tableau|hadoop|informatica|database design|performance tuning|data modeling|aws|hive|big data|python|sql
80926017820,Data Engineer,Data Engineer,Software Development,Engineering - Software & QA,"Full Time, Permanent",IT Services & Consulting,5,7,5-7 Yrs,Tata Consultancy Services,Bangalore Rural,Bengaluru,0.0,0.0,True,Not Disclosed,2026-09-08 13:41:00,"Experience with mission critical data pipelines, ETL systems, AWS, Hadoop, Hive, Snowflake, Python, Scala, Java, SQL, and Airflow|Design and implement end-to-end data pipelines and deliver high-quality data solutions",3.csv,Data Engineer / Data Architect,3.2,AZURE,1,Bengaluru,Mid,False,,,Data Engineer,Data Engineer / Architect,azure
70926925610,Data Engineer,Data Engineer,Software Development,Engineering - Software & QA,"Full Time, Permanent",IT Services & Consulting,3,8,3-8 Yrs,Accenture,Bengaluru,,0.0,0.0,True,Not Disclosed,2026-09-07 17:22:30,"Minimum 3 years experience in Java Enterprise Edition with strong data modeling and ETL skills|Design, develop, and maintain data pipelines and ETL processes; ensure data quality and troubleshoot data issues; collaborate with stakeholders to gather requirements",3.csv,Data Engineer / Data Architect,3.7,hive|python|data warehousing|data engineering|sql|plsql|data quality|etl tool|spark|data governance|technical specifications|hadoop|etl|big data|aws|data integration|etl process,17,Bengaluru,Mid,False,,,Data Engineer,Data Engineer / Architect,apache spark|data governance|data quality|technical specifications|data integration|data engineering|data warehousing|hadoop|etl tool|etl process|aws|etl|hive|big data|python|plsql|sql
20926927767,Data Engineer,Data Engineer,Software Development,Engineering - Software & QA,"Full Time, Permanent",IT Services & Consulting,2,4,2-4 Yrs,Accenture,Bhubaneswar,,0.0,0.0,True,Not Disclosed,2026-09-02 16:30:45,"Minimum 7.5 years experience with at least 5 years in PySpark and 15 years full-time education|Design, develop, and maintain data pipelines and ETL processes; ensure data quality; mentor team members; collaborate across teams",3.csv,Data Engineer / Data Architect,3.7,hive|python|data analysis|data warehousing|machine learning|sql|plsql|data quality|tableau|data modeling|spark|hadoop|big data|aws|informatica|etl process,16,Bhubaneswar,Entry,False,,,Data Engineer,Data Engineer / Architect,apache spark|data quality|machine learning|data warehousing|tableau|hadoop|informatica|etl process|data modeling|aws|hive|big data|python|plsql|sql|data analysis
310826024938,PySpark Data Engineer,Data Engineer,Software Development,Engineering - Software & QA,"Full Time, Permanent",IT Services & Consulting,2,5,2-5 Yrs,Infosys,Hyderabad,Bengaluru,0.0,0.0,True,Not Disclosed,2026-08-31 18:34:31,"2-5 years Data Engineering experience with strong PySpark and Apache Spark skills|Design and develop scalable data pipelines, build ETL workflows, optimize Spark applications, and ensure data quality and reliability",3.csv,Data Engineer / Data Architect,3.5,Hive|Data Engineering|Hadoop|Big Data|ETL|AWS|Data Bricks|azure,8,Hyderabad,Entry,False,,,Data Engineer,Data Engineer / Architect,azure|data engineering|hadoop|aws|etl|big data|hive|data bricks
290826011918,PySpark Data Engineer,Data Engineer,Software Development,Engineering - Software & QA,"Full Time, Permanent",IT Services & Consulting,2,5,2-5 Yrs,Infosys,Hyderabad,Pune,0.0,0.0,True,Not Disclosed,2026-08-29 16:36:39,"2-5 years Data Engineering experience with strong PySpark and Apache Spark skills|Design and develop scalable data pipelines, build ETL workflows, optimize Spark applications, and ensure data quality and reliability",3.csv,Data Engineer / Data Architect,3.5,Hive|Data Engineering|Hadoop|Big Data|ETL|AWS|Data Bricks|azure,8,Hyderabad,Entry,False,,,Data Engineer,Data Engineer / Architect,azure|data engineering|hadoop|aws|etl|big data|hive|data bricks
290826011910,PySpark Data Engineer,Data Engineer,Software Development,Engineering - Software & QA,"Full Time, Permanent",IT Services & Consulting,2,5,2-5 Yrs,Infosys,Hyderabad,Chennai,0.0,0.0,True,Not Disclosed,2026-08-29 16:36:11,"2-5 years Data Engineering experience with strong PySpark and Apache Spark skills|Design and develop scalable data pipelines, build ETL workflows, optimize Spark applications, and ensure data quality and reliability",3.csv,Data Engineer / Data Architect,3.5,Hive|Data Engineering|Hadoop|Big Data|ETL|AWS|Data Bricks|azure,8,Hyderabad,Entry,False,,,Data Engineer,Data Engineer / Architect,azure|data engineering|hadoop|aws|etl|big data|hive|data bricks
290826011856,Databricks Data Engineer,Data Engineer,Software Development,Engineering - Software & QA,"Full Time, Permanent",IT Services & Consulting,2,5,2-5 Yrs,Infosys,Chennai,Bengaluru,600000.0,1100000.0,False,6-11 Lacs,2026-08-29 16:32:15,"2-5 years experience in Data Engineering with expertise in Databricks, PySpark, and Spark SQL|Design, develop, and maintain data pipelines and ETL/ELT solutions; optimize data processing; collaborate with teams to meet business needs",3.csv,Data Engineer / Data Architect,3.5,,0,Chennai,Entry,True,600000.0,1100000.0,Data Engineer,Data Engineer / Architect,
290826011844,Databricks Data Engineer,Data Engineer,Software Development,Engineering - Software & QA,"Full Time, Permanent",IT Services & Consulting,2,5,2-5 Yrs,Infosys,Noida,Chennai,600000.0,1100000.0,False,6-11 Lacs,2026-08-29 16:31:29,"2-5 years Data Engineering experience with expertise in Databricks, PySpark, and Spark SQL|Design and maintain data pipelines, build ETL/ELT solutions, optimize data workflows, and collaborate with teams to meet business needs",3.csv,Data Engineer / Data Architect,3.5,,0,Noida,Entry,True,600000.0,1100000.0,Data Engineer,Data Engineer / Architect,
280826012012,PySpark Data Engineer,Data Engineer,Software Development,Engineering - Software & QA,"Full Time, Permanent",IT Services & Consulting,2,5,2-5 Yrs,Infosys,Hyderabad,Pune,700000.0,1200000.0,False,7-12 Lacs,2026-08-28 22:31:09,"2-5 years Data Engineering experience with strong PySpark and Apache Spark skills|Design and develop scalable data pipelines, build ETL workflows, optimize Spark applications, and ensure data quality and reliability",3.csv,Data Engineer / Data Architect,3.5,Hive|Azure|Data Engineering|Hadoop|Big Data|Databricks|AWS,7,Hyderabad,Entry,True,700000.0,1200000.0,Data Engineer,Data Engineer / Architect,azure|databricks|data engineering|hadoop|aws|big data|hive
270826031333,PySpark Data Engineer,Data Engineer,Software Development,Engineering - Software & QA,"Full Time, Permanent",IT Services & Consulting,2,5,2-5 Yrs,Infosys,Hyderabad,Pune,700000.0,1200000.0,False,7-12 Lacs,2026-08-27 22:46:56,"2-5 years Data Engineering experience with strong PySpark and Apache Spark skills|Design and develop scalable data pipelines, build ETL workflows, optimize Spark applications, and ensure data quality and reliability",3.csv,Data Engineer / Data Architect,3.5,Hive|Data Engineering|Hadoop|Big Data|ETL|AWS|Data Bricks|azure,8,Hyderabad,Entry,True,700000.0,1200000.0,Data Engineer,Data Engineer / Architect,azure|data engineering|hadoop|aws|etl|big data|hive|data bricks
270826017058,Palantir Data Engineer,Data Engineer,Software Development,Engineering - Software & QA,"Full Time, Permanent",IT Services & Consulting,4,8,4-8 Yrs,PwC,Hyderabad,Gurugram,0.0,0.0,True,Not Disclosed,2026-08-27 13:42:51,"Bachelor's and Master's degrees with 4 years in data engineering or system integration, expertise in Palantir Foundry and data validation|Ingest and integrate data into Foundry, design and deploy data pipelines, maintain data consistency, mentor team, collaborate with stakeholders, and enhance integration processes",3.csv,Data Engineer / Data Architect,3.3,Pyspark|Data Engineering|Code Repository Management,3,Hyderabad,Mid,False,,,Data Engineer,Data Engineer / Architect,apache spark|data engineering|code repository management
260826018356,Data Engineer,Data Engineer,Data Science & Machine Learning,Data Science & Analytics,"Full Time, Permanent",IT Services & Consulting,4,6,4-6 Yrs,Hexaware Technologies,Hyderabad,Chennai,0.0,0.0,True,Not Disclosed,2026-08-26 13:49:26,"4-6 years experience in Data Engineering with expertise in Azure Data Factory, Python, PostgreSQL, SQL, and Azure Blob Storage|Design, develop, and maintain ETL and data migration pipelines; extract and transform data from SharePoint, Excel, XML, and file repositories; implement data quality checks and error handling; migrate data to Azure Blob Storage and manage metadata in PostgreSQL; support testing, cutover, and post-migration activities",3.csv,Data Engineer / Data Architect,3.4,python|Big Data|Azure Data Lake|SQL,4,Hyderabad,Mid,False,,,Data Engineer,Data Engineer / Architect,python|sql|big data|azure data lake
260826015872,Data Engineer,Data Engineer,Software Development,Engineering - Software & QA,"Full Time, Permanent",IT Services & Consulting,9,14,9-14 Yrs,Hexaware Technologies,Pune,Chennai,1700000.0,3200000.0,False,17-32 Lacs,2026-08-26 12:40:17,"9-14 years Data Engineer with expertise in Azure Databricks, Python, Data Factory, and complex SQL on Azure Blob Storage|Design, develop, and maintain large-scale data pipelines; implement data quality checks; troubleshoot pipeline issues",3.csv,Data Engineer / Data Architect,3.4,,0,Pune,Senior,True,1700000.0,3200000.0,Data Engineer,Data Engineer / Architect,
240926932065,Data Engineer,Data Engineer,Software Development,Engineering - Software & QA,"Full Time, Permanent",IT Services & Consulting,7,12,7-12 Yrs,Accenture,Navi Mumbai,,0.0,0.0,True,Not Disclosed,2026-09-24 17:27:23,"7.5+ years experience with Snowflake Data Warehouse and data modeling|Design, develop, and maintain data pipelines and ETL processes; lead and mentor team; ensure data quality and collaborate across teams",3.csv,Data Engineer / Data Architect,3.7,snowflake|data warehouse|data pipelines|cloud platforms|collection|data engineering|data infrastructure|database design|cloud|data quality|data storage|data modeling|design|data governance|etl|data integration|ATCI-5355312-S1954579,17,Mumbai,Senior,False,,,Data Engineer,Data Engineer / Architect,data integration|data governance|data quality|data storage|data pipelines|snowflake|data engineering|collection|database design|data modeling|data warehouse|cloud|design|etl|cloud platforms|data infrastructure|atci-5355312-s1954579
240926932042,Data Engineer,Data Engineer,Software Development,Engineering - Software & QA,"Full Time, Permanent",IT Services & Consulting,3,8,3-8 Yrs,Accenture,Pune,,0.0,0.0,True,Not Disclosed,2026-09-24 17:27:14,"Minimum 3 years experience with Snowflake Data Warehouse and 15 years full-time education|Design, develop, and maintain data pipelines and ETL processes; ensure data quality; collaborate with teams to deliver data solutions",3.csv,Data Engineer / Data Architect,3.7,snowflake|data warehouse|data pipelines|data querying|storage solutions|cloud platforms|data architecture|collection|sql|database design|cloud|data quality|data storage|data modeling|etl|data integration|architecture,17,Pune,Mid,False,,,Data Engineer,Data Engineer / Architect,data integration|data architecture|data quality|data storage|data pipelines|snowflake|storage solutions|collection|database design|data modeling|data querying|data warehouse|cloud|etl|architecture|cloud platforms|sql
240926016251,Databricks Data Engineer,Data Engineer,Software Development,Engineering - Software & QA,"Full Time, Permanent",IT Services & Consulting,2,5,2-5 Yrs,Infosys,Hyderabad,Delhi / NCR,0.0,0.0,True,Not Disclosed,2026-09-24 11:48:53,"2-5 years experience in Data Engineering with hands-on Databricks and PySpark skills|Design and maintain data pipelines, build ETL/ELT solutions, optimize data workflows, and collaborate with teams",3.csv,Data Engineer / Data Architect,3.5,,0,Hyderabad,Entry,False,,,Data Engineer,Data Engineer / Architect,
240926016213,PySpark Data Engineer,Data Engineer,Software Development,Engineering - Software & QA,"Full Time, Permanent",IT Services & Consulting,2,5,2-5 Yrs,Infosys,Hyderabad,Pune,0.0,0.0,True,Not Disclosed,2026-09-24 11:48:11,"2-5 years Data Engineering experience with strong PySpark and Apache Spark skills|Design and develop scalable data pipelines, build ETL workflows, optimize Spark applications, and ensure data quality and reliability",3.csv,Data Engineer / Data Architect,3.5,Hive|Hadoop|Big Data|ETL,4,Hyderabad,Entry,False,,,Data Engineer,Data Engineer / Architect,big data|hadoop|etl|hive
240826926845,Data Engineer,Data Engineer,Software Development,Engineering - Software & QA,"Full Time, Permanent",IT Services & Consulting,5,10,5-10 Yrs,Accenture,Bengaluru,,0.0,0.0,True,Not Disclosed,2026-08-24 18:23:57,"Minimum 5 year(s) of experience is required. Educational Qualification : 15 years full time education. Summary : As a Data Engineer,you will design,develop,and maintain data solutions that facilitate data generation,collection,and processing|15 years full time education|Good To Have Skills:  - Experience with data warehousing solutions",3.csv,Data Engineer / Data Architect,3.7,data pipelines|databricks|microsoft azure|data warehousing|collection|cloud|data quality|data modeling|integration tools|design|cloud computing|etl|data integration|azure,14,Bengaluru,Mid,False,,,Data Engineer,Data Engineer / Architect,data integration|data quality|cloud computing|azure|databricks|data pipelines|data warehousing|collection|data modeling|etl|cloud|design|integration tools
240826926297,Data Engineer,Data Engineer,Software Development,Engineering - Software & QA,"Full Time, Permanent",IT Services & Consulting,5,10,5-10 Yrs,Accenture,Bengaluru,,0.0,0.0,True,Not Disclosed,2026-08-24 18:18:25,"7.5 years experience with Google BigQuery and 15 years full-time education|Design, develop and maintain data pipelines and ETL processes; lead and mentor team; collaborate across teams to optimize data solutions",3.csv,Data Engineer / Data Architect,3.7,data management|data pipelines|data warehousing|cloud platforms|collection|database design|cloud|data quality|data modeling|design|bigquery|etl|data integration|google bigquery,14,Bengaluru,Mid,False,,,Data Engineer,Data Engineer / Architect,data integration|bigquery|data quality|data pipelines|data warehousing|collection|database design|data modeling|etl|cloud|design|cloud platforms|data management|google bigquery
240826926153,Data Engineer,Data Engineer,Software Development,Engineering - Software & QA,"Full Time, Permanent",IT Services & Consulting,5,10,5-10 Yrs,Accenture,Bengaluru,,0.0,0.0,True,Not Disclosed,2026-08-24 18:16:50,"7.5 years experience with Microsoft Azure Databricks and 15 years full-time education|Design, develop, and maintain data pipelines and ETL processes; lead and mentor team; optimize data solutions",3.csv,Data Engineer / Data Architect,3.7,data pipelines|databricks|microsoft azure|data warehousing|collection|database design|cloud|data quality|data modeling|integration tools|design|cloud computing|etl|data integration|azure,15,Bengaluru,Mid,False,,,Data Engineer,Data Engineer / Architect,data integration|data quality|cloud computing|azure|databricks|data pipelines|data warehousing|collection|database design|data modeling|etl|cloud|design|integration tools
240826924582,Data Engineer,Data Engineer,Software Development,Engineering - Software & QA,"Full Time, Permanent",IT Services & Consulting,2,4,2-4 Yrs,Accenture,Pune,,0.0,0.0,True,Not Disclosed,2026-08-24 17:58:35,"Minimum 5 years experience with PySpark and 15 years full-time education|Design, develop, and maintain data pipelines and ETL processes; ensure data quality; mentor junior team members; collaborate across teams",3.csv,Data Engineer / Data Architect,3.7,hive|snowflake|python|amazon redshift|airflow|microsoft azure|data warehousing|data engineering|sql|plsql|data quality|gcp|etl tool|spark|data governance|hadoop|etl|big data|etl process,19,Pune,Entry,False,,,Data Engineer,Data Engineer / Architect,data engineering|etl process|etl tool|etl|plsql|apache spark|data quality|python|amazon redshift|gcp|airflow|hive|data governance|azure|snowflake|data warehousing|hadoop|big data|sql
230926935962,Data Engineer,Data Engineer,Software Development,Engineering - Software & QA,"Full Time, Permanent",IT Services & Consulting,7,12,7-12 Yrs,Accenture,Pune,,0.0,0.0,True,Not Disclosed,2026-09-23 17:46:54,"7.5+ years experience in Data Engineering with expertise in ETL, data modeling, cloud platforms (AWS, Azure, GCP), and programming (Python, Java, Scala)|Design, develop, and maintain data pipelines and ETL processes; lead and mentor team; collaborate across teams to provide data solutions and improve data infrastructure",3.csv,Data Engineer / Data Architect,3.7,Java|Azure|Data Engineering|Data Pipelines|Scala|Database Design|Programming|Data Integration|Cloud Platforms|Data Quality|Etl Tools|Data Infrastructure|Cloud|Programming Languages|Data Modeling|Aws|Etl|Python,18,Pune,Senior,False,,,Data Engineer,Data Engineer / Architect,data integration|data quality|azure|data pipelines|programming languages|data engineering|etl tools|java|scala|database design|data modeling|aws|etl|cloud|programming|python|cloud platforms|data infrastructure
230926935097,Data Engineer,Data Engineer,Data Science & Machine Learning,Data Science & Analytics,"Full Time, Permanent",IT Services & Consulting,15,20,15-20 Yrs,Accenture,Hyderabad,,0.0,0.0,True,Not Disclosed,2026-09-23 17:42:25,"3 years experience in MicroStrategy Business Intelligence with knowledge of ETL, data warehousing, and data modeling|Design, develop, and maintain data pipelines and ETL processes; ensure data quality; collaborate with teams to deliver data solutions",3.csv,Data Engineer / Data Architect,3.7,data pipelines|data processing|data warehousing|collection|business intelligence|data infrastructure|database design|data quality|data modeling|design|etl|data integration|maintenance,13,Hyderabad,Senior,False,,,Data Engineer,Data Engineer / Architect,data integration|data quality|data pipelines|collection|data warehousing|database design|maintenance|data modeling|etl|design|business intelligence|data infrastructure|data processing
230926934939,Data Engineer,Data Engineer,Data Science & Machine Learning,Data Science & Analytics,"Full Time, Permanent",IT Services & Consulting,2,7,2-7 Yrs,Accenture,Pune,,0.0,0.0,True,Not Disclosed,2026-09-23 17:41:23,"Minimum 2 years experience with AWS Glue and PySpark, 15 years full-time education|Design, develop, and maintain data pipelines and ETL processes; ensure data quality; optimize data workflows; collaborate with teams",3.csv,Data Engineer / Data Architect,3.7,Pyspark|Data Pipelines|Gl|Data Management|Database Design|Data Integration|Design|Data Quality|Cloud|Collection|Data Modeling|Data Processing|Aws|Etl|Data Governance|Storage Solutions|Data Storage,17,Pune,Entry,False,,,Data Engineer,Data Engineer / Architect,apache spark|data integration|data quality|data governance|data storage|data pipelines|storage solutions|collection|database design|data modeling|aws|etl|design|cloud|data management|gl|data processing
220926036242,Data Engineer,Data Science & Analytics - Other,Data Science & Analytics - Other,Data Science & Analytics,"Full Time, Permanent",IT Services & Consulting,6,9,6-9 Yrs,Persistent,Pune,Chennai,0.0,0.0,True,Not Disclosed,2026-09-22 16:34:56,"6-9 years experience in Data Engineering with expertise in Data Bricks and Snowflake|Design, develop, test, and deploy large-scale data pipelines; collaborate with teams; optimize database performance; ensure system scalability and security",3.csv,Data Engineer / Data Architect,3.6,Data Engineering|Data Bricks,2,Pune,Mid,False,,,Data Science & Analytics - Other,Other IT,data engineering|data bricks
210926921419,Data Engineer Python,Data Science & Analytics - Other,Data Science & Analytics - Other,Data Science & Analytics,"Full Time, Permanent",IT Services & Consulting,8,29,8-29 Yrs,Photon,Hyderabad,Chennai,2300000.0,10000000.0,False,23 Lacs-1 Cr,2026-09-21 16:54:10,"8-29 years experience in Data Engineering with Python expertise and strong knowledge of Generative AI and big-data technologies|Design, develop, test, and deploy large-scale data pipelines; collaborate with teams; develop scalable architectures; troubleshoot data issues",3.csv,Data Engineer / Data Architect,4.0,,0,Hyderabad,Senior,True,2300000.0,10000000.0,Data Science & Analytics - Other,Other IT,
210926502710,Data Engineer - Python,Data Engineer,Software Development,Engineering - Software & QA,"Full Time, Permanent",IT Services & Consulting,5,7,5-7 Yrs,Yash Technologies,Bengaluru,,0.0,0.0,True,Not Disclosed,2026-09-21 15:51:42,Experience required: 5-7 years,3.csv,Data Engineer / Data Architect,3.6,foundry|cdc|data catalog|administration|data engineer|ai|application development|analytics|data virtualization|data modeling|compliance|data structures|agile|aws|data integration|data lake|formatting|architecture|deployment,19,Bengaluru,Mid,False,,,Data Engineer,Data Engineer / Architect,application development|data engineer|agile|data catalog|data modeling|formatting|data structures|data integration|cdc|analytics|data lake|foundry|deployment|ai|administration|aws|data virtualization|architecture|compliance
200826503907,Data Engineer,Data Engineer,Software Development,Engineering - Software & QA,"Full Time, Permanent",Analytics / KPO / Research,3,7,3-7 Yrs,Fractal Analytics,Bengaluru,,0.0,0.0,True,Not Disclosed,2026-08-20 17:09:26,". Disclaimer: This job description has been sourced from a public domain and may have been modified by Naukri.com to improve clarity for our users|Expert-level proficiency in at-least one of Java,C++,or Python (preferred)|Scala knowledge a strong advantage. Strong understanding and experience in distributed computing frameworks,particularly Apache Hadoop 0 (YARN",3.csv,Data Engineer / Data Architect,4.0,Cloud computing|C++|GIT|Linux|Shell scripting|Machine learning|Agile|JIRA|SQL|Python,10,Bengaluru,Mid,False,,,Data Engineer,Data Engineer / Architect,linux|cloud computing|machine learning|agile|jira|shell scripting|python|git|sql|c++
180926028442,Data Engineer,Data Science & Analytics - Other,Data Science & Analytics - Other,Data Science & Analytics,"Full Time, Permanent",IT Services & Consulting,5,9,5-9 Yrs,Persistent,Pune,Chennai,0.0,0.0,True,Not Disclosed,2026-09-18 17:43:39,"5-9 years experience as Data Engineer with expertise in PySpark, Data Bricks, Hadoop ecosystem, and complex SQL|Design, develop, test, deploy and maintain large-scale data pipelines; collaborate with teams; troubleshoot data processing issues",3.csv,Data Engineer / Data Architect,3.6,Pyspark|Python|SQL,3,Pune,Mid,False,,,Data Science & Analytics - Other,Other IT,apache spark|python|sql
90926009257,Data Engineer,Data Engineer,Software Development,Engineering - Software & QA,"Full Time, Permanent",IT Services & Consulting,3,6,3-6 Yrs,Quest Global,Bengaluru,karnata,0.0,0.0,True,Not Disclosed,2026-09-09 10:04:14,3-6+ years in Data Engineering with 2+ years leading Azure data solutions; proficient in Python and Azure data components|Design and implement large-scale data solutions; build and automate data pipelines using Azure IaaS/PaaS/SaaS; utilize Spark (Databricks) and Azure DevOps,3.csv,Data Engineer / Data Architect,3.5,PaaS|SaaS|IaaS|Spark|Databricks|ETL|Azure DevOps|Python,8,Bengaluru,Mid,False,,,Data Engineer,Data Engineer / Architect,apache spark|paas|databricks|azure devops|iaas|saas|etl|python
80926920626,Data Engineer,Data Engineer,Data Science & Machine Learning,Data Science & Analytics,"Full Time, Permanent",IT Services & Consulting,2,7,2-7 Yrs,Accenture,Bengaluru,,0.0,0.0,True,Not Disclosed,2026-09-08 14:42:52,"Minimum 2 years experience in Data Engineering with expertise in Databricks and Microsoft Azure Data Services|Design, develop, and maintain data pipelines and ETL processes; ensure data quality and collaborate with teams to optimize data architecture",3.csv,Data Engineer / Data Architect,3.7,data services|data analytics|data pipelines|data engineer|databricks|data architecture|data engineering|cloud|data quality|data storage|automation|data modeling|etl|data flow|data integration|architecture|azure|deployment,18,Bengaluru,Entry,False,,,Data Engineer,Data Engineer / Architect,data integration|data analytics|data architecture|data quality|data engineer|data storage|databricks|data pipelines|data engineering|data flow|azure|data services|data modeling|deployment|etl|cloud|architecture|automation
80926024597,Data Engineer,Data Science & Machine Learning - Other,Data Science & Machine Learning,Data Science & Analytics,"Full Time, Permanent",IT Services & Consulting,6,11,6-11 Yrs,Capgemini,Hyderabad,Bengaluru,0.0,0.0,True,Not Disclosed,2026-09-08 15:28:18,"Experience with Pyspark, Azure Data Factory, Synapse Analytics, and Data Bricks|Develop and maintain data pipelines using ETL processes, implement CI/CD in cloud environments, and perform data analysis and engineering tasks",3.csv,Data Engineer / Data Architect,3.6,ADF|MS Fabrics|Synapse Analytics|Data Governance|Data Bricks|Python,6,Hyderabad,Mid,False,,,Data Science & Machine Learning - Other,Data Scientist / ML Engineer,data governance|adf|ms fabrics|synapse analytics|python|data bricks
70926927434,Data Engineer,Data Engineer,Software Development,Engineering - Software & QA,"Full Time, Permanent",IT Services & Consulting,2,4,2-4 Yrs,Accenture,Bengaluru,,0.0,0.0,True,Not Disclosed,2026-09-07 17:40:33,"Minimum 5 years experience with PySpark and 15 years full-time education|Design, develop and maintain data pipelines and ETL processes; ensure data quality; mentor junior team members; collaborate across teams",3.csv,Data Engineer / Data Architect,3.7,hive|snowflake|python|amazon redshift|airflow|microsoft azure|data warehousing|data engineering|ATCI-5096051-S1884387|sql|plsql|data quality|gcp|etl tool|spark|data governance|etl|big data|etl process,19,Bengaluru,Entry,False,,,Data Engineer,Data Engineer / Architect,data engineering|etl process|etl tool|etl|plsql|apache spark|data quality|python|amazon redshift|gcp|atci-5096051-s1884387|airflow|hive|data governance|azure|snowflake|data warehousing|big data|sql
70926926329,Data Engineer,Data Engineer,Software Development,Engineering - Software & QA,"Full Time, Permanent",IT Services & Consulting,7,12,7-12 Yrs,Accenture,Bengaluru,,0.0,0.0,True,Not Disclosed,2026-09-07 17:29:04,"Minimum 7.5 years experience in Data Mining with 15 years full-time education|Design, develop and maintain data pipelines, implement ETL processes, ensure data quality, lead and mentor team members",3.csv,Data Engineer / Data Architect,3.7,hive|python|workflow|bi|data warehousing|power bi|microsoft|business intelligence|data engineering|sql|data quality|tableau|spark|data pipeline architecture|data visualization|etl|data integration|data flow,18,Bengaluru,Senior,False,,,Data Engineer,Data Engineer / Architect,apache spark|data integration|data quality|data flow|data engineering|workflow|data warehousing|tableau|data visualization|power bi|bi|etl|hive|data pipeline architecture|python|microsoft|business intelligence|sql
70926925010,Data Engineer,Data Engineer,Software Development,Engineering - Software & QA,"Full Time, Permanent",IT Services & Consulting,12,17,12-17 Yrs,Accenture,Bengaluru,,0.0,0.0,True,Not Disclosed,2026-09-07 17:17:37,This position is based at our Bengaluru office.  . A 15 years full time education is required.  . Qualification 15 years full time education|Proficiency in Data Modeling Techniques and Methodologies.  . Strong knowledge of data pipeline development and management.  | Must have skills : Data Modeling Techniques and Methodologies. Good to have skills : NA,3.csv,Data Engineer / Data Architect,3.7,data engineering|data flow|data integration|data modeling|data pipelines|data quality|data warehousing|database systems|deployment|etl|etl process|troubleshooting|workflows,13,Bengaluru,Senior,False,,,Data Engineer,Data Engineer / Architect,data integration|data quality|data flow|data pipelines|data engineering|data warehousing|database systems|etl process|data modeling|workflows|deployment|etl|troubleshooting
70926924946,Data Engineer,Data Engineer,Software Development,Engineering - Software & QA,"Full Time, Permanent",IT Services & Consulting,5,10,5-10 Yrs,Accenture,Bengaluru,,0.0,0.0,True,Not Disclosed,2026-09-07 17:17:00,"Minimum 3 year(s) of experience is required. Educational Qualification : 15 years full time education. Summary:  As a Data Engineer,you will design,develop,and maintain data solutions that facilitate data generation,collection,and processing|This position is based at our Bengaluru office.  . A 15 years full time education is required.  . Qualification 15 years full time education",3.csv,Data Engineer / Data Architect,3.7,cloud services|etl processes|aws architecture|data pipelines|glue|data engineer|workflows|aws glue|cloud|database design|data quality|data storage|data modeling|data governance|troubleshooting|aws|etl|data integration,18,Bengaluru,Mid,False,,,Data Engineer,Data Engineer / Architect,data integration|data governance|data quality|data storage|cloud services|data engineer|data pipelines|etl processes|database design|aws glue|data modeling|workflows|aws|etl|cloud|troubleshooting|glue|aws architecture
70926924636,Data Engineer,Data Engineer,Software Development,Engineering - Software & QA,"Full Time, Permanent",IT Services & Consulting,7,12,7-12 Yrs,Accenture,Bengaluru,,0.0,0.0,True,Not Disclosed,2026-09-07 17:13:51,"Minimum 5 year(s) of experience is required. Educational Qualification : 15 years full time education. Summary:  As a Data Engineer,you will design,develop,and maintain data solutions that facilitate data generation,collection,and processing|This position is based at our Bengaluru office.  . A 15 years full time education is required.  . Qualification 15 years full time education",3.csv,Data Engineer / Data Architect,3.7,etl processes|data pipelines|glue|data engineer|pyspark|workflows|aws glue|cloud|data quality|troubleshooting|etl|data integration,12,Bengaluru,Senior,False,,,Data Engineer,Data Engineer / Architect,apache spark|data integration|data quality|data engineer|data pipelines|etl processes|aws glue|workflows|etl|cloud|troubleshooting|glue
70926922106,Data Engineer,Data Engineer,Software Development,Engineering - Software & QA,"Full Time, Permanent",IT Services & Consulting,2,4,2-4 Yrs,Accenture,Bengaluru,,0.0,0.0,True,Not Disclosed,2026-09-07 16:48:20,"Minimum 3 years experience in Google Cloud Platform Architecture with knowledge of Google BigQuery and data modeling|Design, develop, and maintain data pipelines and ETL processes; ensure data quality and collaborate with stakeholders to translate requirements",3.csv,Data Engineer / Data Architect,3.7,BigQuery|Data Pipelines|Database Design|Cloud Platform|Data|Governance|Data Integration|Data Quality|Integration Tools|Data Modeling|Data Processing|Data Architecture|ETL|Data Governance,14,Bengaluru,Entry,False,,,Data Engineer,Data Engineer / Architect,data integration|bigquery|data quality|data architecture|data governance|data pipelines|cloud platform|integration tools|database design|data modeling|governance|etl|data|data processing
70926920656,Data Engineer,Data Engineer,Software Development,Engineering - Software & QA,"Full Time, Permanent",IT Services & Consulting,2,4,2-4 Yrs,Accenture,Bengaluru,,0.0,0.0,True,Not Disclosed,2026-09-07 16:33:32,"Minimum 3 years experience with Snowflake Data Warehouse and SnowPro Core Certification|Design and build scalable Snowflake data pipelines, implement ETL/ELT processes, ensure data quality and security, collaborate with project leads, and support CoE initiatives",3.csv,Data Engineer / Data Architect,3.7,snowflake|data warehouse|python|data pipelines|performance tuning|collection|elt|data engineering|snowpipe|sql|analytics|data quality|advanced sql|dbt|design|etl|ATCI-5104608-S1889410|architecture|communication skills,19,Bengaluru,Entry,False,,,Data Engineer,Data Engineer / Architect,data pipelines|data engineering|etl|advanced sql|data quality|analytics|communication skills|performance tuning|python|collection|design|atci-5104608-s1889410|snowflake|dbt|snowpipe|elt|data warehouse|architecture|sql
70926919656,Data Engineer,Data Engineer,Software Development,Engineering - Software & QA,"Full Time, Permanent",IT Services & Consulting,2,4,2-4 Yrs,Accenture,Bengaluru,,0.0,0.0,True,Not Disclosed,2026-09-07 16:26:56,"Minimum 5 years experience in R Programming with strong data modeling and database design skills|Design, develop and maintain data pipelines and ETL processes; mentor team members and collaborate on key decisions",3.csv,Data Engineer / Data Architect,3.7,hive|python|data management|big data technologies|data warehousing|machine learning|data engineering|sql|plsql|data quality|tableau|spark|data governance|hadoop|sqoop|big data|aws|etl process,18,Bengaluru,Entry,False,,,Data Engineer,Data Engineer / Architect,apache spark|data governance|data quality|sqoop|machine learning|data engineering|data warehousing|tableau|hadoop|etl process|aws|hive|big data|python|plsql|data management|sql|big data technologies
70926917364,Data engineer,Data Engineer,Software Development,Engineering - Software & QA,"Full Time, Permanent",IT Services & Consulting,5,8,5-8 Yrs,Infosys,Bengaluru,,0.0,0.0,True,Not Disclosed,2026-09-07 16:13:58,"Bachelor's in Engineering or MCA/MTech with strong expertise in Big Data technologies including Apache Spark, Scala, Hive, Kafka, PySpark, and Databricks|Design, develop, and implement scalable data engineering solutions and pipelines using cloud-native architectures; collaborate in Agile teams to build large-scale digital platforms and data-driven applications",3.csv,Data Engineer / Data Architect,3.5,hive|development|python|analytical|scala|data processing|big data technologies|pyspark|data pipeline|data bricks|java|apache|design patterns|kafka|software engineering|hadoop|agile|big data|agile methodology|architecture,20,Bengaluru,Mid,False,,,Data Engineer,Data Engineer / Architect,data pipeline|agile|agile methodology|software engineering|apache|data processing|apache spark|python|big data technologies|analytical|java|kafka|hive|design patterns|hadoop|scala|development|big data|architecture|data bricks
70926033561,Data Engineer,Data Engineer,Software Development,Engineering - Software & QA,"Full Time, Permanent",Pharmaceutical & Life Sciences,5,7,5-7 Yrs,IQVIA,Bengaluru,,0.0,0.0,True,Not Disclosed,2026-09-07 22:10:58,"Technical Skills and Experience | 2+ years of experience in data engineering,big data development,and cloud-based data platforms|Hands-on experience with Databricks,PySpark,Delta Lake,Spark SQL,and Azure Data Engineering services|Experience building and orchestrating data pipelines using Azure Data Factory (ADF),Synapse,ADLS,and Snowflake integration features",3.csv,Data Engineer / Data Architect,3.7,,0,Bengaluru,Mid,False,,,Data Engineer,Data Engineer / Architect,
40926917820,Data Engineer,Data Engineer,Software Development,Engineering - Software & QA,"Full Time, Permanent",IT Services & Consulting,5,10,5-10 Yrs,Accenture,Bengaluru,,0.0,0.0,True,Not Disclosed,2026-09-04 14:39:06,"Minimum 5 years experience in Agent Development with 15 years full time education|Design, develop and maintain data pipelines and ETL processes; lead team decisions and collaborate across teams to optimize data workflows",3.csv,Data Engineer / Data Architect,3.7,data management|etl processes|data pipelines|data engineer|data migration|data engineering|data quality|data storage|operations|data pipeline architecture|large language models|etl|data integration|programming|deployment,15,Bengaluru,Mid,False,,,Data Engineer,Data Engineer / Architect,data integration|data quality|data storage|data engineer|large language models|data pipelines|data engineering|etl processes|programming|deployment|etl|data pipeline architecture|operations|data management|data migration
40926917466,Data Engineer,Data Engineer,Software Development,Engineering - Software & QA,"Full Time, Permanent",IT Services & Consulting,5,10,5-10 Yrs,Accenture,Bengaluru,,0.0,0.0,True,Not Disclosed,2026-09-04 14:35:34,"Minimum 5 years experience in Agent Development with 15 years full time education|Design, develop and maintain data pipelines and ETL processes; lead team decisions and provide technical solutions across teams",3.csv,Data Engineer / Data Architect,3.7,data management|etl processes|data pipelines|data engineer|data migration|data quality|data storage|operations|data pipeline architecture|large language models|etl|data integration|programming|deployment,14,Bengaluru,Mid,False,,,Data Engineer,Data Engineer / Architect,data integration|data quality|data storage|data engineer|large language models|data pipelines|etl processes|programming|deployment|etl|data pipeline architecture|operations|data management|data migration
40926917209,Data Engineer,Data Engineer,Software Development,Engineering - Software & QA,"Full Time, Permanent",IT Services & Consulting,5,10,5-10 Yrs,Accenture,Bengaluru,,0.0,0.0,True,Not Disclosed,2026-09-04 14:33:18,"Minimum 5 years experience in Agent Development with 15 years full time education|Design, develop and maintain data solutions, create data pipelines, implement ETL processes, lead and mentor team, coordinate cross-functional initiatives",3.csv,Data Engineer / Data Architect,3.7,python|etl processes|data pipelines|data engineer|data migration|workflows|data engineering|data quality|data pipeline architecture|large language models|programming language|etl|data flow|data integration|programming,15,Bengaluru,Mid,False,,,Data Engineer,Data Engineer / Architect,data integration|data quality|large language models|data engineer|programming language|data pipelines|data flow|data engineering|etl processes|workflows|etl|data pipeline architecture|programming|python|data migration
40926916933,Data Engineer,Data Engineer,Software Development,Engineering - Software & QA,"Full Time, Permanent",IT Services & Consulting,3,8,3-8 Yrs,Accenture,Bengaluru,,0.0,0.0,True,Not Disclosed,2026-09-04 14:30:13,"Minimum 3 years experience with MongoDB, strong skills in data modeling, schema design, and ETL processes|Design, develop, and maintain data pipelines; ensure data quality; implement ETL; troubleshoot and optimize data workflows",3.csv,Data Engineer / Data Architect,3.7,schema|data pipelines|performance tuning|data processing|data engineering|nosql|data quality|query optimization|data modeling|data systems|etl|data flow|data integration|mongodb|deployment|etl process|nosql databases,17,Bengaluru,Mid,False,,,Data Engineer,Data Engineer / Architect,data integration|data quality|query optimization|data flow|data pipelines|nosql databases|data engineering|etl process|performance tuning|data modeling|mongodb|etl|deployment|data systems|schema|nosql|data processing
20926928474,Data Engineer,Data Engineer,Software Development,Engineering - Software & QA,"Full Time, Permanent",IT Services & Consulting,5,10,5-10 Yrs,Accenture,Bengaluru,,0.0,0.0,True,Not Disclosed,2026-09-02 16:35:55,"Minimum 5 years experience with Microsoft Azure Databricks and 15 years full-time education|Design, develop, and maintain data pipelines and ETL processes; lead team decisions and optimize data workflows",3.csv,Data Engineer / Data Architect,3.7,etl processes|data pipelines|performance tuning|data engineer|databricks|microsoft azure|workflows|cloud|data quality|data storage|data governance|etl|data integration|deployment,14,Bengaluru,Mid,False,,,Data Engineer,Data Engineer / Architect,data integration|data governance|data quality|data storage|data engineer|azure|data pipelines|databricks|etl processes|performance tuning|workflows|deployment|etl|cloud
20926928447,Data Engineer,Data Engineer,Software Development,Engineering - Software & QA,"Full Time, Permanent",IT Services & Consulting,7,12,7-12 Yrs,Accenture,Bengaluru,,0.0,0.0,True,Not Disclosed,2026-09-02 16:35:36,"Minimum 7 years experience in Machine Learning Operations with 15 years full-time education|Design, develop, and maintain data pipelines and ETL processes; lead team decisions and collaborate across teams to optimize data workflows and ensure data quality",3.csv,Data Engineer / Data Architect,3.7,Amazon Web Services|Data Engineering|Data Pipelines|Architecture|Deployment|Machine Learning|Data Integration|Etl Processes|Data Quality|Data Engineer|Data Flow|Data Pipeline Architecture|Aws|Etl|Operations|Data Storage,16,Bengaluru,Senior,False,,,Data Engineer,Data Engineer / Architect,data integration|data quality|data storage|data engineer|data flow|data pipelines|machine learning|data engineering|operations|etl processes|aws|deployment|etl|architecture|data pipeline architecture
20926927983,Data Engineer,Data Engineer,Data Science & Machine Learning,Data Science & Analytics,"Full Time, Permanent",IT Services & Consulting,12,17,12-17 Yrs,Accenture,Bengaluru,,0.0,0.0,True,Not Disclosed,2026-09-02 16:32:07,"12 years experience with Databricks Unified Data Analytics Platform and 15 years full-time education|Design, develop, and maintain data pipelines and ETL processes; lead scalable data architecture implementation; mentor team members; coordinate cross-functional data strategies",3.csv,Data Engineer / Data Architect,3.7,Data Engineering|Data Pipelines|Compliance|Workflows|Deployment|Data Integration|Data Quality|Data Engineer|Data Processing|Databricks|Data Analytics|Etl|Data Governance|Data Storage,14,Bengaluru,Senior,False,,,Data Engineer,Data Engineer / Architect,data integration|data analytics|data quality|data governance|data engineer|data storage|data pipelines|databricks|data engineering|workflows|deployment|etl|compliance|data processing
20926927643,Data Engineer,Data Engineer,Software Development,Engineering - Software & QA,"Full Time, Permanent",IT Services & Consulting,7,12,7-12 Yrs,Accenture,Bengaluru,,0.0,0.0,True,Not Disclosed,2026-09-02 16:30:11,"Minimum 7 years experience in Machine Learning Operations with 15 years full-time education|Design, develop, and maintain data pipelines and ETL processes; lead team decisions and mentor juniors; ensure data quality and coordinate cross-functional data engineering efforts",3.csv,Data Engineer / Data Architect,3.7,Amazon Web Services|Data Engineering|Data Pipelines|Architecture|Workflows|Deployment|Machine Learning|Data Integration|Data Quality|Data Engineer|Data Flow|Data Pipeline Architecture|Data Processing|Aws|Etl|Operations,16,Bengaluru,Senior,False,,,Data Engineer,Data Engineer / Architect,data integration|data quality|data engineer|data flow|data pipelines|machine learning|data engineering|operations|aws|workflows|deployment|etl|architecture|data pipeline architecture|data processing
20926926373,Data Engineer,Data Engineer,Software Development,Engineering - Software & QA,"Full Time, Permanent",IT Services & Consulting,3,8,3-8 Yrs,Accenture,Bengaluru,,0.0,0.0,True,Not Disclosed,2026-09-02 16:14:40,"Minimum 3 years experience in Data Warehouse ETL Testing with 15 years full-time education|Design, develop, and maintain data pipelines; implement ETL processes; ensure data quality; collaborate with teams; optimize workflows; mentor juniors",3.csv,Data Engineer / Data Architect,3.7,data warehouse|etl tools|data pipelines|test cases|query languages|database technologies|workflows|data infrastructure|etl testing|data quality|etl|data flow|data integration|deployment,14,Bengaluru,Mid,False,,,Data Engineer,Data Engineer / Architect,data integration|data quality|database technologies|data flow|data pipelines|etl tools|test cases|workflows|deployment|data warehouse|etl|etl testing|query languages|data infrastructure
20926926302,Data Engineer,Data Engineer,Software Development,Engineering - Software & QA,"Full Time, Permanent",IT Services & Consulting,5,10,5-10 Yrs,Accenture,Bengaluru,,0.0,0.0,True,Not Disclosed,2026-09-02 16:13:40,"Minimum 5 years experience in Data Modeling Techniques and Methodologies with 15 years full time education|Design, develop and maintain data pipelines and ETL processes; lead scalable data architecture design; manage and mentor team; ensure data quality and integration",3.csv,Data Engineer / Data Architect,3.7,etl processes|data pipelines|data processing|data warehousing|data migration|data infrastructure|data quality|database management|data modeling|data systems|data handling|etl|data flow|data integration|deployment,15,Bengaluru,Mid,False,,,Data Engineer,Data Engineer / Architect,data integration|data quality|database management|data flow|data pipelines|etl processes|data warehousing|data modeling|deployment|etl|data systems|data handling|data infrastructure|data processing|data migration
20926925781,Data Engineer,Data Engineer,Software Development,Engineering - Software & QA,"Full Time, Permanent",IT Services & Consulting,3,8,3-8 Yrs,Accenture,Bengaluru,,0.0,0.0,True,Not Disclosed,2026-09-02 16:06:41,"Minimum 3 years experience with Large Language Models (LLMs) and 15 years full-time education|Design, develop, and maintain data pipelines and ETL processes; ensure data quality and support cross-team collaboration",3.csv,Data Engineer / Data Architect,3.7,data formats|data management|etl processes|data pipelines|data processing|workflows|data quality|data storage|large language models|etl|data flow|data integration|deployment,13,Bengaluru,Mid,False,,,Data Engineer,Data Engineer / Architect,data integration|data quality|data storage|data formats|large language models|data pipelines|data flow|etl processes|workflows|deployment|etl|data management|data processing
20926925741,Data Engineer,Data Engineer,Software Development,Engineering - Software & QA,"Full Time, Permanent",IT Services & Consulting,5,10,5-10 Yrs,Accenture,Bengaluru,,0.0,0.0,True,Not Disclosed,2026-09-02 16:06:01,"Minimum 5 years experience in Data Modeling Techniques and Methodologies with 15 years full time education|Design, develop and maintain data pipelines, implement ETL processes, lead team decisions, and mentor junior members",3.csv,Data Engineer / Data Architect,3.7,data pipelines|data engineer|data processing|data warehousing|data architecture|data migration|database design|data quality|data modeling|quality assurance|data governance|etl|data flow|data integration|deployment,15,Bengaluru,Mid,False,,,Data Engineer,Data Engineer / Architect,data integration|quality assurance|data architecture|data quality|data engineer|data governance|data pipelines|data flow|data warehousing|database design|data modeling|deployment|etl|data migration|data processing
20926925684,Data Engineer,Data Engineer,Software Development,Engineering - Software & QA,"Full Time, Permanent",IT Services & Consulting,5,10,5-10 Yrs,Accenture,Bengaluru,,0.0,0.0,True,Not Disclosed,2026-09-02 16:05:09,"Minimum 5 years experience in Data Modeling Techniques and Methodologies with 15 years full-time education|Design, develop, and maintain data solutions including data pipelines, ETL processes, and ensure data quality; lead and mentor team; coordinate cross-functional data architecture efforts",3.csv,Data Engineer / Data Architect,3.7,data pipelines|data engineer|data processing|data warehousing|data architecture|data migration|workflows|database design|data quality|data modeling|etl|data flow|data integration|deployment,14,Bengaluru,Mid,False,,,Data Engineer,Data Engineer / Architect,data integration|data architecture|data quality|data engineer|data flow|data pipelines|data warehousing|database design|data modeling|workflows|deployment|etl|data migration|data processing
20926925672,Data Engineer,Data Engineer,Software Development,Engineering - Software & QA,"Full Time, Permanent",IT Services & Consulting,5,10,5-10 Yrs,Accenture,Bengaluru,,0.0,0.0,True,Not Disclosed,2026-09-02 16:05:02,"Minimum 5 years experience with PySpark and 15 years full-time education|Design, develop, and maintain data pipelines and ETL workflows; lead team decisions and resolve data challenges",3.csv,Data Engineer / Data Architect,3.7,data quality|data storage|data modeling|data pipelines|data engineer|data processing|pyspark|workflows|etl|distributed computing|deployment,11,Bengaluru,Mid,False,,,Data Engineer,Data Engineer / Architect,apache spark|data quality|data storage|data engineer|data pipelines|data modeling|workflows|deployment|etl|distributed computing|data processing
20926925518,Data Engineer,Data Engineer,Software Development,Engineering - Software & QA,"Full Time, Permanent",IT Services & Consulting,12,17,12-17 Yrs,Accenture,Bengaluru,,0.0,0.0,True,Not Disclosed,2026-09-02 16:02:48,"12 years experience with Microsoft Azure Databricks and 15 years full-time education|Design, develop and maintain data pipelines and ETL processes; lead team decisions and mentor juniors; coordinate cross-functional data strategies",3.csv,Data Engineer / Data Architect,3.7,etl processes|workday|business requirements|data pipelines|data engineer|databricks|microsoft azure|workflows|data engineering|cloud|data quality|data storage|data governance|etl|data integration|deployment,16,Bengaluru,Senior,False,,,Data Engineer,Data Engineer / Architect,data integration|data governance|data quality|data storage|data engineer|azure|data pipelines|databricks|data engineering|workday|etl processes|workflows|deployment|etl|cloud|business requirements
10926933719,Data Engineer - RegTech,Data Engineer,Software Development,Engineering - Software & QA,"Full Time, Permanent",IT Services & Consulting,7,12,7-12 Yrs,Infosys,Bengaluru,,0.0,0.0,True,Not Disclosed,2026-09-01 17:55:33,"7+ years in data engineering with expertise in SQL, PostgreSQL, data ingestion pipelines, canonical data models, and data quality validation|Design and build data ingestion pipelines, implement data transformations and validation, develop data quality checks, collaborate with AI engineers, and support data governance and performance tuning",3.csv,Data Engineer / Data Architect,3.5,Airflow|Data Ingestion|Data Handling|Azure|Data Engineering|Apis|Csv|Big Data|Data Formats|Analytics|Azure Data Factory|Data Quality|Data Engineer|Data Lake|Data Modeling|Data Processing|Batch Processing|Data Models,18,Bengaluru,Senior,False,,,Data Engineer,Data Engineer / Architect,csv|data quality|azure|data formats|analytics|data engineer|data engineering|data models|data lake|batch processing|data modeling|azure data factory|airflow|big data|data ingestion|data handling|apis|data processing
10926932709,Data Engineer,Data Engineer,Software Development,Engineering - Software & QA,"Full Time, Permanent",IT Services & Consulting,3,8,3-8 Yrs,Accenture,Bengaluru,,0.0,0.0,True,Not Disclosed,2026-09-01 17:49:01,"Minimum 3 years experience with Databricks Unified Data Analytics Platform and 15 years full-time education|Design, develop, and maintain data pipelines and ETL processes; ensure data quality; collaborate with teams to support data strategy and business intelligence",3.csv,Data Engineer / Data Architect,3.7,python|data analytics|data pipelines|scala|databricks|data warehousing|cloud platforms|business intelligence|javascript|redis|sql|analytics|data quality|etl|mongodb|data integration|programming|architecture,18,Bengaluru,Mid,False,,,Data Engineer,Data Engineer / Architect,data integration|data analytics|javascript|data quality|databricks|data pipelines|analytics|data warehousing|scala|mongodb|etl|architecture|programming|python|cloud platforms|business intelligence|sql|redis
250926909044,Data Scientist / Machine Learning Engineer,Data Scientist,Data Science & Machine Learning,Data Science & Analytics,"Full Time, Permanent",IT Services & Consulting,7,12,7-12 Yrs,Consult Asia,Bengaluru,,1500000.0,3000000.0,False,15-30 Lacs,2026-09-25 12:40:29,"Experience in Python, ML algorithms, TensorFlow/PyTorch, SQL, and predictive modeling|Develop and deploy ML models, perform data analysis and feature engineering, build predictive solutions, optimize algorithms, and collaborate with stakeholders",4.csv,Data Scientist / ML Engineer,,Predictive Modeling|EDA|Power BI|AI Algorithms|Feature Engineering|Scikit-learn|Model Building|Statistics|NumPy|Deep Learning|Data Science|NLP|MLOps basics|Model Deployment|Computer Vision|Python|Predictive Analytics,17,Bengaluru,Senior,True,1500000.0,3000000.0,Data Scientist,Data Scientist / ML Engineer,scikit-learn|feature engineering|model building|nlp|numpy|mlops basics|python|model deployment|ai algorithms|predictive modeling|power bi|computer vision|predictive analytics|statistics|eda|data science|deep learning
140926905525,Data Scientist / Machine Learning Engineer,Blockchain Quality Assurance Engineer,Quality Assurance and Testing,Engineering - Software & QA,"Full Time, Permanent",Software Product,5,10,5-10 Yrs,LateShipment.com,Chennai,,0.0,0.0,True,Not Disclosed,2026-09-14 12:08:33,"5+ years software development with Python and AI/ML automation expertise, experience with NetSuite ERP and Shopify APIs preferred|Analyze workflows, design and deploy scalable AI/ML automation solutions, monitor and optimize systems, maintain documentation, collaborate with stakeholders",4.csv,Data Scientist / ML Engineer,1.8,nltk|sql|tensorflow|spacy|java|gcp|devops|jenkins|pytorch|data scientist|azure|github|software development|airflow|workflow orchestration|ai|machine learning|llm|javascript|nosql|nlp|scrum|gitlab|terraform|agile|aws,26,Chennai,Mid,False,,,Blockchain Quality Assurance Engineer,QA / Test Engineer,gitlab|machine learning|agile|workflow orchestration|devops|data scientist|spacy|software development|llm/gen ai|pytorch|gcp|java|jenkins|scrum|airflow|javascript|git|nosql|tensorflow|ai|azure|terraform|nlp|nltk|aws|sql
140926905524,Data Scientist / Machine Learning Engineer,Blockchain Quality Assurance Engineer,Quality Assurance and Testing,Engineering - Software & QA,"Full Time, Permanent",IT Services & Consulting,5,7,5-7 Yrs,LateShipment.com,Chennai,,0.0,0.0,True,Not Disclosed,2026-09-14 12:08:32,"5+ years software development with Python and AI/ML automation expertise, experience with NetSuite ERP and Shopify APIs a plus|Analyze workflows, design and deploy scalable AI/ML automation solutions, maintain systems, optimize performance, and document technical processes",4.csv,Data Scientist / ML Engineer,1.8,Airflow|Tensorflow|Ai|Llm|Machine Learning|Devops|Workflow Orchestration|Software Development|Nlp|Terraform|Javascript|Agile|Scrum|Aws|Python|Java|Azure|Github|Sql|Jenkins|Pytorch|Nltk|Nosql|Gcp|Spacy|Gitlab,26,Chennai,Mid,False,,,Blockchain Quality Assurance Engineer,QA / Test Engineer,gitlab|machine learning|agile|workflow orchestration|devops|llm/gen ai|software development|spacy|python|pytorch|gcp|java|jenkins|scrum|airflow|javascript|git|nosql|tensorflow|ai|azure|terraform|nlp|nltk|aws|sql
250926909088,Data Scientist / Machine Learning Engineer,Data Scientist,Data Science & Machine Learning,Data Science & Analytics,"Full Time, Permanent",IT Services & Consulting,7,12,7-12 Yrs,Consult Asia,Thane,,1500000.0,3000000.0,False,15-30 Lacs,2026-09-25 12:40:53,"Experience in Python, ML algorithms, TensorFlow/PyTorch, SQL, and predictive modeling|Develop and deploy ML models, perform data analysis and feature engineering, build predictive solutions, optimize algorithms, collaborate with stakeholders, ensure scalable data-driven solutions",4.csv,Data Scientist / ML Engineer,,Predictive Modeling|EDA|Power BI|AI Algorithms|Feature Engineering|Scikit-learn|Model Building|Statistics|NumPy|Deep Learning|Data Science|NLP|MLOps basics|Model Deployment|Computer Vision|Python|Predictive Analytics,17,Thane,Senior,True,1500000.0,3000000.0,Data Scientist,Data Scientist / ML Engineer,scikit-learn|feature engineering|model building|nlp|numpy|mlops basics|python|model deployment|ai algorithms|predictive modeling|power bi|computer vision|predictive analytics|statistics|eda|data science|deep learning
250926909087,Data Scientist / Machine Learning Engineer,Data Scientist,Data Science & Machine Learning,Data Science & Analytics,"Full Time, Permanent",IT Services & Consulting,7,12,7-12 Yrs,Consult Asia,Mumbai Suburban,,1500000.0,3000000.0,False,15-30 Lacs,2026-09-25 12:40:52,"Experience in Python, ML algorithms, TensorFlow/PyTorch, SQL, and predictive modeling|Develop and deploy ML models, perform data analysis and feature engineering, build predictive solutions, optimize algorithms, collaborate with stakeholders, ensure scalable data-driven solutions",4.csv,Data Scientist / ML Engineer,,Predictive Modeling|EDA|Power BI|AI Algorithms|Feature Engineering|Scikit-learn|Model Building|Statistics|NumPy|Deep Learning|Data Science|NLP|MLOps basics|Model Deployment|Computer Vision|Python|Predictive Analytics,17,Mumbai,Senior,True,1500000.0,3000000.0,Data Scientist,Data Scientist / ML Engineer,scikit-learn|feature engineering|model building|nlp|numpy|mlops basics|python|model deployment|ai algorithms|predictive modeling|power bi|computer vision|predictive analytics|statistics|eda|data science|deep learning
250926909086,Data Scientist / Machine Learning Engineer,Data Scientist,Data Science & Machine Learning,Data Science & Analytics,"Full Time, Permanent",IT Services & Consulting,7,12,7-12 Yrs,Consult Asia,Navi Mumbai,,1500000.0,3000000.0,False,15-30 Lacs,2026-09-25 12:40:51,"Experience in Python, ML algorithms, TensorFlow/PyTorch, SQL, and predictive modeling|Develop and deploy ML models, perform data analysis and feature engineering, build predictive solutions, optimize algorithms, collaborate with stakeholders, ensure scalable data-driven solutions",4.csv,Data Scientist / ML Engineer,,Predictive Modeling|EDA|Power BI|AI Algorithms|Feature Engineering|Scikit-learn|Model Building|Statistics|NumPy|Deep Learning|Data Science|NLP|MLOps basics|Model Deployment|Computer Vision|Python|Predictive Analytics,17,Mumbai,Senior,True,1500000.0,3000000.0,Data Scientist,Data Scientist / ML Engineer,scikit-learn|feature engineering|model building|nlp|numpy|mlops basics|python|model deployment|ai algorithms|predictive modeling|power bi|computer vision|predictive analytics|statistics|eda|data science|deep learning
250926909085,Data Scientist / Machine Learning Engineer,Data Scientist,Data Science & Machine Learning,Data Science & Analytics,"Full Time, Permanent",IT Services & Consulting,7,12,7-12 Yrs,Consult Asia,Mumbai,,1500000.0,3000000.0,False,15-30 Lacs,2026-09-25 12:40:50,"Experience in Python, ML algorithms, TensorFlow/PyTorch, SQL, and predictive modeling|Develop and deploy ML models, perform data analysis and feature engineering, build predictive solutions, optimize algorithms, collaborate with stakeholders, ensure scalable data-driven solutions",4.csv,Data Scientist / ML Engineer,,Predictive Modeling|EDA|Power BI|AI Algorithms|Feature Engineering|Scikit-learn|Model Building|Statistics|NumPy|Deep Learning|Data Science|NLP|MLOps basics|Model Deployment|Computer Vision|Python|Predictive Analytics,17,Mumbai,Senior,True,1500000.0,3000000.0,Data Scientist,Data Scientist / ML Engineer,scikit-learn|feature engineering|model building|nlp|numpy|mlops basics|python|model deployment|ai algorithms|predictive modeling|power bi|computer vision|predictive analytics|statistics|eda|data science|deep learning
250926909084,Data Scientist / Machine Learning Engineer,Data Scientist,Data Science & Machine Learning,Data Science & Analytics,"Full Time, Permanent",IT Services & Consulting,7,12,7-12 Yrs,Consult Asia,Nagpur,,1500000.0,3000000.0,False,15-30 Lacs,2026-09-25 12:40:49,"Experience in Python, ML algorithms, TensorFlow/PyTorch, SQL, and predictive modeling|Develop and deploy ML models, perform data analysis and feature engineering, build predictive solutions, optimize algorithms, collaborate with stakeholders, ensure scalable data-driven solutions",4.csv,Data Scientist / ML Engineer,,Predictive Modeling|EDA|Power BI|AI Algorithms|Feature Engineering|Scikit-learn|Model Building|Statistics|NumPy|Deep Learning|Data Science|NLP|MLOps basics|Model Deployment|Computer Vision|Python|Predictive Analytics,17,Nagpur,Senior,True,1500000.0,3000000.0,Data Scientist,Data Scientist / ML Engineer,scikit-learn|feature engineering|model building|nlp|numpy|mlops basics|python|model deployment|ai algorithms|predictive modeling|power bi|computer vision|predictive analytics|statistics|eda|data science|deep learning
250926909079,Data Scientist / Machine Learning Engineer,Data Scientist,Data Science & Machine Learning,Data Science & Analytics,"Full Time, Permanent",IT Services & Consulting,7,12,7-12 Yrs,Consult Asia,Lucknow,,1500000.0,3000000.0,False,15-30 Lacs,2026-09-25 12:40:47,"Experience in Python, ML algorithms, TensorFlow/PyTorch, SQL, and predictive modeling|Develop and deploy ML models, perform data analysis and feature engineering, build predictive solutions, optimize algorithms, and collaborate with stakeholders",4.csv,Data Scientist / ML Engineer,,Predictive Modeling|EDA|Power BI|AI Algorithms|Feature Engineering|Scikit-learn|Model Building|Statistics|NumPy|Deep Learning|Data Science|NLP|MLOps basics|Model Deployment|Computer Vision|Python|Predictive Analytics,17,Lucknow,Senior,True,1500000.0,3000000.0,Data Scientist,Data Scientist / ML Engineer,scikit-learn|feature engineering|model building|nlp|numpy|mlops basics|python|model deployment|ai algorithms|predictive modeling|power bi|computer vision|predictive analytics|statistics|eda|data science|deep learning
250926909078,Data Scientist / Machine Learning Engineer,Data Scientist,Data Science & Machine Learning,Data Science & Analytics,"Full Time, Permanent",IT Services & Consulting,7,12,7-12 Yrs,Consult Asia,Kochi,,1500000.0,3000000.0,False,15-30 Lacs,2026-09-25 12:40:46,"Experience in Python, ML algorithms, TensorFlow/PyTorch, SQL, and predictive modeling|Develop and deploy ML models, perform data analysis and feature engineering, build predictive solutions, optimize algorithms, collaborate with stakeholders, ensure scalable data-driven solutions",4.csv,Data Scientist / ML Engineer,,Predictive Modeling|EDA|Power BI|AI Algorithms|Feature Engineering|Scikit-learn|Model Building|Statistics|NumPy|Deep Learning|Data Science|NLP|MLOps basics|Model Deployment|Computer Vision|Python|Predictive Analytics,17,Kochi,Senior,True,1500000.0,3000000.0,Data Scientist,Data Scientist / ML Engineer,scikit-learn|feature engineering|model building|nlp|numpy|mlops basics|python|model deployment|ai algorithms|predictive modeling|power bi|computer vision|predictive analytics|statistics|eda|data science|deep learning
250926909075,Data Scientist / Machine Learning Engineer,Data Scientist,Data Science & Machine Learning,Data Science & Analytics,"Full Time, Permanent",IT Services & Consulting,7,12,7-12 Yrs,Consult Asia,Coimbatore,,1500000.0,3000000.0,False,15-30 Lacs,2026-09-25 12:40:45,"Experience in Python, ML algorithms, TensorFlow/PyTorch, SQL, and predictive modeling|Develop and deploy ML models, perform data analysis and feature engineering, build predictive solutions, optimize algorithms, collaborate with stakeholders, ensure scalable data-driven solutions",4.csv,Data Scientist / ML Engineer,,Predictive Modeling|EDA|Power BI|AI Algorithms|Feature Engineering|Scikit-learn|Model Building|Statistics|NumPy|Deep Learning|Data Science|NLP|MLOps basics|Model Deployment|Computer Vision|Python|Predictive Analytics,17,Coimbatore,Senior,True,1500000.0,3000000.0,Data Scientist,Data Scientist / ML Engineer,scikit-learn|feature engineering|model building|nlp|numpy|mlops basics|python|model deployment|ai algorithms|predictive modeling|power bi|computer vision|predictive analytics|statistics|eda|data science|deep learning
250926909072,Data Scientist / Machine Learning Engineer,Data Scientist,Data Science & Machine Learning,Data Science & Analytics,"Full Time, Permanent",IT Services & Consulting,7,12,7-12 Yrs,Consult Asia,Surat,,1500000.0,3000000.0,False,15-30 Lacs,2026-09-25 12:40:44,"Experience in Python, ML algorithms, TensorFlow/PyTorch, SQL, and predictive modeling|Develop and deploy ML models, perform data analysis and feature engineering, build predictive solutions, optimize algorithms, and collaborate with stakeholders",4.csv,Data Scientist / ML Engineer,,Predictive Modeling|EDA|Power BI|AI Algorithms|Feature Engineering|Scikit-learn|Model Building|Statistics|NumPy|Deep Learning|Data Science|NLP|MLOps basics|Model Deployment|Computer Vision|Python|Predictive Analytics,17,Surat,Senior,True,1500000.0,3000000.0,Data Scientist,Data Scientist / ML Engineer,scikit-learn|feature engineering|model building|nlp|numpy|mlops basics|python|model deployment|ai algorithms|predictive modeling|power bi|computer vision|predictive analytics|statistics|eda|data science|deep learning
250926909070,Data Scientist / Machine Learning Engineer,Data Scientist,Data Science & Machine Learning,Data Science & Analytics,"Full Time, Permanent",IT Services & Consulting,7,12,7-12 Yrs,Consult Asia,Jaipur,,1500000.0,3000000.0,False,15-30 Lacs,2026-09-25 12:40:43,"Experience in Python, ML algorithms, TensorFlow/PyTorch, SQL, and predictive modeling|Develop and deploy ML models, perform data analysis and feature engineering, build predictive solutions, optimize algorithms, and collaborate with stakeholders",4.csv,Data Scientist / ML Engineer,,Predictive Modeling|EDA|Power BI|AI Algorithms|Feature Engineering|Scikit-learn|Model Building|Statistics|NumPy|Deep Learning|Data Science|NLP|MLOps basics|Model Deployment|Computer Vision|Python|Predictive Analytics,17,Jaipur,Senior,True,1500000.0,3000000.0,Data Scientist,Data Scientist / ML Engineer,scikit-learn|feature engineering|model building|nlp|numpy|mlops basics|python|model deployment|ai algorithms|predictive modeling|power bi|computer vision|predictive analytics|statistics|eda|data science|deep learning
250926909066,Data Scientist / Machine Learning Engineer,Data Scientist,Data Science & Machine Learning,Data Science & Analytics,"Full Time, Permanent",IT Services & Consulting,7,12,7-12 Yrs,Consult Asia,Indore,,1500000.0,3000000.0,False,15-30 Lacs,2026-09-25 12:40:41,"Experience in Python, ML algorithms, TensorFlow/PyTorch, SQL, and predictive modeling|Develop and deploy ML models, perform data analysis and feature engineering, build predictive solutions, optimize algorithms, collaborate with stakeholders, ensure scalable data-driven solutions",4.csv,Data Scientist / ML Engineer,,Predictive Modeling|EDA|Power BI|AI Algorithms|Feature Engineering|Scikit-learn|Model Building|Statistics|NumPy|Deep Learning|Data Science|NLP|MLOps basics|Model Deployment|Computer Vision|Python|Predictive Analytics,17,Indore,Senior,True,1500000.0,3000000.0,Data Scientist,Data Scientist / ML Engineer,scikit-learn|feature engineering|model building|nlp|numpy|mlops basics|python|model deployment|ai algorithms|predictive modeling|power bi|computer vision|predictive analytics|statistics|eda|data science|deep learning
250926909065,Data Scientist / Machine Learning Engineer,Data Scientist,Data Science & Machine Learning,Data Science & Analytics,"Full Time, Permanent",IT Services & Consulting,7,12,7-12 Yrs,Consult Asia,Ahmedabad,,1500000.0,3000000.0,False,15-30 Lacs,2026-09-25 12:40:40,"Experience in Python, ML algorithms, TensorFlow/PyTorch, SQL, and predictive modeling|Develop and deploy ML models, perform data analysis and feature engineering, build predictive solutions, optimize algorithms, collaborate with stakeholders, ensure scalable data-driven solutions",4.csv,Data Scientist / ML Engineer,,Predictive Modeling|EDA|Power BI|AI Algorithms|Feature Engineering|Scikit-learn|Model Building|Statistics|NumPy|Deep Learning|Data Science|NLP|MLOps basics|Model Deployment|Computer Vision|Python|Predictive Analytics,17,Ahmedabad,Senior,True,1500000.0,3000000.0,Data Scientist,Data Scientist / ML Engineer,scikit-learn|feature engineering|model building|nlp|numpy|mlops basics|python|model deployment|ai algorithms|predictive modeling|power bi|computer vision|predictive analytics|statistics|eda|data science|deep learning
250926909064,Data Scientist / Machine Learning Engineer,Data Scientist,Data Science & Machine Learning,Data Science & Analytics,"Full Time, Permanent",IT Services & Consulting,7,12,7-12 Yrs,Consult Asia,Kolkata,,1500000.0,3000000.0,False,15-30 Lacs,2026-09-25 12:40:39,,4.csv,Data Scientist / ML Engineer,,Python|NLP|Predictive Modeling|NumPy|Scikit-learn|Deep Learning|Feature Engineering|Model Building|Predictive Analytics|Computer Vision|Data Science|EDA|Model Deployment|MLOps basics|Statistics|AI Algorithms|Power BI,17,Kolkata,Senior,True,1500000.0,3000000.0,Data Scientist,Data Scientist / ML Engineer,scikit-learn|feature engineering|model building|nlp|numpy|mlops basics|computer vision|predictive modeling|model deployment|predictive analytics|ai algorithms|power bi|statistics|eda|python|data science|deep learning
250926909061,Data Scientist / Machine Learning Engineer,Data Scientist,Data Science & Machine Learning,Data Science & Analytics,"Full Time, Permanent",IT Services & Consulting,7,12,7-12 Yrs,Consult Asia,Chennai,,1500000.0,3000000.0,False,15-30 Lacs,2026-09-25 12:40:38,Good problem-solving skills with experience in predictive modeling and real-world datasets,4.csv,Data Scientist / ML Engineer,,Predictive Modeling|EDA|Power BI|AI Algorithms|Feature Engineering|Scikit-learn|Model Building|Statistics|NumPy|Deep Learning|Data Science|NLP|MLOps basics|Model Deployment|Computer Vision|Python|Predictive Analytics,17,Chennai,Senior,True,1500000.0,3000000.0,Data Scientist,Data Scientist / ML Engineer,scikit-learn|feature engineering|model building|nlp|numpy|mlops basics|python|model deployment|ai algorithms|predictive modeling|power bi|computer vision|predictive analytics|statistics|eda|data science|deep learning
250926909060,Data Scientist / Machine Learning Engineer,Data Scientist,Data Science & Machine Learning,Data Science & Analytics,"Full Time, Permanent",IT Services & Consulting,7,12,7-12 Yrs,Consult Asia,Pune,,1500000.0,3000000.0,False,15-30 Lacs,2026-09-25 12:40:37,"Experience in Python, ML algorithms, TensorFlow/PyTorch, SQL, and predictive modeling|Develop and deploy ML models, perform data analysis and feature engineering, build predictive solutions, optimize algorithms, and collaborate with stakeholders",4.csv,Data Scientist / ML Engineer,,Predictive Modeling|EDA|Power BI|AI Algorithms|Feature Engineering|Scikit-learn|Model Building|Statistics|NumPy|Deep Learning|Data Science|NLP|MLOps basics|Model Deployment|Computer Vision|Python|Predictive Analytics,17,Pune,Senior,True,1500000.0,3000000.0,Data Scientist,Data Scientist / ML Engineer,scikit-learn|feature engineering|model building|nlp|numpy|mlops basics|python|model deployment|ai algorithms|predictive modeling|power bi|computer vision|predictive analytics|statistics|eda|data science|deep learning
250926909056,Data Scientist / Machine Learning Engineer,Data Scientist,Data Science & Machine Learning,Data Science & Analytics,"Full Time, Permanent",IT Services & Consulting,7,12,7-12 Yrs,Consult Asia,Mumbai (All Areas),,1500000.0,3000000.0,False,15-30 Lacs,2026-09-25 12:40:35,"Experience in Python, ML algorithms, TensorFlow/PyTorch, SQL, and predictive modeling|Develop and deploy ML models, perform data analysis and feature engineering, build predictive solutions, optimize algorithms, and collaborate with stakeholders",4.csv,Data Scientist / ML Engineer,,Predictive Modeling|EDA|Power BI|AI Algorithms|Feature Engineering|Scikit-learn|Model Building|Statistics|NumPy|Deep Learning|Data Science|NLP|MLOps basics|Model Deployment|Computer Vision|Python|Predictive Analytics,17,Mumbai,Senior,True,1500000.0,3000000.0,Data Scientist,Data Scientist / ML Engineer,scikit-learn|feature engineering|model building|nlp|numpy|mlops basics|python|model deployment|ai algorithms|predictive modeling|power bi|computer vision|predictive analytics|statistics|eda|data science|deep learning
250926909052,Data Scientist / Machine Learning Engineer,Data Scientist,Data Science & Machine Learning,Data Science & Analytics,"Full Time, Permanent",IT Services & Consulting,7,12,7-12 Yrs,Consult Asia,Ghaziabad,,1500000.0,3000000.0,False,15-30 Lacs,2026-09-25 12:40:34,"Experience in Python, ML algorithms, TensorFlow/PyTorch, SQL, and predictive modeling|Develop and deploy ML models, perform data analysis and feature engineering, build predictive solutions, optimize algorithms, collaborate with stakeholders, ensure scalable data-driven solutions",4.csv,Data Scientist / ML Engineer,,Predictive Modeling|EDA|Power BI|AI Algorithms|Feature Engineering|Scikit-learn|Model Building|Statistics|NumPy|Deep Learning|Data Science|NLP|MLOps basics|Model Deployment|Computer Vision|Python|Predictive Analytics,17,Ghaziabad,Senior,True,1500000.0,3000000.0,Data Scientist,Data Scientist / ML Engineer,scikit-learn|feature engineering|model building|nlp|numpy|mlops basics|python|model deployment|ai algorithms|predictive modeling|power bi|computer vision|predictive analytics|statistics|eda|data science|deep learning
250926909051,Data Scientist / Machine Learning Engineer,Data Scientist,Data Science & Machine Learning,Data Science & Analytics,"Full Time, Permanent",IT Services & Consulting,7,12,7-12 Yrs,Consult Asia,Gurugram,,1500000.0,3000000.0,False,15-30 Lacs,2026-09-25 12:40:33,"Experience in Python, ML algorithms, TensorFlow/PyTorch, SQL, and predictive modeling|Develop and deploy ML models, perform data analysis and feature engineering, build predictive solutions, optimize algorithms, collaborate with stakeholders, ensure scalable data-driven solutions",4.csv,Data Scientist / ML Engineer,,Predictive Modeling|EDA|Power BI|AI Algorithms|Feature Engineering|Scikit-learn|Model Building|Statistics|NumPy|Deep Learning|Data Science|NLP|MLOps basics|Model Deployment|Computer Vision|Python|Predictive Analytics,17,Gurugram,Senior,True,1500000.0,3000000.0,Data Scientist,Data Scientist / ML Engineer,scikit-learn|feature engineering|model building|nlp|numpy|mlops basics|python|model deployment|ai algorithms|predictive modeling|power bi|computer vision|predictive analytics|statistics|eda|data science|deep learning
250926909050,Data Scientist / Machine Learning Engineer,Data Scientist,Data Science & Machine Learning,Data Science & Analytics,"Full Time, Permanent",IT Services & Consulting,7,12,7-12 Yrs,Consult Asia,Greater Noida,,1500000.0,3000000.0,False,15-30 Lacs,2026-09-25 12:40:32,"Experience in Python, ML algorithms, TensorFlow/PyTorch, SQL, and predictive modeling|Develop and deploy ML models, perform data analysis and feature engineering, build predictive solutions, optimize algorithms, collaborate with stakeholders, ensure scalable data-driven solutions",4.csv,Data Scientist / ML Engineer,,Predictive Modeling|EDA|Power BI|AI Algorithms|Feature Engineering|Scikit-learn|Model Building|Statistics|NumPy|Deep Learning|Data Science|NLP|MLOps basics|Model Deployment|Computer Vision|Python|Predictive Analytics,17,Greater Noida,Senior,True,1500000.0,3000000.0,Data Scientist,Data Scientist / ML Engineer,scikit-learn|feature engineering|model building|nlp|numpy|mlops basics|python|model deployment|ai algorithms|predictive modeling|power bi|computer vision|predictive analytics|statistics|eda|data science|deep learning
250926909049,Data Scientist / Machine Learning Engineer,Data Scientist,Data Science & Machine Learning,Data Science & Analytics,"Full Time, Permanent",IT Services & Consulting,7,12,7-12 Yrs,Consult Asia,Noida,,1500000.0,3000000.0,False,15-30 Lacs,2026-09-25 12:40:31,"Experience in Python, ML algorithms, TensorFlow/PyTorch, SQL, and predictive modeling|Develop and deploy ML models, perform data analysis and feature engineering, build predictive solutions, optimize algorithms, collaborate with stakeholders, ensure scalable data-driven solutions",4.csv,Data Scientist / ML Engineer,,Predictive Modeling|EDA|Power BI|AI Algorithms|Feature Engineering|Scikit-learn|Model Building|Statistics|NumPy|Deep Learning|Data Science|NLP|MLOps basics|Model Deployment|Computer Vision|Python|Predictive Analytics,17,Noida,Senior,True,1500000.0,3000000.0,Data Scientist,Data Scientist / ML Engineer,scikit-learn|feature engineering|model building|nlp|numpy|mlops basics|python|model deployment|ai algorithms|predictive modeling|power bi|computer vision|predictive analytics|statistics|eda|data science|deep learning
250926909047,Data Scientist / Machine Learning Engineer,Data Scientist,Data Science & Machine Learning,Data Science & Analytics,"Full Time, Permanent",IT Services & Consulting,7,12,7-12 Yrs,Consult Asia,New Delhi,,1500000.0,3000000.0,False,15-30 Lacs,2026-09-25 12:40:30,"Experience in Python, ML algorithms, TensorFlow/PyTorch, SQL, and predictive modeling|Develop and deploy ML models, perform data analysis and feature engineering, build predictive solutions, optimize algorithms, collaborate with stakeholders, ensure scalable data-driven solutions",4.csv,Data Scientist / ML Engineer,,Predictive Modeling|EDA|Power BI|AI Algorithms|Feature Engineering|Scikit-learn|Model Building|Statistics|NumPy|Deep Learning|Data Science|NLP|MLOps basics|Model Deployment|Computer Vision|Python|Predictive Analytics,17,New Delhi,Senior,True,1500000.0,3000000.0,Data Scientist,Data Scientist / ML Engineer,scikit-learn|feature engineering|model building|nlp|numpy|mlops basics|python|model deployment|ai algorithms|predictive modeling|power bi|computer vision|predictive analytics|statistics|eda|data science|deep learning
240926503117,Machine Learning Engineer II,Data Platform Engineer,Software Development,Engineering - Software & QA,"Full Time, Permanent",IT Services & Consulting,2,4,2-4 Yrs,Barracuda Networks,Bengaluru,,0.0,0.0,True,Not Disclosed,2026-09-24 16:50:06,Bachelors degree in computer science or electrical engineering| or equivalent work experience. 2-4 years of experience in creating and maintaining machine learning models. |You possess strong technical hands-on experience in delivering use cases and detection rules for multiple attack vectors through Machine learning|Experience working with Databricks and SQL.  . .,4.csv,Data Scientist / ML Engineer,3.4,algorithms|mlops|python|ai|databricks|electrical engineering|model deployment|knowledge graphs|machine learning|cybersecurity|research|mlflow|sql|cloud|deep learning|cyber|cloud architecture|rag|aws|architecture|azure|deployment,22,Bengaluru,Entry,False,,,Data Platform Engineer,Other IT,machine learning|cybersecurity|mlflow|knowledge graphs|cyber|python|deep learning|electrical engineering|algorithms|model deployment|research|mlops|deployment|rag|ai|cloud architecture|azure|databricks|aws|cloud|architecture|sql
210926011159,Data Scientist Machine Learning Engineer,Data Scientist,Data Science & Machine Learning,Data Science & Analytics,"Full Time, Permanent",IT Services & Consulting,4,6,4-6 Yrs,Bharat Powerhyrs,Gurugram,,0.0,0.0,True,Not Disclosed,2026-09-21 13:13:48,"Experience in ML model development with TensorFlow or PyTorch, expertise in Generative AI/LLMs or Agentic AI, and cloud platform deployment (AWS, Azure, or GCP)|Develop, train, evaluate, and deploy scalable ML models following industry standards",4.csv,Data Scientist / ML Engineer,,Pytorch|Agentic Ai,2,Gurugram,Mid,False,,,Data Scientist,Data Scientist / ML Engineer,pytorch|agentic ai
230926044350,Walk-in || AI / Machine Learning Engineer - Blackstraw.ai - Chennai- WFO,Machine Learning Engineer,Data Science & Machine Learning,Data Science & Analytics,"Full Time, Permanent",IT Services & Consulting,4,9,4-9 Yrs,Blackstraw Technologies,Chennai,,0.0,0.0,True,Not Disclosed,2026-09-23 23:11:17,"Bachelors or Masters degree in Computer Science,Artificial Intelligence,Machine Learning,Data Science,Engineering,or a related field|Experience taking ML models from prototype to production is highly preferred. |3+ years of relevant experience in AI / ML engineering or software engineering with substantial ML exposure",4.csv,Data Scientist / ML Engineer,4.3,Tensorflow|Langchain|FastAP|LLM|Scikit-Learn|Pytorch|Agentic Ai|MLOps|Docker|Computer Vision|Retrieval Augmented Generation|Kubernetes,12,Chennai,Mid,False,,,Machine Learning Engineer,Data Scientist / ML Engineer,tensorflow|scikit-learn|langchain|pytorch|agentic ai|docker|llm/gen ai|retrieval augmented generation|computer vision|mlops|fastap|kubernetes
240926502593,Machine Learning Engineer II,Machine Learning Engineer,Data Science & Machine Learning,Data Science & Analytics,"Full Time, Permanent",Film / Music / Entertainment,3,5,3-5 Yrs,Warner Bros. Discovery,Hyderabad,,0.0,0.0,True,Not Disclosed,2026-09-24 16:49:05,"Develop and productionize forecasting models for use cases such as audience growth,demand,yield,and pricing,ensuring models are monitored and continuously improved.  . Bring ML personalization signals,such as genre / content affinity and engagement trends,into batch and future real-time activation paths.",4.csv,Data Scientist / ML Engineer,3.9,data pipelines|execution planning|ai|downstream|databricks|deployment automation|advertising|data engineering|ad sales|data quality|automation|data science|ai development|feature engineering|aws|communication skills|deployment,17,Hyderabad,Mid,False,,,Machine Learning Engineer,Data Scientist / ML Engineer,ai|data quality|feature engineering|data pipelines|databricks|data engineering|ai development|deployment automation|communication skills|downstream|advertising|aws|deployment|execution planning|ad sales|automation|data science
210926907859,Data Scientist / Machine Learning Engineer,Blockchain Quality Assurance Engineer,Quality Assurance and Testing,Engineering - Software & QA,"Full Time, Permanent",Software Product,5,8,5-8 Yrs,LateShipment.com,Chennai,,0.0,0.0,True,Not Disclosed,2026-09-21 12:34:58,"5+ years software development with Python and AI/ML automation expertise, experience with NetSuite ERP and Shopify APIs a plus|Analyze workflows, design and deploy scalable AI/ML automation solutions, maintain systems and documentation, optimize performance, collaborate with stakeholders",4.csv,Data Scientist / ML Engineer,1.8,C#|GenAI/LLM tools|Java|Azure|CrewAI|NetSuite ERP|nltk|LangChain|Go|NLP libraries|Shopify APIs|ML/DL frameworks|LangGraph|PyTorch|GCP|JavaScript|RAG|AWS|TensorFlow|SpaCy,20,Chennai,Mid,False,,,Blockchain Quality Assurance Engineer,QA / Test Engineer,shopify apis|spacy|langgraph|genai/llm tools|c#|pytorch|gcp|java|rag|javascript|ml/dl frameworks|tensorflow|langchain|crewai|azure|netsuite erp|nltk|go|aws|nlp libraries
210926907881,Machine Learning Engineer,Machine Learning Engineer,Data Science & Machine Learning,Data Science & Analytics,"Full Time, Permanent",IT Services & Consulting,5,10,5-10 Yrs,Emperen Technologies,Bengaluru,,0.0,0.0,True,Not Disclosed,2026-09-21 12:35:12,"5+ years ML experience with strong math foundation in linear algebra, probability, calculus, and optimization; proficient in Python and deep learning frameworks; experience with ML Ops and cloud deployment|Design, develop, and deploy ML models; collaborate with cross-functional teams; optimize model performance and conduct mathematical analysis; stay updated with ML research",4.csv,Data Scientist / ML Engineer,,kubernetes|python|airflow|ai|numpy|docker|reinforcement learning|pandas|deep learning|tensorflow|seaborn|data science|model evaluation|spark|matplotlib|pytorch|feature engineering|keras|statistical modeling|dask,20,Bengaluru,Mid,False,,,Machine Learning Engineer,Data Scientist / ML Engineer,reinforcement learning|feature engineering|numpy|dask|model evaluation|kubernetes|data science|apache spark|pandas|python|deep learning|pytorch|keras|airflow|matplotlib|seaborn|tensorflow|ai|statistical modeling|docker
210926018352,Machine Learning Engineer,Software Development - Other,Software Development,Engineering - Software & QA,"Full Time, Permanent",IT Services & Consulting,4,8,4-8 Yrs,Allied Digital,Navi Mumbai,,0.0,0.0,True,Not Disclosed,2026-09-21 15:49:52,"Expertise in Python, TensorFlow, PyTorch, NLP & LLMs, cloud platforms, and MLOps|Design, develop, deploy ML/AI models; build NLP, CV, recommendation systems; manage AI models on cloud; implement MLOps; support chatbot development; monitor and optimize models",4.csv,Data Scientist / ML Engineer,3.1,LLM,1,Mumbai,Mid,False,,,Software Development - Other,Other IT,llm/gen ai
180926029839,Machine Learning Engineer,Other,Other,Other,"Full Time, Permanent",IT Services & Consulting,3,8,3-8 Yrs,Acura Solutions,Mumbai (All Areas),,1200000.0,1700000.0,False,12-17 Lacs,2026-09-18 17:57:26,"Expertise in LLMs, NLP, Generative AI, Deep Learning, and proficiency with Python, PyTorch/TensorFlow, Hugging Face|Develop, fine-tune, deploy, and optimize LLM/NLP and Generative AI models; perform prompt engineering and model evaluation; deploy models on AWS, Azure, or GCP",4.csv,Data Scientist / ML Engineer,,Pytorch|Tensorflow|Generative Ai Tools|Natural Language Processing|MLE|LLM|Computer Vision|Machine Learning|Deep Learning|Python,10,Mumbai,Mid,True,1200000.0,1700000.0,Other,Other IT,tensorflow|generative ai tools|pytorch|machine learning|nlp|llm/gen ai|mle|computer vision|python|deep learning
220926038967,Machine Learning Engineer,Machine Learning Engineer,Data Science & Machine Learning,Data Science & Analytics,"Full Time, Permanent",IT Services & Consulting,0,1,0-1 Yrs,Dsights,Bengaluru,,,,False,Unpaid,2026-09-22 17:05:16,"Strong Python skills with pandas, NumPy, scikit-learn; experience with XGBoost, LightGBM, CatBoost; hands-on with PyTorch or TensorFlow; completed end-to-end tabular ML project|Clean and analyze tabular data; build and evaluate classification and regression models; develop tree-based ensembles and neural networks; create reproducible Python pipelines; document and integrate models|Paid internship from 2nd month onwards based on deliverables",4.csv,Data Scientist / ML Engineer,3.6,Ai Algorithms|Ai Techniques|generative ai|Ai Solutions|Ai Platform,5,Bengaluru,Entry,True,,,Machine Learning Engineer,Data Scientist / ML Engineer,ai solutions|llm/gen ai|ai techniques|ai platform|ai algorithms
210926504742,"Applied Machine Learning Engineer, Apple Intelligence",Software Development - Other,Software Development,Engineering - Software & QA,"Full Time, Permanent",Consumer Electronics & Appliances,5,10,5-10 Yrs,Apple,Bengaluru,,0.0,0.0,True,Not Disclosed,2026-09-21 18:21:57,,4.csv,Data Scientist / ML Engineer,4.3,Architect|Product engineering|Coding|Debugging|Machine learning|Software development life cycle|Programming|Transition|Deployment,9,Bengaluru,Mid,False,,,Software Development - Other,Other IT,coding|machine learning|debugging|software development life cycle|architect|deployment|transition|programming|product engineering
251125028466,Machine Learning Engineer,Machine Learning Engineer,Data Science & Machine Learning,Data Science & Analytics,"Full Time, Permanent",IT Services & Consulting,6,11,6-11 Yrs,Anlage Infotech,Bengaluru,,0.0,0.0,True,Not Disclosed,2026-09-21 17:00:29,"Masters in CS or related field with 5+ years in ML Engineering, expert Python coding, strong software engineering fundamentals|Design, develop, deploy, and maintain AI-powered products using Python and ML lifecycle management",4.csv,Data Scientist / ML Engineer,,Algorithm Development|SQL|ML Algorithms|MLOps|Ai Algorithms|Algorithm Design|Data Structures and Algorithms|Machine Learning Algorithms|Data Modeling,9,Bengaluru,Mid,False,,,Machine Learning Engineer,Data Scientist / ML Engineer,ml algorithms|data structures and algorithms|algorithm development|ai algorithms|algorithm design|data modeling|mlops|sql|machine learning algorithms
210926907970,Machine Learning Engineer,Machine Learning Engineer,Data Science & Machine Learning,Data Science & Analytics,"Full Time, Permanent",IT Services & Consulting,5,10,5-10 Yrs,Emperen Technologies,Kanpur,,0.0,0.0,True,Not Disclosed,2026-09-21 12:35:59,"5+ years ML experience with strong foundation in Linear Algebra, Probability, Statistics, Calculus, and proficiency in Python and deep learning frameworks|Design, develop, and deploy ML models; collaborate with teams to integrate ML solutions; optimize model performance and conduct mathematical analysis",4.csv,Data Scientist / ML Engineer,,kubernetes|python|airflow|ai|numpy|docker|reinforcement learning|pandas|deep learning|tensorflow|seaborn|data science|model evaluation|spark|matplotlib|pytorch|feature engineering|keras|statistical modeling|dask,20,Kanpur,Mid,False,,,Machine Learning Engineer,Data Scientist / ML Engineer,reinforcement learning|feature engineering|numpy|dask|model evaluation|kubernetes|data science|apache spark|pandas|python|deep learning|pytorch|keras|airflow|matplotlib|seaborn|tensorflow|ai|statistical modeling|docker
210926907968,Machine Learning Engineer,Machine Learning Engineer,Data Science & Machine Learning,Data Science & Analytics,"Full Time, Permanent",IT Services & Consulting,5,10,5-10 Yrs,Emperen Technologies,Hyderabad,,0.0,0.0,True,Not Disclosed,2026-09-21 12:35:58,"5+ years ML experience with strong math foundations in linear algebra, probability, calculus, and optimization; proficient in Python and deep learning frameworks; experience with ML Ops and cloud deployment|Design, develop, and deploy ML models; collaborate with cross-functional teams; optimize algorithms and model performance; conduct mathematical analysis for robustness and scalability",4.csv,Data Scientist / ML Engineer,,kubernetes|python|airflow|ai|numpy|docker|reinforcement learning|pandas|deep learning|tensorflow|seaborn|data science|model evaluation|spark|matplotlib|pytorch|feature engineering|keras|statistical modeling|dask,20,Hyderabad,Mid,False,,,Machine Learning Engineer,Data Scientist / ML Engineer,reinforcement learning|feature engineering|numpy|dask|model evaluation|kubernetes|data science|apache spark|pandas|python|deep learning|pytorch|keras|airflow|matplotlib|seaborn|tensorflow|ai|statistical modeling|docker
210926907965,Machine Learning Engineer,Machine Learning Engineer,Data Science & Machine Learning,Data Science & Analytics,"Full Time, Permanent",IT Services & Consulting,5,10,5-10 Yrs,Emperen Technologies,Ahmedabad,,0.0,0.0,True,Not Disclosed,2026-09-21 12:35:57,"5+ years ML experience with strong foundation in Linear Algebra, Probability, Statistics, Calculus, and proficiency in Python and deep learning frameworks|Design, develop, and deploy ML models; collaborate with teams to integrate ML solutions; optimize model performance and conduct mathematical analysis",4.csv,Data Scientist / ML Engineer,,kubernetes|python|airflow|ai|numpy|docker|reinforcement learning|pandas|deep learning|tensorflow|seaborn|data science|model evaluation|spark|matplotlib|pytorch|feature engineering|keras|statistical modeling|dask,20,Ahmedabad,Mid,False,,,Machine Learning Engineer,Data Scientist / ML Engineer,reinforcement learning|feature engineering|numpy|dask|model evaluation|kubernetes|data science|apache spark|pandas|python|deep learning|pytorch|keras|airflow|matplotlib|seaborn|tensorflow|ai|statistical modeling|docker
210926907949,Machine Learning Engineer,Machine Learning Engineer,Data Science & Machine Learning,Data Science & Analytics,"Full Time, Permanent",IT Services & Consulting,5,10,5-10 Yrs,Emperen Technologies,Surat,,0.0,0.0,True,Not Disclosed,2026-09-21 12:35:49,"5+ years ML experience with strong math foundation in linear algebra, probability, calculus, and optimization; proficient in Python and deep learning frameworks; experience with ML Ops and cloud deployment|Design, develop, and deploy ML models; collaborate with cross-functional teams; optimize algorithms and model performance; conduct mathematical analysis; stay updated with ML research",4.csv,Data Scientist / ML Engineer,,kubernetes|python|airflow|ai|numpy|docker|reinforcement learning|pandas|deep learning|tensorflow|seaborn|data science|model evaluation|spark|matplotlib|pytorch|feature engineering|keras|statistical modeling|dask,20,Surat,Mid,False,,,Machine Learning Engineer,Data Scientist / ML Engineer,reinforcement learning|feature engineering|numpy|dask|model evaluation|kubernetes|data science|apache spark|pandas|python|deep learning|pytorch|keras|airflow|matplotlib|seaborn|tensorflow|ai|statistical modeling|docker
210926907947,Machine Learning Engineer,Machine Learning Engineer,Data Science & Machine Learning,Data Science & Analytics,"Full Time, Permanent",IT Services & Consulting,5,10,5-10 Yrs,Emperen Technologies,Noida,,0.0,0.0,True,Not Disclosed,2026-09-21 12:35:48,"5+ years ML experience with strong foundation in Linear Algebra, Probability, Statistics, Calculus, and proficiency in Python and deep learning frameworks|Design, develop, and deploy ML models; collaborate with teams to integrate solutions; optimize model performance through tuning and feature engineering",4.csv,Data Scientist / ML Engineer,,kubernetes|python|airflow|ai|numpy|docker|reinforcement learning|pandas|deep learning|tensorflow|seaborn|data science|model evaluation|spark|matplotlib|pytorch|feature engineering|keras|statistical modeling|dask,20,Noida,Mid,False,,,Machine Learning Engineer,Data Scientist / ML Engineer,reinforcement learning|feature engineering|numpy|dask|model evaluation|kubernetes|data science|apache spark|pandas|python|deep learning|pytorch|keras|airflow|matplotlib|seaborn|tensorflow|ai|statistical modeling|docker
210926907944,Machine Learning Engineer,Machine Learning Engineer,Data Science & Machine Learning,Data Science & Analytics,"Full Time, Permanent",IT Services & Consulting,5,10,5-10 Yrs,Emperen Technologies,New Delhi,,0.0,0.0,True,Not Disclosed,2026-09-21 12:35:47,"5+ years ML experience with strong foundation in Linear Algebra, Probability, Statistics, Calculus, and proficiency in Python and deep learning frameworks|Design, develop, and deploy ML models; collaborate with teams to integrate ML solutions; optimize model performance and conduct mathematical analysis",4.csv,Data Scientist / ML Engineer,,kubernetes|python|airflow|ai|numpy|docker|reinforcement learning|pandas|deep learning|tensorflow|seaborn|data science|model evaluation|spark|matplotlib|pytorch|feature engineering|keras|statistical modeling|dask,20,New Delhi,Mid,False,,,Machine Learning Engineer,Data Scientist / ML Engineer,reinforcement learning|feature engineering|numpy|dask|model evaluation|kubernetes|data science|apache spark|pandas|python|deep learning|pytorch|keras|airflow|matplotlib|seaborn|tensorflow|ai|statistical modeling|docker
210926907941,Machine Learning Engineer,Machine Learning Engineer,Data Science & Machine Learning,Data Science & Analytics,"Full Time, Permanent",IT Services & Consulting,5,10,5-10 Yrs,Emperen Technologies,Kolkata,,0.0,0.0,True,Not Disclosed,2026-09-21 12:35:46,"5+ years ML experience with strong foundation in Linear Algebra, Probability, Statistics, Calculus, and proficiency in Python and deep learning frameworks|Design, develop, and deploy ML models; collaborate with teams to integrate solutions; optimize model performance and conduct mathematical analysis",4.csv,Data Scientist / ML Engineer,,kubernetes|python|airflow|ai|numpy|docker|reinforcement learning|pandas|deep learning|tensorflow|seaborn|data science|model evaluation|spark|matplotlib|pytorch|feature engineering|keras|statistical modeling|dask,20,Kolkata,Mid,False,,,Machine Learning Engineer,Data Scientist / ML Engineer,reinforcement learning|feature engineering|numpy|dask|model evaluation|kubernetes|data science|apache spark|pandas|python|deep learning|pytorch|keras|airflow|matplotlib|seaborn|tensorflow|ai|statistical modeling|docker
210926907938,Machine Learning Engineer,Machine Learning Engineer,Data Science & Machine Learning,Data Science & Analytics,"Full Time, Permanent",IT Services & Consulting,5,10,5-10 Yrs,Emperen Technologies,Jaipur,,0.0,0.0,True,Not Disclosed,2026-09-21 12:35:45,"5+ years ML experience with strong foundation in linear algebra, probability, statistics, calculus, and proficiency in Python and deep learning frameworks|Design, develop, and deploy ML models; collaborate with teams to integrate ML solutions; optimize model performance through tuning and feature engineering",4.csv,Data Scientist / ML Engineer,,kubernetes|python|airflow|ai|numpy|docker|reinforcement learning|pandas|deep learning|tensorflow|seaborn|data science|model evaluation|spark|matplotlib|pytorch|feature engineering|keras|statistical modeling|dask,20,Jaipur,Mid,False,,,Machine Learning Engineer,Data Scientist / ML Engineer,reinforcement learning|feature engineering|numpy|dask|model evaluation|kubernetes|data science|apache spark|pandas|python|deep learning|pytorch|keras|airflow|matplotlib|seaborn|tensorflow|ai|statistical modeling|docker
210926907934,Machine Learning Engineer,Machine Learning Engineer,Data Science & Machine Learning,Data Science & Analytics,"Full Time, Permanent",IT Services & Consulting,5,10,5-10 Yrs,Emperen Technologies,Chennai,,0.0,0.0,True,Not Disclosed,2026-09-21 12:35:44,"5+ years ML experience with strong math foundation in linear algebra, probability, calculus, and optimization; proficient in Python and deep learning frameworks; experience with ML Ops and cloud deployment|Design, develop, and deploy ML models; collaborate with cross-functional teams; optimize model performance and conduct mathematical analysis of algorithms",4.csv,Data Scientist / ML Engineer,,kubernetes|python|airflow|ai|numpy|docker|reinforcement learning|pandas|deep learning|tensorflow|seaborn|data science|model evaluation|spark|matplotlib|pytorch|feature engineering|keras|statistical modeling|dask,20,Chennai,Mid,False,,,Machine Learning Engineer,Data Scientist / ML Engineer,reinforcement learning|feature engineering|numpy|dask|model evaluation|kubernetes|data science|apache spark|pandas|python|deep learning|pytorch|keras|airflow|matplotlib|seaborn|tensorflow|ai|statistical modeling|docker
210926907912,Machine Learning Engineer,Machine Learning Engineer,Data Science & Machine Learning,Data Science & Analytics,"Full Time, Permanent",IT Services & Consulting,5,10,5-10 Yrs,Emperen Technologies,Gurugram,,0.0,0.0,True,Not Disclosed,2026-09-21 12:35:31,"5+ years ML experience with strong math foundations in linear algebra, probability, calculus, and optimization|Design, develop, and deploy ML models; collaborate with teams to integrate solutions; optimize model performance and conduct mathematical analysis",4.csv,Data Scientist / ML Engineer,,kubernetes|python|airflow|ai|numpy|docker|reinforcement learning|pandas|deep learning|tensorflow|seaborn|data science|model evaluation|spark|matplotlib|pytorch|feature engineering|keras|statistical modeling|dask,20,Gurugram,Mid,False,,,Machine Learning Engineer,Data Scientist / ML Engineer,reinforcement learning|feature engineering|numpy|dask|model evaluation|kubernetes|data science|apache spark|pandas|python|deep learning|pytorch|keras|airflow|matplotlib|seaborn|tensorflow|ai|statistical modeling|docker
210926907901,Machine Learning Engineer,Machine Learning Engineer,Data Science & Machine Learning,Data Science & Analytics,"Full Time, Permanent",IT Services & Consulting,5,10,5-10 Yrs,Emperen Technologies,Pune,,0.0,0.0,True,Not Disclosed,2026-09-21 12:35:24,"5+ years ML experience with strong foundation in linear algebra, probability, statistics, calculus, and proficiency in Python and deep learning frameworks|Design, develop, and deploy ML models; collaborate with teams to integrate ML solutions; optimize model performance and conduct mathematical analysis",4.csv,Data Scientist / ML Engineer,,kubernetes|python|airflow|ai|numpy|docker|reinforcement learning|pandas|deep learning|tensorflow|seaborn|data science|model evaluation|spark|matplotlib|pytorch|feature engineering|keras|statistical modeling|dask,20,Pune,Mid,False,,,Machine Learning Engineer,Data Scientist / ML Engineer,reinforcement learning|feature engineering|numpy|dask|model evaluation|kubernetes|data science|apache spark|pandas|python|deep learning|pytorch|keras|airflow|matplotlib|seaborn|tensorflow|ai|statistical modeling|docker
210926907882,Machine Learning Engineer,Machine Learning Engineer,Data Science & Machine Learning,Data Science & Analytics,"Full Time, Permanent",IT Services & Consulting,5,10,5-10 Yrs,Emperen Technologies,Lucknow,,0.0,0.0,True,Not Disclosed,2026-09-21 12:35:13,"5+ years ML experience with strong foundation in Linear Algebra, Probability, Statistics, Calculus, and proficiency in Python and deep learning frameworks|Design, develop, and deploy ML models; collaborate with teams to integrate solutions; optimize model performance and conduct mathematical analysis",4.csv,Data Scientist / ML Engineer,,kubernetes|python|airflow|ai|numpy|docker|reinforcement learning|pandas|deep learning|tensorflow|seaborn|data science|model evaluation|spark|matplotlib|pytorch|feature engineering|keras|statistical modeling|dask,20,Lucknow,Mid,False,,,Machine Learning Engineer,Data Scientist / ML Engineer,reinforcement learning|feature engineering|numpy|dask|model evaluation|kubernetes|data science|apache spark|pandas|python|deep learning|pytorch|keras|airflow|matplotlib|seaborn|tensorflow|ai|statistical modeling|docker
210926504777,AI / Machine Learning Engineer,Data Engineer,Software Development,Engineering - Software & QA,"Full Time, Permanent",IT Services & Consulting,3,7,3-7 Yrs,Worksbot,Chennai,,0.0,0.0,True,Not Disclosed,2026-09-21 18:22:01,,4.csv,Data Scientist / ML Engineer,4.4,Training|Scalability|Machine learning|Flex|Programming|Deployment|Mathematics|Monitoring,8,Chennai,Mid,False,,,Data Engineer,Data Engineer / Architect,machine learning|training|mathematics|deployment|scalability|monitoring|programming|flex
180926915679,Machine Learning Engineer,Machine Learning Engineer,Data Science & Machine Learning,Data Science & Analytics,"Full Time, Permanent",IT Services & Consulting,5,10,5-10 Yrs,Emperen Technologies,Mumbai,,0.0,0.0,True,Not Disclosed,2026-09-18 12:45:58,"5+ years ML experience with strong foundation in Linear Algebra, Probability, Statistics, Calculus, and proficiency in Python and deep learning frameworks|Design, develop, and deploy ML models; collaborate with teams to integrate ML solutions; optimize model performance and conduct mathematical analysis",4.csv,Data Scientist / ML Engineer,,kubernetes|python|airflow|ai|numpy|docker|reinforcement learning|pandas|deep learning|tensorflow|seaborn|data science|model evaluation|spark|matplotlib|pytorch|feature engineering|keras|statistical modeling|dask,20,Mumbai,Mid,False,,,Machine Learning Engineer,Data Scientist / ML Engineer,reinforcement learning|feature engineering|numpy|dask|model evaluation|kubernetes|data science|apache spark|pandas|python|deep learning|pytorch|keras|airflow|matplotlib|seaborn|tensorflow|ai|statistical modeling|docker
110926504054,Principal Machine Learning Engineer,Search Engineer,Software Development,Engineering - Software & QA,"Full Time, Permanent",Pharmaceutical & Life Sciences,8,11,8-11 Yrs,Eli Lilly And Company,Bengaluru,,0.0,0.0,True,Not Disclosed,2026-09-11 16:20:12,"Experience working in Agile / Scrum environments| Bachelors or Masters degree in Computer Science,Computer Applications,or a related technical field. for further assistance|Demonstrated experience owning CI / CD,containerisation,and orchestration for production ML / AI systems",4.csv,Data Scientist / ML Engineer,3.2,gitops|kubernetes|ci/cd pipelines|cloud data|github|data platforms|ai|databricks|github actions|docker|cloud|claude|lambda|git|iam|aws cloud|ec2|cloudwatch|code review|agile|aws|architecture|communication skills|deployment,24,Bengaluru,Senior,False,,,Search Engineer,Other IT,agile|gitops|ec2|kubernetes|claude|data platforms|cloudwatch|communication skills|code review|iam|deployment|aws cloud|git|lambda|github actions|ai|cloud data|databricks|docker|ci/cd pipelines|aws|cloud|architecture
180325503453,Data Scientist / Machine Learning Engineer Gen AI & LLM,Machine Learning Engineer,Data Science & Machine Learning,Data Science & Analytics,"Full Time, Permanent",Building Material,3,7,3-7 Yrs,Databricks,Bengaluru,,0.0,0.0,True,Not Disclosed,2025-03-18 17:18:08,"Experience building production-grade machine learning deployments on AWS,Azure,or GCP. Graduate degree in a quantitative discipline (Computer Science,Engineering,Statistics,Operations Research,etc ) or equivalent practical experience. |Experience communicating and / or teaching technical concepts to non-technical and technical audiences alike.",4.csv,Data Scientist / ML Engineer,2.7,tensorflow|scikit-learn|gcp|pytorch|microsoft azure|aws|machine learning,7,Bengaluru,Mid,False,,,Machine Learning Engineer,Data Scientist / ML Engineer,tensorflow|scikit-learn|pytorch|azure|gcp|machine learning|aws
210926504874,Machine Learning Engineer,Blockchain Quality Assurance Engineer,Quality Assurance and Testing,Engineering - Software & QA,"Full Time, Permanent",Consumer Electronics & Appliances,5,10,5-10 Yrs,Apple,Bengaluru,,0.0,0.0,True,Not Disclosed,2026-09-21 18:22:11,,4.csv,Data Scientist / ML Engineer,4.3,Supply chain|Automation|Prototype|Analytical|Machine learning|System design|Continuous improvement|Forecasting|SQL,9,Bengaluru,Mid,False,,,Blockchain Quality Assurance Engineer,QA / Test Engineer,supply chain|analytical|continuous improvement|machine learning|prototype|system design|forecasting|sql|automation
160926500511,Machine Learning Engineer - AI Products & Agentic AI,Data Platform Engineer,Software Development,Engineering - Software & QA,"Full Time, Permanent",IT Services & Consulting,3,4,3-4 Yrs,Codincity Digital Technologies,Bengaluru,,0.0,0.0,True,Not Disclosed,2026-09-16 15:52:27,"Develop CI / CD and MLOps frameworks.  . Monitor,evaluate,and optimize AI systems for performance and reliability.  . Strong proficiency in Python and SQL.  |Preferred: Knowledge Graphs,Model Fine-tuning,Recommendation Systems,AI Copilots,and Enterprise Generative AI Applications|Experience with PyTorch,TensorFlow,and Hugging Face.  |Experience with FastAPI.",4.csv,Data Scientist / ML Engineer,4.8,GCP|Machine learning|Cloud|Deployment|AWS|Monitoring|SQL|Python,8,Bengaluru,Mid,False,,,Data Platform Engineer,Other IT,machine learning|gcp|aws|deployment|monitoring|cloud|python|sql
220926935054,"AI/ML Engineer-NLP, Python, Machine learning, RAG, Langchain, etc",Data Platform Engineer,Software Development,Engineering - Software & QA,"Full Time, Permanent",Retail,5,10,5-10 Yrs,Optum,Gurugram,Gurugram,0.0,0.0,True,Not Disclosed,2026-09-22 16:23:20,"Bachelor's or Master's in CS, AI, ML, or related field with 5+ years in enterprise AI/ML development; expertise in NLP, LLMs, RAG, Python, TensorFlow, PyTorch, LangChain, and MLOps platforms|Design, develop, deploy, and scale AI/ML and Generative AI solutions; build APIs and microservices; implement MLOps best practices; ensure model governance and Responsible AI principles; collaborate across teams and mentor engineers",4.csv,Data Scientist / ML Engineer,4.0,ai frameworks|ai solutions|ai|automated testing|artificial intelligence|analytics|automation|ai technologies|apis|automation solutions|azure ml|anthropic|business insights|azure openai|ai services|ai models|azure,17,Gurugram,Mid,False,,,Data Platform Engineer,Other IT,ai|ai solutions|artificial intelligence|ai technologies|automation solutions|analytics|azure|azure ml|anthropic|ai frameworks|ai services|azure openai|business insights|automated testing|automation|apis|ai models
240926013714,Machine Learning Engineer,Machine Learning Engineer,Data Science & Machine Learning,Data Science & Analytics,"Full Time, Permanent",IT Services & Consulting,6,9,6-9 Yrs,Affine Analytics,Bengaluru,,1500000.0,2750000.0,False,15-27.5 Lacs,2026-09-24 10:47:30,"6+ years software engineering with 4+ years in production ML systems; expertise in Java/Scala/Python, Kafka, Spark, AWS cloud infrastructure, and model serving frameworks|Design, build, and operate scalable ML pipelines, maintain low-latency model serving, own CI/CD for ML, ensure observability and data quality, mentor engineers, and participate in on-call rotations",4.csv,Data Scientist / ML Engineer,3.3,Tensorflow|Pytorch|Kafka|Machine Learning|AWS|Python,6,Bengaluru,Mid,True,1500000.0,2750000.0,Machine Learning Engineer,Data Scientist / ML Engineer,tensorflow|pytorch|machine learning|kafka|aws|python
130526502491,Machine Learning Engineer/Data Scientist,Full Stack Data Scientist,Data Science & Machine Learning,Data Science & Analytics,"Full Time, Permanent",IT Services & Consulting,2,7,2-7 Yrs,Innowise,Pune,,0.0,0.0,True,Not Disclosed,2026-05-13 18:15:39,,4.csv,Data Scientist / ML Engineer,3.5,Data analysis|Process optimization|Artificial Intelligence|Project management|Machine learning|Data mining|Business case|digital transformation|Robotics|Python,10,Pune,Entry,False,,,Full Stack Data Scientist,Data Scientist / ML Engineer,artificial intelligence|machine learning|project management|data mining|process optimization|robotics|business case|python|digital transformation|data analysis
40926015110,AI/Machine Learning Engineer Data Scientist,Data Scientist,Data Science & Machine Learning,Data Science & Analytics,"Full Time, Permanent",IT Services & Consulting,5,9,5-9 Yrs,Ingenium Digital,Chennai,,0.0,0.0,True,Not Disclosed,2026-09-04 13:12:49,"5+ years experience in Python, SQL, and Machine Learning with expertise in ML algorithms and statistical data analysis|Develop, optimize, and deploy ML models; write complex SQL queries; perform data preprocessing and feature engineering; collaborate with cross-functional teams; support model monitoring and tuning",4.csv,Data Scientist / ML Engineer,,Artificial Intelligence|Pandas|Advanced Analytics|Statistical Modeling|Numpy|ML,6,Chennai,Mid,False,,,Data Scientist,Data Scientist / ML Engineer,statistical modeling|artificial intelligence|machine learning|numpy|pandas|advanced analytics
170926923995,Machine Learning Engineer,Machine Learning Engineer,Data Science & Machine Learning,Data Science & Analytics,"Full Time, Permanent",IT Services & Consulting,4,6,4-6 Yrs,YO It Consulting,Noida,,0.0,0.0,True,Not Disclosed,2026-09-17 14:54:40,"4+ years hands-on ML development with expertise in Python, ML deployment, supervised/unsupervised learning, NLP, CV, and statistical modeling|Develop and maintain ML solutions, translate business requirements into ML code, optimize algorithms, collaborate with stakeholders, and support testing",4.csv,Data Scientist / ML Engineer,,time series analysis|python|natural language processing|neural networks|databricks|numpy|artificial intelligence|pandas|deep learning|nlp|data science|regression|computer vision|feature engineering|clustering,15,Noida,Mid,False,,,Machine Learning Engineer,Data Scientist / ML Engineer,feature engineering|time series analysis|artificial intelligence|neural networks|databricks|nlp|numpy|regression|computer vision|clustering|pandas|python|data science|deep learning
100926502486,AI / Machine Learning Engineer,Machine Learning Engineer,Data Science & Machine Learning,Data Science & Analytics,"Full Time, Permanent",IT Services & Consulting,3,6,3-6 Yrs,Kainskep,Jaipur,,0.0,0.0,True,Not Disclosed,2026-09-10 15:57:43,,4.csv,Data Scientist / ML Engineer,3.7,algorithms|python|data pipelines|natural language processing|ai|machine learning|programming languages|artificial intelligence|code quality|research|deep learning|tensorflow|java|computer vision|pytorch|programming,16,Jaipur,Mid,False,,,Machine Learning Engineer,Data Scientist / ML Engineer,tensorflow|ai|artificial intelligence|pytorch|code quality|data pipelines|nlp|algorithms|machine learning|programming languages|java|computer vision|research|programming|python|deep learning
160926500512,Machine Learning Engineer - AI Products & Agentic AI,Data Platform Engineer,Software Development,Engineering - Software & QA,"Full Time, Permanent",IT Services & Consulting,3,4,3-4 Yrs,Codincity Digital Technologies,Pune,,0.0,0.0,True,Not Disclosed,2026-09-16 15:52:27,"Develop CI / CD and MLOps frameworks.  . Monitor,evaluate,and optimize AI systems for performance and reliability.  . Strong proficiency in Python and SQL.  |Preferred: Knowledge Graphs,Model Fine-tuning,Recommendation Systems,AI Copilots,and Enterprise Generative AI Applications|Experience with PyTorch,TensorFlow,and Hugging Face.  |Experience with FastAPI.",4.csv,Data Scientist / ML Engineer,4.8,GCP|Machine learning|Cloud|Deployment|AWS|Monitoring|SQL|Python,8,Pune,Mid,False,,,Data Platform Engineer,Other IT,machine learning|gcp|aws|deployment|monitoring|cloud|python|sql
150926505077,Machine Learning Engineer - AI Products & Agentic AI,Data Platform Engineer,Software Development,Engineering - Software & QA,"Full Time, Permanent",IT Services & Consulting,3,4,3-4 Yrs,Codincity Digital Technologies,Chennai,,0.0,0.0,True,Not Disclosed,2026-09-15 18:14:51,"Develop CI / CD and MLOps frameworks.  . Monitor,evaluate,and optimize AI systems for performance and reliability.  . Strong proficiency in Python and SQL.  |Preferred: Knowledge Graphs,Model Fine-tuning,Recommendation Systems,AI Copilots,and Enterprise Generative AI Applications|Experience with PyTorch,TensorFlow,and Hugging Face.  |Experience with FastAPI.",4.csv,Data Scientist / ML Engineer,4.8,GCP|Machine learning|Cloud|Deployment|AWS|Monitoring|SQL|Python,8,Chennai,Mid,False,,,Data Platform Engineer,Other IT,machine learning|gcp|aws|deployment|monitoring|cloud|python|sql
240926031716,Machine Learning Engineer,Configuration and Deployment Management,IT Infrastructure Services,IT & Information Security,"Full Time, Permanent",IT Services & Consulting,4,9,4-9 Yrs,Deloitte Shared Services India,Gurugram,,0.0,0.0,True,Not Disclosed,2026-09-24 17:22:01,"4-12 years experience as Data Scientist/ML Engineer/GenAI expert with strong knowledge of EDA, NLP, RAG, LLMs, LangChain/llamaindex, FastAPI, and cloud (AWS)|Develop and deploy LLM-based solutions using APIs and open-source models, implement semantic search and embedding techniques, utilize runtimes like ONNX, Quantization, QLORA",4.csv,Data Scientist / ML Engineer,3.6,,0,Gurugram,Mid,False,,,Configuration and Deployment Management,Other IT,
240926500765,Machine Learning Engineer,Blockchain Quality Assurance Engineer,Quality Assurance and Testing,Engineering - Software & QA,"Full Time, Permanent",IT Services & Consulting,2,5,2-5 Yrs,Nanomindz Technologies,Hyderabad,,0.0,0.0,True,Not Disclosed,2026-09-24 16:46:36,,4.csv,Data Scientist / ML Engineer,4.2,algorithms|python|software development|data pipelines|mathematics|machine learning|programming languages|research|tensorflow|java|pytorch|programming|statistics,13,Hyderabad,Entry,False,,,Blockchain Quality Assurance Engineer,QA / Test Engineer,tensorflow|pytorch|data pipelines|algorithms|software development|machine learning|programming languages|java|mathematics|research|statistics|programming|python
110926005401,Machine Learning Operations Site Reliability Engineer,IT Infrastructure Services - Other,IT Infrastructure Services,IT & Information Security,"Full Time, Permanent",IT Services & Consulting,5,8,5-8 Yrs,Persistent,Bengaluru,,0.0,0.0,True,Not Disclosed,2026-09-11 10:51:55,"5-8 years in MLOps and Site Reliability Engineering with expertise in LLMOps, AI/ML deployment pipelines, Kubernetes, Docker, and cloud platforms|Design, implement, and maintain scalable MLOps and LLMOps pipelines; support production AI/ML platforms; develop and manage Agentic AI and RAG applications; implement CI/CD and observability frameworks; troubleshoot and optimize model performance|Competitive salary and benefits including health insurance, flexible work hours, and professional development opportunities",4.csv,Data Scientist / ML Engineer,3.6,RAG,1,Bengaluru,Mid,False,,,IT Infrastructure Services - Other,DevOps / Cloud,rag
90926027675,Machine Learning Engineer & Data Scientist,Other,Other,Other,"Full Time, Permanent",IT Services & Consulting,7,12,7-12 Yrs,HCLTech,Hyderabad,Bengaluru,0.0,0.0,True,Not Disclosed,2026-09-09 16:22:42,"7 years experience with Python, SQL, TensorFlow, Keras, PyTorch, and advanced data analysis libraries|Prepare and analyze data, develop and optimize machine learning models, create visualizations and reports, collaborate with teams, and automate data pipelines",4.csv,Data Scientist / ML Engineer,3.4,SQL,1,Hyderabad,Senior,False,,,Other,Other IT,sql
80926024371,Machine Learning Engineer / Data Scientist / Data Analyst,Other,Other,Other,"Full Time, Permanent",IT Services & Consulting,7,12,7-12 Yrs,HCLTech,Hyderabad,Bengaluru,500000.0,1500000.0,False,5-15 Lacs,2026-09-08 15:23:17,"7+ years experience in ML/DL frameworks, strong Python, SQL, Pandas, NumPy skills, knowledge of statistics and predictive modeling|Analyze and transform data, build and optimize ML models, create dashboards, deploy models, collaborate with teams",4.csv,Data Scientist / ML Engineer,3.4,,0,Hyderabad,Senior,True,500000.0,1500000.0,Other,Other IT,
100926918039,Machine Learning (ML) Trainee Engineer,Data Science & Machine Learning - Other,Data Science & Machine Learning,Data Science & Analytics,"Full Time, Permanent",IT Services & Consulting,0,1,0-1 Yrs,Interface Infosys,Chennai,Bengaluru,0.0,0.0,True,Not Disclosed,2026-09-10 13:21:51,"Logical and analytical thinking with programming and ML skills|Train, monitor, and evaluate state-of-the-art speech models",4.csv,Data Scientist / ML Engineer,,programming language|programming|ml,3,Chennai,Entry,False,,,Data Science & Machine Learning - Other,Data Scientist / ML Engineer,programming language|machine learning|programming
180926504716,Principal Machine Learning Engineer,Blockchain Quality Assurance Engineer,Quality Assurance and Testing,Engineering - Software & QA,"Full Time, Permanent",Aviation,12,17,12-17 Yrs,Ema Unlimited,Bengaluru,,0.0,0.0,True,Not Disclosed,2026-09-18 18:10:18,"Founded by former executives from Google,Coinbase,Flipkart,and Okta,our team includes engineers from premier tech companies and graduates of Stanford,MIT,UC Berkeley,CMU,and IITs|Bachelor s or Master s (or PhD) degree in Computer Science,Machine Learning,Statistics,or a related field|Required Skills & Qualifications |Experience in Knowledge retrieval and Search space",4.csv,Data Scientist / ML Engineer,1.4,Computer science|C++|Prototype|orchestration|Machine learning|Genetics|Silicon|Operations|Monitoring|Python,10,Bengaluru,Senior,False,,,Blockchain Quality Assurance Engineer,QA / Test Engineer,computer science|genetics|machine learning|orchestration|prototype|silicon|monitoring|operations|python|c++
100926017965,Machine Learning Engineer,Data Scientist,Data Science & Machine Learning,Data Science & Analytics,"Full Time, Permanent",IT Services & Consulting,5,9,5-9 Yrs,Nagarro,Mumbai,,0.0,0.0,True,Not Disclosed,2026-09-10 13:20:53,"Bachelor's or Master's in CS/AI/ML/Data Science with expertise in Python, FastAPI, MLflow, Docker, Kubernetes, Airflow/Kubeflow, and MLOps platforms|Develop, deploy, and monitor ML models end-to-end; build scalable APIs; maintain CI/CD pipelines; containerize solutions; collaborate with cross-functional teams",4.csv,Data Scientist / ML Engineer,3.8,Airflow|Github|Natural Language Processing|Triton|Fast API|Regression|Microsoft Flow|kubeflow|Ci/Cd|Docker|Large Language Model|Classification|Gitlab|TorchServe|Kubernetes,15,Mumbai,Mid,False,,,Data Scientist,Data Scientist / ML Engineer,torchserve|kubeflow|regression|nlp|microsoft flow|docker|gitlab|large language model|fast api|triton|classification|ci/cd|airflow|kubernetes|git
160926026166,Machine Learning Engineer,IT Consulting - Other,IT Consulting,Consulting,"Full Time, Permanent",Management Consulting,7,10,7-10 Yrs,Deloitte US-India Offices,Chennai,,0.0,0.0,True,Not Disclosed,2026-09-16 14:18:55,"6-10 years experience in Data Science and Machine Learning with expertise in Python, PySpark, SQL, and frameworks like Numpy and Scikit-learn|Lead a 35-member team to deliver end-to-end DS/ML projects, manage client relationships, and drive project implementation across industries",4.csv,Data Scientist / ML Engineer,3.6,Pyspark|Natural Language Processing|llm|Python,4,Chennai,Senior,False,,,IT Consulting - Other,Other IT,apache spark|llm/gen ai|python|nlp
120926012582,Machine Learning Engineer,DevOps Engineer,DevOps,Engineering - Software & QA,"Full Time, Permanent",IT Services & Consulting,6,10,6-10 Yrs,Tata Consultancy Services,Hyderabad,Pune,0.0,0.0,True,Not Disclosed,2026-09-12 14:38:32,"6-10 years experience with Python, MLOps tools (MLflow, Kubeflow, Airflow, Jenkins, GitHub Actions, Azure ML), Docker, Kubernetes, CI/CD pipelines, and cloud platforms (AWS, Azure, GCP)|Develop and maintain MLOps pipelines, manage model monitoring and governance, implement automated retraining, and ensure smooth ML lifecycle operations",4.csv,Data Scientist / ML Engineer,3.2,mflow,1,Hyderabad,Mid,False,,,DevOps Engineer,DevOps / Cloud,mflow
260826503471,AI and Machine Learning Engineer,Machine Learning Engineer,Data Science & Machine Learning,Data Science & Analytics,"Full Time, Permanent",IT Services & Consulting,4,9,4-9 Yrs,Hewlett Packard Enterprise ,Bengaluru,,0.0,0.0,True,Not Disclosed,2026-08-26 15:06:11,"We enable customers,partners,and employees through AI-driven tools and modern platforms,transforming support into a unified,efficient,and simple experience that drives measurable value| Bachelors degree in computer science,engineering,data science,machine learning,artificial intelligence,or closely related quantitative discipline|We make bold moves,together,and are a force for good",4.csv,Data Scientist / ML Engineer,4.1,algorithms|data analysis|business requirements|ai solutions|administration|ai|algebra|calculus|business intelligence|data engineering|artificial intelligence|aruba|cloud|automation|business transformation|communication skills,16,Bengaluru,Mid,False,,,Machine Learning Engineer,Data Scientist / ML Engineer,ai|ai solutions|artificial intelligence|algorithms|administration|data engineering|business transformation|communication skills|algebra|calculus|data analysis|cloud|business intelligence|aruba|automation|business requirements
180226038805,Machine Learning Engineer,Machine Learning Engineer,Data Science & Machine Learning,Data Science & Analytics,"Full Time, Permanent",FinTech / Payments,6,10,6-10 Yrs,Broadridge,Bengaluru,,0.0,0.0,True,Not Disclosed,2026-08-25 18:21:53,"6+ years in Data Engineering, ML Engineering, or Applied AI with hands-on LLM production experience and expertise in agent frameworks, RAG, vector databases, and embeddings|Build and deploy LLM-powered applications and agentic workflows, design RAG pipelines, develop end-to-end ML/LLM pipelines, productionize AI systems with cost controls and observability, and integrate AI into enterprise workflows",4.csv,Data Scientist / ML Engineer,3.8,,0,Bengaluru,Mid,False,,,Machine Learning Engineer,Data Scientist / ML Engineer,
200926014614,AI Machine Learning Engineer- Pune,Machine Learning Engineer,Data Science & Machine Learning,Data Science & Analytics,"Full Time, Permanent",IT Services & Consulting,8,13,8-13 Yrs,Shanvi Staffing Services,Pune,,2500000.0,3000000.0,False,25-30 Lacs,2026-09-20 23:25:21,"Experience with MLOps tools and cloud ML platforms like MLflow, Databricks, Azure ML|Design, implement, and manage MLOps workflows and operational processes; oversee ML model stability and lifecycle operations",4.csv,Data Scientist / ML Engineer,,,0,Pune,Senior,True,2500000.0,3000000.0,Machine Learning Engineer,Data Scientist / ML Engineer,
220926048447,Machine Learning Engineer,Software Development - Other,Software Development,Engineering - Software & QA,"Full Time, Permanent",Software Product,13,22,13-22 Yrs,C1X,Chennai,,1800000.0,3250000.0,False,18-32.5 Lacs,2026-09-22 18:30:52,"Experience with Python, SQL, scikit-learn, PyTorch, TensorFlow, XGBoost, MLflow, Docker, REST APIs, cloud services, and MLOps practices|Design, develop, deploy, and monitor production-ready machine learning models; perform feature engineering, model training, evaluation, optimization, and deployment; monitor model performance and address issues post-deployment",4.csv,Data Scientist / ML Engineer,4.7,Tensorflow|Pytorch|Pandas|Python,4,Chennai,Senior,True,1800000.0,3250000.0,Software Development - Other,Other IT,tensorflow|pandas|python|pytorch
180926025980,Machine Learning Engineer (Computer Vision),Machine Learning Engineer,Data Science & Machine Learning,Data Science & Analytics,"Full Time, Permanent",Software Product,5,10,5-10 Yrs,ACV Auctions,Chennai,,2500000.0,3500000.0,False,25-35 Lacs,2026-09-18 17:10:59,"5+ years in computer vision with expertise in PyTorch, OpenCV, Python, and SQL; Masters/Ph.D. preferred|Lead end-to-end ML model development, integrate state-of-the-art CV advancements, mentor juniors, and collaborate cross-functionally",4.csv,Data Scientist / ML Engineer,3.2,Jupyter Notebook|Machine Learning,2,Chennai,Mid,True,2500000.0,3500000.0,Machine Learning Engineer,Data Scientist / ML Engineer,jupyter notebook|machine learning
220926500576,Machine Learning Engineer,Machine Learning Engineer,Data Science & Machine Learning,Data Science & Analytics,"Full Time, Permanent",IT Services & Consulting,1,2,1-2 Yrs,Innocode Ventures,Jaipur,,0.0,0.0,True,Not Disclosed,2026-09-22 16:24:48,Hands-on experience with ML frameworks . Understanding of model training and evaluation .,4.csv,Data Scientist / ML Engineer,4.5,mlops|python|deploying models|feature engineering|pytorch|machine learning|ml,7,Jaipur,Entry,False,,,Machine Learning Engineer,Data Scientist / ML Engineer,feature engineering|pytorch|machine learning|mlops|python|deploying models
291025503458,Data Scientist/Machine Learning(AI) Engineer,Machine Learning Engineer,Data Science & Machine Learning,Data Science & Analytics,"Full Time, Permanent",Defence & Aerospace,4,5,4-5 Yrs,Grintex,Gurugram,,0.0,0.0,True,Not Disclosed,2025-10-29 18:36:33,Bachelor or Masters in Computer Science / Computer . Engineering / Mathematics / Statistics . |Recommended:  4-5 years with experience of having developed production level software with AI / Data Analytics,4.csv,Data Scientist / ML Engineer,4.1,Computer science|Usage|Image processing|Opencv|Machine learning|Data analytics|Mathematics|Statistics|Python,9,Gurugram,Mid,False,,,Machine Learning Engineer,Data Scientist / ML Engineer,data analytics|computer science|opencv|machine learning|image processing|mathematics|usage|statistics|python
110926018860,"Staff Engineer (Machine Learning, FastAPI, MLFlow)",Machine Learning Engineer,Data Science & Machine Learning,Data Science & Analytics,"Full Time, Permanent",IT Services & Consulting,5,9,5-9 Yrs,Nagarro,Navi Mumbai,,0.0,0.0,True,Not Disclosed,2026-09-20 17:16:25,"Bachelor's/Master's in CS, AI, ML or related; expertise in ML model development, FastAPI, MLflow, Docker, Kubernetes, Airflow/Kubeflow; experience with MLOps, monitoring tools, NLP/LLMs preferred|Own end-to-end ML model lifecycle including development, deployment, monitoring, scaling; build scalable APIs; develop CI/CD pipelines; containerize solutions; collaborate with stakeholders; implement monitoring and governance",4.csv,Data Scientist / ML Engineer,3.8,Fast API,1,Mumbai,Mid,False,,,Machine Learning Engineer,Data Scientist / ML Engineer,fast api
160926018496,Machine Learning Engineer,Machine Learning Engineer,Data Science & Machine Learning,Data Science & Analytics,"Full Time, Permanent",IT Services & Consulting,1,3,1-3 Yrs,Quantiphi Analytics Solutions,Mumbai,Bengaluru,0.0,0.0,True,Not Disclosed,2026-09-16 12:55:11,"1-3 years experience with Python, expertise in computer vision techniques (SIFT/SURF/ORB, Faster RCNN, YOLO), ML pipelines and deployment using MLOps frameworks, knowledge of cloud ML services (AWS, GCP, Azure)|Develop and deploy end-to-end machine learning solutions, perform image preprocessing and object detection, collaborate with stakeholders, ensure project delivery with Agile methodologies",4.csv,Data Scientist / ML Engineer,3.1,Image Processing|ML Pipelines|Natural Language Processing|ML Deployment|Deep Learning|Python,6,Mumbai,Entry,False,,,Machine Learning Engineer,Data Scientist / ML Engineer,ml pipelines|nlp|image processing|python|ml deployment|deep learning
230726011528,"Data Engineer - TensorFlow , PyTorch ,Data Science , Machine learning",Technology / IT - Other,Technology / IT,Project & Program Management,"Full Time, Permanent",IT Services & Consulting,13,22,13-22 Yrs,Cognizant,Chennai,,0.0,0.0,True,Not Disclosed,2026-09-01 19:32:41,"12+ years experience with AWS/GCP/Azure, expertise in LLMs (Llama), LangChain, PyTorch, TensorFlow, and AI/ML frameworks|Lead AI/ML strategy, design and deploy scalable AI and Generative AI solutions, architect cloud-native AI applications, build ML pipelines and MLOps, mentor teams, and manage stakeholder collaboration",4.csv,Data Scientist / ML Engineer,3.7,Data Engineering|Langchain|Llama|Azure Cloud|GCP|AWS,6,Chennai,Senior,False,,,Technology / IT - Other,Other IT,langchain|llama|gcp|azure cloud|data engineering|aws
30626502500,Artificial Intelligence Engineer & Machine Learning Engineer,Data Platform Engineer,Software Development,Engineering - Software & QA,"Full Time, Permanent",IT Services & Consulting,3,8,3-8 Yrs,Wappnet Systems,Ahmedabad,,0.0,0.0,True,Not Disclosed,2026-06-03 16:32:32,"Excellent communication skills able to translate technical concepts for diverse audiences.  . Collaborative team player with experience in Agile / Scrum environments.  . Self-motivated and intellectually curious|Minimum 3 years of hands-on experience in ML / AI engineering roles,building and deploying production-grade models.  |Experience:  . .",4.csv,Data Scientist / ML Engineer,4.2,Automation|Manager Quality Assurance|Prototype|GCP|Analytical|Machine learning|Outsourcing|SQL|Python|Technical documentation,10,Ahmedabad,Mid,False,,,Data Platform Engineer,Other IT,analytical|technical documentation|outsourcing|gcp|machine learning|prototype|python|manager quality assurance|sql|automation
10926035461,"Machine Learning Engineer  AI/ML, GCP & MLOps",IT Operations Management,IT Infrastructure Services,IT & Information Security,"Full Time, Permanent",IT Services & Consulting,3,5,3-5 Yrs,V2soft,Chennai,,0.0,0.0,True,Not Disclosed,2026-09-02 00:30:35,"4+ years IT experience with strong Python, ML frameworks (PyTorch/TensorFlow), and Scikit-learn skills|Design, train, deploy ML models; develop ML pipelines using GCP, Vertex AI, BigQuery; build ETL/ELT pipelines; maintain Airflow DAGs; implement MLOps best practices; collaborate with cross-functional teams; troubleshoot production issues",4.csv,Data Scientist / ML Engineer,3.3,Tensorflow|Pytorch|Data Engineering|Aiml|Ci/Cd|AWS,6,Chennai,Mid,False,,,IT Operations Management,Other IT,tensorflow|aiml|pytorch|data engineering|aws|ci/cd
200126507531,Machine Learning Engineer \/ Data Scientist,Full Stack Data Scientist,Data Science & Machine Learning,Data Science & Analytics,"Full Time, Permanent",Miscellaneous,3,5,3-5 Yrs,Datamaze Solutions,Hyderabad,,0.0,0.0,True,Not Disclosed,2026-01-20 18:00:41,"""comp-m9frapza4"":{""html"":"" . Education:  .Bachelor s or Master s degree in Computer Science,Data Science,Machine Learning,Statistics,or a related field (or equivalent experience)",4.csv,Data Scientist / ML Engineer,,Computer science|Computer vision|data science|Time series analysis|Analytical|Machine learning|HTML|Natural language processing|SQL|Python,10,Hyderabad,Mid,False,,,Full Stack Data Scientist,Data Scientist / ML Engineer,analytical|time series analysis|computer science|machine learning|nlp|html|computer vision|python|sql|data science
110325503774,Artificial Intelligence / Machine Learning Engineer,Data Analyst,Business Intelligence & Analytics,Data Science & Analytics,"Full Time, Permanent",IT Services & Consulting,2,6,2-6 Yrs,Impronics Technologies,Noida,,0.0,0.0,True,Not Disclosed,2025-03-11 17:58:46,"We are seeking a talented and motivated Artificial Intelligence / Machine Learning Engineer with a minimum of 2 years of experience to join our dynamic team|Experience with machine learning frameworks (e.g.,TensorFlow,PyTorch,Scikit-learn).  . Strong understanding of statistical analysis,data mining,and predictive modeling techniques.",4.csv,Data Scientist / ML Engineer,,Data analysis|Version control|Machine learning|Agile|Data processing|Data mining|Business solutions|SQL|Python,9,Noida,Entry,False,,,Data Analyst,Data Analyst,machine learning|agile|version control|data mining|sql|python|business solutions|data analysis|data processing
61125506389,Artificial Intelligence/Machine Learning Engineer,Machine Learning Engineer,Data Science & Machine Learning,Data Science & Analytics,"Full Time, Permanent",IT Services & Consulting,2,7,2-7 Yrs,Sisl Infotech,New Delhi,,0.0,0.0,True,Not Disclosed,2025-11-06 18:58:13,We are looking for a highly skilled and motivated Artificial Intelligence / Machine Learning Engineer with 0 to less than 2 years of relevant experience to join our team at SISL Infotech Pvt,4.csv,Data Scientist / ML Engineer,3.4,algorithms|c++|python|natural language processing|solution development|problem solving|data pipeline|machine learning|artificial intelligence|docker|deep learning|java|gcp|code review|machine learning algorithms|aws|programming|ml|architecture,19,New Delhi,Entry,False,,,Machine Learning Engineer,Data Scientist / ML Engineer,data pipeline|artificial intelligence|machine learning|nlp|algorithms|solution development|docker|gcp|problem solving|java|code review|aws|architecture|programming|python|machine learning algorithms|c++|deep learning
61125506388,Artificial Intelligence/Machine Learning Engineer,Machine Learning Engineer,Data Science & Machine Learning,Data Science & Analytics,"Full Time, Permanent",IT Services & Consulting,2,7,2-7 Yrs,Sisl Infotech,New Delhi,,0.0,0.0,True,Not Disclosed,2025-11-06 18:58:12,We are looking for a highly skilled and motivated Artificial Intelligence / Machine Learning Engineer with 0 to less than 2 years of relevant experience to join our team at SISL Infotech Pvt,4.csv,Data Scientist / ML Engineer,3.4,algorithms|c++|python|natural language processing|solution development|problem solving|data pipeline|machine learning|artificial intelligence|docker|deep learning|java|gcp|code review|machine learning algorithms|aws|programming|ml|architecture,19,New Delhi,Entry,False,,,Machine Learning Engineer,Data Scientist / ML Engineer,data pipeline|artificial intelligence|machine learning|nlp|algorithms|solution development|docker|gcp|problem solving|java|code review|aws|architecture|programming|python|machine learning algorithms|c++|deep learning
61125506386,Artificial Intelligence/Machine Learning Engineer,Machine Learning Engineer,Data Science & Machine Learning,Data Science & Analytics,"Full Time, Permanent",IT Services & Consulting,4,9,4-9 Yrs,Sisl Infotech,New Delhi,,0.0,0.0,True,Not Disclosed,2025-11-06 18:58:12,We are looking for a highly skilled and motivated Artificial Intelligence / Machine Learning Engineer with 0 to less than 2 years of relevant experience to join our team at SISL Infotech Pvt,4.csv,Data Scientist / ML Engineer,3.4,algorithms|c++|python|natural language processing|solution development|problem solving|data pipeline|machine learning|artificial intelligence|docker|deep learning|java|gcp|code review|machine learning algorithms|aws|programming|ml|architecture,19,New Delhi,Mid,False,,,Machine Learning Engineer,Data Scientist / ML Engineer,data pipeline|artificial intelligence|machine learning|nlp|algorithms|solution development|docker|gcp|problem solving|java|code review|aws|architecture|programming|python|machine learning algorithms|c++|deep learning
80926500689,Principal Machine Learning Engineer,Blockchain Quality Assurance Engineer,Quality Assurance and Testing,Engineering - Software & QA,"Full Time, Permanent",Medical Services / Hospital,8,12,8-12 Yrs,Inito,Bengaluru,,0.0,0.0,True,Not Disclosed,2026-09-08 13:55:26,ML system design & architecture . 8-12 . years of experience required|Requirement Model Dataset Validation Release). Identify |Requirements . Strong experience in |preferred. What We re Looking For |Experience with,4.csv,Data Scientist / ML Engineer,3.7,technical leadership|ai|system design|machine learning|triggers|ai development|system architecture|system scalability|regulatory risk|audits|sdlc|algorithm design|architecture|ml,14,Bengaluru,Senior,False,,,Blockchain Quality Assurance Engineer,QA / Test Engineer,ai|machine learning|ai development|regulatory risk|system architecture|algorithm design|triggers|system design|architecture|system scalability|sdlc|audits|technical leadership
160926504169,"Principal Machine Learning Systems Engineer, Search Platform",Blockchain Quality Assurance Engineer,Quality Assurance and Testing,Engineering - Software & QA,"Full Time, Permanent",IT Services & Consulting,10,15,10-15 Yrs,Atlassian,Bengaluru,,0.0,0.0,True,Not Disclosed,2026-09-16 17:55:09,"Proven experience designing,building and operating production ML systems across data preparation,representations or features,model development,deployment,evaluation,observability and model or data drift|We follow consistent hiring practices and account for each candidates skills,knowledge,and experience when setting base pay within the range",4.csv,Data Scientist / ML Engineer,3.0,Machine learning|Schema|Information retrieval|Deployment|Continuous improvement|Distribution system|Cost|Monitoring|Principal|Recruitment,10,Bengaluru,Senior,False,,,Blockchain Quality Assurance Engineer,QA / Test Engineer,continuous improvement|distribution system|machine learning|cost|recruitment|deployment|monitoring|information retrieval|principal|schema
150926916720,Machine Learning Engineer,Machine Learning Engineer,Data Science & Machine Learning,Data Science & Analytics,"Full Time, Permanent",IT Services & Consulting,2,5,2-5 Yrs,Yantran,Chennai,,0.0,0.0,True,Not Disclosed,2026-09-15 14:59:02,"Experience with Python, TensorFlow or PyTorch, model deployment, Docker, and cloud platforms|Develop, train, and deploy machine learning models; perform feature engineering and data preprocessing; build pipelines; implement model monitoring and versioning; collaborate with data teams; develop ML APIs",4.csv,Data Scientist / ML Engineer,,model monitoring|data preprocessing|mlops|algorithms|python|model deployment|cloud platforms|numpy|machine learning|sql|docker|pandas|cloud|tensorflow|apis|pytorch|feature engineering|machine learning algorithms|ml|deployment,20,Chennai,Entry,False,,,Machine Learning Engineer,Data Scientist / ML Engineer,feature engineering|machine learning|numpy|machine learning algorithms|pandas|python|cloud platforms|pytorch|algorithms|model deployment|mlops|deployment|apis|tensorflow|docker|data preprocessing|model monitoring|cloud|sql
160926502050,Machine Learning Engineer,Blockchain Quality Assurance Engineer,Quality Assurance and Testing,Engineering - Software & QA,"Full Time, Permanent",Software Product,2,4,2-4 Yrs,Deccan Ai,Hyderabad,,0.0,0.0,True,Not Disclosed,2026-09-16 17:26:38,"Experience with RAG,Agentic AI,MLOps,LLM applications or ML infrastructure .  |Note: This role is focused on LLM / GenAI,RAG,Agentic AI and MLOps - Computer Vision / Multimodal experience is not required",4.csv,Data Scientist / ML Engineer,2.9,Computer vision|Prototype|Focus|Machine learning|Infrastructure|Deployment|Research|Monitoring|Python,9,Hyderabad,Entry,False,,,Blockchain Quality Assurance Engineer,QA / Test Engineer,machine learning|infrastructure|computer vision|prototype|research|focus|deployment|monitoring|python
130926003847,Machine Learning Engineer,Machine Learning Engineer,Data Science & Machine Learning,Data Science & Analytics,"Full Time, Permanent",Accounting / Auditing,5,8,5-8 Yrs,India Filings Pvt Ltd,Chennai,,0.0,0.0,True,Not Disclosed,2026-09-13 16:14:31,"5-8 years experience in Machine Learning Engineering, strong Python or R skills, experience with AWS or Azure|Design, develop, test, deploy and maintain large-scale ML models; collaborate with teams to integrate ML solutions; develop data pipelines; troubleshoot model issues",4.csv,Data Scientist / ML Engineer,3.8,ML Engineer|Cisco Firewall,2,Chennai,Mid,False,,,Machine Learning Engineer,Data Scientist / ML Engineer,cisco firewall|ml engineer
170926028648,Machine Learning Engineer,Machine Learning Engineer,Data Science & Machine Learning,Data Science & Analytics,"Full Time, Permanent",Recruitment / Staffing,6,12,6-12 Yrs,Master Mind Consultancy,Chennai,,2000000.0,3500000.0,False,20-35 Lacs,2026-09-17 16:28:07,"6-12 years experience in machine learning engineering with expertise in Python and OpenCV for computer vision|Design, develop, test, and deploy machine learning models; collaborate on system integration; develop data pipelines; troubleshoot model and data issues",4.csv,Data Scientist / ML Engineer,,Opencv|Natural Language Processing,2,Chennai,Mid,True,2000000.0,3500000.0,Machine Learning Engineer,Data Scientist / ML Engineer,opencv|nlp
40926922319,Machine Learning Engineer,Machine Learning Engineer,Data Science & Machine Learning,Data Science & Analytics,"Full Time, Permanent",IT Services & Consulting,4,9,4-9 Yrs,Cloudxtreme,Hyderabad,Chennai,0.0,0.0,True,Not Disclosed,2026-09-04 16:57:51,"4 to 10 years experience with Machine Learning, Artificial Intelligence, Cloud platforms, and Python or R|Develop and implement machine learning models and AI solutions",4.csv,Data Scientist / ML Engineer,3.6,Artificial Intelligence|Cloud|Python,3,Hyderabad,Mid,False,,,Machine Learning Engineer,Data Scientist / ML Engineer,python|artificial intelligence|cloud
10926013343,Machine Learning Engineer,Software Development - Other,Software Development,Engineering - Software & QA,"Full Time, Permanent",IT Services & Consulting,8,13,8-13 Yrs,Cerebra,Bhubaneswar,Gurugram,600000.0,1400000.0,False,6-14 Lacs,2026-09-01 11:50:53,"Minimum 5 years experience with expertise in Machine Learning Operations and 15 years full-time education|Develop AI/ML applications using cloud AI services, lead and mentor teams, make key decisions, and implement best practices",4.csv,Data Scientist / ML Engineer,3.3,Tensorflow|Pytorch|Artificial Intelligence|Aiml|Operations,5,Bhubaneswar,Senior,True,600000.0,1400000.0,Software Development - Other,Other IT,tensorflow|aiml|pytorch|artificial intelligence|operations
100826503663,Machine Learning Engineer (Reinforcement Learning Systems),Blockchain Quality Assurance Engineer,Quality Assurance and Testing,Engineering - Software & QA,"Full Time, Permanent",Software Product,2,6,2-6 Yrs,Deccan Ai,Bengaluru,,0.0,0.0,True,Not Disclosed,2026-08-10 17:44:59,Disclaimer: This job description has been sourced from a public domain and may have been modified by Naukri.com to improve clarity for our users|Experience with deep learning frameworks like TensorFlow or PyTorch.,4.csv,Data Scientist / ML Engineer,2.9,algorithms|python|data pipelines|mathematics|ai|automated testing|machine learning|programming languages|research|reinforcement learning|deep learning|tensorflow|java|data ingestion|pytorch|programming|deployment|statistics,18,Bengaluru,Entry,False,,,Blockchain Quality Assurance Engineer,QA / Test Engineer,tensorflow|ai|reinforcement learning|pytorch|data pipelines|algorithms|machine learning|programming languages|programming|java|mathematics|research|deployment|statistics|data ingestion|python|automated testing|deep learning
100826503074,Machine Learning Engineer - Chip Design Automation,Hardware Research Engineer,Hardware,Engineering - Hardware & Networks,"Full Time, Permanent",Electronics Manufacturing,3,6,3-6 Yrs,Ixana,Bengaluru,,0.0,0.0,True,Not Disclosed,2026-08-10 17:43:07,"Required: . 3-6 years of ML / AI engineering experience or exceptional academic background / Masters/PhD focused on ML for EDA .  . Bachelors or Masters degree in Computer Science,Electrical Engineering,or a related field with a GPA of 9+ from IITs,NITs,BITS,or IISc.  |Preferred: .",4.csv,Data Scientist / ML Engineer,,automation scripting|data formats|algorithms|asic|eda|data pipelines|ai|electrical engineering|machine learning|data collection|equity|cadence|deep learning|automation|bash|eda tools|ml models|chip design|deployment|ml,20,Bengaluru,Mid,False,,,Hardware Research Engineer,Other IT,data pipelines|machine learning|asic|data formats|eda tools|chip design|ml models|deep learning|electrical engineering|algorithms|equity|deployment|automation scripting|ai|bash|cadence|data collection|eda|automation
80926012805,Associate Architect Machine Learning Engineer,Machine Learning Engineer,Data Science & Machine Learning,Data Science & Analytics,"Full Time, Permanent",IT Services & Consulting,7,10,7-10 Yrs,Quantiphi Analytics Solutions,Bengaluru,,0.0,0.0,True,Not Disclosed,2026-09-08 11:45:16,"4+ years experience with GenAI projects, expertise in Python, Pyspark, SQL, NLP, LLMs, and AWS Sagemaker|Develop and productionize ML models, build solution architectures, mentor juniors, communicate insights, and collaborate with offshore teams",4.csv,Data Scientist / ML Engineer,3.1,Pyspark|ML Ops|Natural Language Processing|model deployment|Retrieval Augmented Generation|Deep Learning|SQL,7,Bengaluru,Senior,False,,,Machine Learning Engineer,Data Scientist / ML Engineer,apache spark|nlp|retrieval augmented generation|model deployment|ml ops|sql|deep learning
301025503407,Machine Learning Engineer,Machine Learning Engineer,Data Science & Machine Learning,Data Science & Analytics,"Full Time, Permanent",IT Services & Consulting,2,5,2-5 Yrs,Openpixel Web Solutions,Hyderabad,,0.0,0.0,True,Not Disclosed,2025-10-30 17:43:12,Disclaimer: This job description has been sourced from a public domain and may have been modified by Naukri.com to improve clarity for our users,4.csv,Data Scientist / ML Engineer,4.3,algorithms|python|modeling|natural language processing|neural networks|data pipeline|machine learning|artificial intelligence|scalability|deep learning|ml algorithms|predictive modeling|computer vision|troubleshooting|machine learning algorithms|ml,16,Hyderabad,Entry,False,,,Machine Learning Engineer,Data Scientist / ML Engineer,ml algorithms|data pipeline|neural networks|artificial intelligence|machine learning|nlp|algorithms|computer vision|predictive modeling|troubleshooting|scalability|python|modeling|machine learning algorithms|deep learning
300126502207,Machine Learning Engineer,Blockchain Quality Assurance Engineer,Quality Assurance and Testing,Engineering - Software & QA,"Full Time, Permanent",IT Services & Consulting,4,8,4-8 Yrs,Covalense Digital,Bengaluru,,0.0,0.0,True,Not Disclosed,2026-01-30 14:35:36,,4.csv,Data Scientist / ML Engineer,3.4,algorithms|python|cnn|natural language processing|neural networks|engineering|numpy|machine learning|prototype|artificial intelligence|deep learning|tensorflow|ml algorithms|data science|computer vision|pytorch|keras|onnx|opencv|architecture|ml,21,Bengaluru,Mid,False,,,Blockchain Quality Assurance Engineer,QA / Test Engineer,artificial intelligence|neural networks|machine learning|numpy|data science|ml algorithms|opencv|computer vision|python|deep learning|pytorch|algorithms|keras|engineering|cnn|tensorflow|nlp|prototype|onnx|architecture
290425501301,Machine Learning Engineer,Blockchain Quality Assurance Engineer,Quality Assurance and Testing,Engineering - Software & QA,"Full Time, Permanent",IT Services & Consulting,2,5,2-5 Yrs,Micro1,Kolkata,Mumbai,0.0,0.0,True,Not Disclosed,2025-04-29 15:31:04,,4.csv,Data Scientist / ML Engineer,,machine learning algorithms|machine learning|aws|mongodb|artificial intelligence|communication skills|ml,7,Kolkata,Entry,False,,,Blockchain Quality Assurance Engineer,QA / Test Engineer,artificial intelligence|machine learning|communication skills|aws|mongodb|machine learning algorithms
280425503956,Machine Learning Engineer,Blockchain Quality Assurance Engineer,Quality Assurance and Testing,Engineering - Software & QA,"Full Time, Permanent",IT Services & Consulting,2,5,2-5 Yrs,Micro1,Kolkata,Mumbai,0.0,0.0,True,Not Disclosed,2025-04-28 19:09:31,,4.csv,Data Scientist / ML Engineer,,machine learning algorithms|machine learning|aws|mongodb|artificial intelligence|communication skills|ml,7,Kolkata,Entry,False,,,Blockchain Quality Assurance Engineer,QA / Test Engineer,artificial intelligence|machine learning|communication skills|aws|mongodb|machine learning algorithms
260924503026,Machine Learning Engineer,Blockchain Quality Assurance Engineer,Quality Assurance and Testing,Engineering - Software & QA,"Full Time, Permanent",IT Services & Consulting,2,3,2-3 Yrs,Navatech Group,Bengaluru,,0.0,0.0,True,Not Disclosed,2024-09-26 12:37:13,,4.csv,Data Scientist / ML Engineer,,Training|Automation|model validation|Artificial Intelligence|Machine learning|Cloud|Natural language processing|Open source|Monitoring|Python,10,Bengaluru,Entry,False,,,Blockchain Quality Assurance Engineer,QA / Test Engineer,artificial intelligence|machine learning|nlp|open source|training|model validation|monitoring|cloud|python|automation
260425504117,Machine Learning Engineer,Blockchain Quality Assurance Engineer,Quality Assurance and Testing,Engineering - Software & QA,"Full Time, Permanent",IT Services & Consulting,2,5,2-5 Yrs,Micro1,Kolkata,Mumbai,0.0,0.0,True,Not Disclosed,2025-04-26 18:52:28,,4.csv,Data Scientist / ML Engineer,,machine learning algorithms|machine learning|aws|mongodb|artificial intelligence|communication skills|ml,7,Kolkata,Entry,False,,,Blockchain Quality Assurance Engineer,QA / Test Engineer,artificial intelligence|machine learning|communication skills|aws|mongodb|machine learning algorithms
260425503772,Machine Learning Engineer,Blockchain Quality Assurance Engineer,Quality Assurance and Testing,Engineering - Software & QA,"Full Time, Permanent",IT Services & Consulting,2,5,2-5 Yrs,Micro1,Kolkata,Mumbai,0.0,0.0,True,Not Disclosed,2025-04-26 18:48:51,,4.csv,Data Scientist / ML Engineer,,machine learning algorithms|machine learning|aws|mongodb|artificial intelligence|communication skills|ml,7,Kolkata,Entry,False,,,Blockchain Quality Assurance Engineer,QA / Test Engineer,artificial intelligence|machine learning|communication skills|aws|mongodb|machine learning algorithms
260425503417,Machine Learning Engineer,Blockchain Quality Assurance Engineer,Quality Assurance and Testing,Engineering - Software & QA,"Full Time, Permanent",IT Services & Consulting,2,5,2-5 Yrs,Micro1,Kolkata,Mumbai,0.0,0.0,True,Not Disclosed,2025-04-26 18:19:45,,4.csv,Data Scientist / ML Engineer,,machine learning algorithms|machine learning|aws|mongodb|artificial intelligence|communication skills|ml,7,Kolkata,Entry,False,,,Blockchain Quality Assurance Engineer,QA / Test Engineer,artificial intelligence|machine learning|communication skills|aws|mongodb|machine learning algorithms
260425503411,Machine Learning Engineer,Blockchain Quality Assurance Engineer,Quality Assurance and Testing,Engineering - Software & QA,"Full Time, Permanent",IT Services & Consulting,2,5,2-5 Yrs,Micro1,Kolkata,Mumbai,0.0,0.0,True,Not Disclosed,2025-04-26 18:19:44,,4.csv,Data Scientist / ML Engineer,,machine learning algorithms|machine learning|aws|mongodb|artificial intelligence|communication skills|ml,7,Kolkata,Entry,False,,,Blockchain Quality Assurance Engineer,QA / Test Engineer,artificial intelligence|machine learning|communication skills|aws|mongodb|machine learning algorithms
250725502669,Machine learning Engineer,Machine Learning Engineer,Data Science & Machine Learning,Data Science & Analytics,"Full Time, Permanent",Emerging Technologies,9,14,9-14 Yrs,Zero2ai,Bengaluru,,0.0,0.0,True,Not Disclosed,2025-07-25 17:21:41,"Responsibilities:  . Bachelors Degree in a Quantitative discipline . |Experience:  . total work: 2 years (Preferred) . Benefits:  . |Predictive Research is a Machine Learning,Artificial Intelligence,Big Data,Data Science and Quant Analytics focused on companies having a good track record for the last 9 years",4.csv,Data Scientist / ML Engineer,,Skill development|Networking|data science|Quantitative research|Artificial Intelligence|Machine learning|Wellness|big data|Analytics|Financial engineering,10,Bengaluru,Senior,False,,,Machine Learning Engineer,Data Scientist / ML Engineer,networking|artificial intelligence|machine learning|analytics|financial engineering|quantitative research|skill development|wellness|big data|data science
221125501533,Machine Learning Engineer,Machine Learning Engineer,Data Science & Machine Learning,Data Science & Analytics,"Full Time, Permanent",IT Services & Consulting,2,5,2-5 Yrs,Telloquent,Bengaluru,,0.0,0.0,True,Not Disclosed,2025-11-22 19:43:12,Disclaimer: This job description has been sourced from a public domain and may have been modified by Naukri.com to improve clarity for our users,4.csv,Data Scientist / ML Engineer,4.7,algorithms|python|modeling|natural language processing|neural networks|data pipeline|machine learning|artificial intelligence|scalability|deep learning|ml algorithms|predictive modeling|computer vision|troubleshooting|machine learning algorithms|ml,16,Bengaluru,Entry,False,,,Machine Learning Engineer,Data Scientist / ML Engineer,ml algorithms|data pipeline|neural networks|artificial intelligence|machine learning|nlp|algorithms|computer vision|predictive modeling|troubleshooting|scalability|python|modeling|machine learning algorithms|deep learning
210526501364,Machine Learning Engineer,Machine Learning Engineer,Data Science & Machine Learning,Data Science & Analytics,"Full Time, Permanent",IT Services & Consulting,1,3,1-3 Yrs,Kapture Crm,Bengaluru,,0.0,0.0,True,Not Disclosed,2026-05-21 14:55:45,"The ideal candidate will have a strong background in machine learning engineering and experience working with large datasets.  |Experience with machine learning frameworks such as TensorFlow or PyTorch.  .  Proficiency in programming languages such as Python,Java,or C++.  .  Strong understanding of data structures,algorithms,and software design patterns.",4.csv,Data Scientist / ML Engineer,3.1,algorithms|python|c++|software design|engineering|data pipeline|machine learning|artificial intelligence|software design and development|tensorflow|java|computer science|design patterns|pytorch|data structures|programming|statistics|architecture,18,Bengaluru,Entry,False,,,Machine Learning Engineer,Data Scientist / ML Engineer,tensorflow|computer science|data pipeline|artificial intelligence|pytorch|machine learning|software design|algorithms|java|data structures|software design and development|engineering|statistics|programming|python|architecture|design patterns|c++
190626504481,AI - Machine Learning Engineer,Machine Learning Engineer,Data Science & Machine Learning,Data Science & Analytics,"Full Time, Permanent",IT Services & Consulting,2,6,2-6 Yrs,D Square Consulting Services,Hubballi,Mangaluru,0.0,0.0,True,Not Disclosed,2026-06-19 17:54:42,,4.csv,Data Scientist / ML Engineer,4.5,hive|algorithms|python|natural language processing|data pipeline|machine learning|artificial intelligence|sql|deep learning|data science|spark|predictive modeling|model development|statistical modeling|hadoop|big data|architecture,17,Hubballi,Entry,False,,,Machine Learning Engineer,Data Scientist / ML Engineer,apache spark|model development|data pipeline|artificial intelligence|statistical modeling|machine learning|nlp|algorithms|hadoop|predictive modeling|hive|big data|python|architecture|sql|data science|deep learning
150726503918,"Staff Machine Learning Engineer -Gen AI, Machine Learning",Data Engineer,Software Development,Engineering - Software & QA,"Full Time, Permanent",Telecom / ISP,8,14,8-14 Yrs,Extreme Networks,Bengaluru,,0.0,0.0,True,Not Disclosed,2026-07-15 17:40:33,"Together,we are driving a fundamental shift in how businesses manage networks by building intelligent,high-performance multi-agent systems that perceive,learn,and act in real time|Experience: 8 to 14 Years . |Experience as a mentor,tech lead or leading an engineering team.  .  .  .  BE / MS or PhD in Computer Science or equivalent experience in ML.",4.csv,Data Scientist / ML Engineer,3.1,kubernetes|document databases|generative ai|data mining|ai|cloud platforms|llm|artificial intelligence|docker|analytics|cloud|automation|apis|design|distributed systems|aws|big data|digital transformation|architecture|azure,20,Bengaluru,Senior,False,,,Data Engineer,Data Engineer / Architect,artificial intelligence|kubernetes|analytics|llm/gen ai|distributed systems|cloud platforms|digital transformation|data mining|document databases|design|apis|ai|azure|docker|aws|cloud|big data|architecture|automation
130726504749,AI - Machine Learning Engineer,Data Engineer,Software Development,Engineering - Software & QA,"Full Time, Permanent",Management Consulting,2,6,2-6 Yrs,D Square Consulting Services,Bengaluru,,0.0,0.0,True,Not Disclosed,2026-07-13 18:07:43,,4.csv,Data Scientist / ML Engineer,4.5,hive|algorithms|python|natural language processing|data warehousing|solution development|data pipeline|machine learning|artificial intelligence|sql|pandas|deep learning|tableau|java|data science|spark|kafka|hadoop|big data|aws|etl|architecture,22,Bengaluru,Entry,False,,,Data Engineer,Data Engineer / Architect,data pipeline|artificial intelligence|machine learning|etl|data science|apache spark|tableau|pandas|python|deep learning|algorithms|solution development|java|kafka|hive|nlp|data warehousing|hadoop|aws|big data|architecture|sql
90726504706,Machine Learning Engineer Agentic,Data Engineer,Software Development,Engineering - Software & QA,"Full Time, Permanent",IT Services & Consulting,5,10,5-10 Yrs,Krazy Mantra It,Bengaluru,,0.0,0.0,True,Not Disclosed,2026-07-09 17:12:56,"Experience with other languages (e.g.,Java,Go,C++),big data technologies (e.g.,Spark,Hadoop,Kafka),MLOps Productionization. Disclaimer : This job posting has been aggregated from external source|Skills : Machine Learning Engineering,python coding with ML,Expert-level proficiency in Python,including experience with writing production-grade,clean,efficient,and well-documented code",4.csv,Data Scientist / ML Engineer,3.6,python|c++|languages|natural language processing|golang|neural networks|engineering|machine learning|artificial intelligence|coding|deep learning|tensorflow|java|data science|spark|kafka|computer vision|keras|hadoop|big data|ml,21,Bengaluru,Mid,False,,,Data Engineer,Data Engineer / Architect,artificial intelligence|neural networks|coding|machine learning|data science|apache spark|computer vision|python|c++|deep learning|java|keras|kafka|engineering|tensorflow|nlp|languages|hadoop|go|big data
90426012639,Machine Learning Engineer,Machine Learning Engineer,Data Science & Machine Learning,Data Science & Analytics,"Full Time, Permanent",IT Services & Consulting,4,9,4-9 Yrs,Cloudxtreme,Gurugram,Chennai,700000.0,1500000.0,False,7-15 Lacs,2026-08-31 17:45:28,"Minimum 5 years experience in Machine Learning with strong data modeling and algorithm skills|Configure and support packaged/SaaS applications, manage releases, lead team decisions, and optimize application performance",4.csv,Data Scientist / ML Engineer,3.6,,0,Gurugram,Mid,True,700000.0,1500000.0,Machine Learning Engineer,Data Scientist / ML Engineer,
90224500861,Machine Learning Engineer,Machine Learning Engineer,Data Science & Machine Learning,Data Science & Analytics,"Full Time, Permanent",Internet,2,5,2-5 Yrs,Aidaptive,Kolkata,Mumbai,0.0,0.0,True,Not Disclosed,2024-02-09 15:47:37,"Minimum qualifications:  . Bachelors degree in Computer Science,Mathematics,or equivalent practical experience|Preferred qualifications:  . Masters or PhD degree in Computer Science,Artificial Intelligence,Machine Learning,or related technical field| Python development experience for modeling",4.csv,Data Scientist / ML Engineer,,Computer science|Computer vision|deep learning|Artificial Intelligence|Machine learning|Deployment|Natural language processing|Management|Python|Testing,10,Kolkata,Entry,False,,,Machine Learning Engineer,Data Scientist / ML Engineer,computer science|artificial intelligence|machine learning|nlp|management|computer vision|testing|deployment|python|deep learning
30426501550,Machine Learning Engineer,Blockchain Quality Assurance Engineer,Quality Assurance and Testing,Engineering - Software & QA,"Full Time, Permanent",IT Services & Consulting,2,5,2-5 Yrs,Micro1,Kolkata,Mumbai,0.0,0.0,True,Not Disclosed,2026-04-03 14:35:38,,4.csv,Data Scientist / ML Engineer,,algorithms|python|data management|deploying models|software testing|ml deployment|machine learning|artificial intelligence|scalability|character|silicon|writing|machine learning algorithms|aws|mongodb|communication skills|ml|ocr|ml pipelines,19,Kolkata,Entry,False,,,Blockchain Quality Assurance Engineer,QA / Test Engineer,ocr|artificial intelligence|machine learning|algorithms|software testing|ml pipelines|writing|communication skills|silicon|character|aws|scalability|mongodb|python|ml deployment|data management|deploying models|machine learning algorithms
260826502264,SWE-3 Machine Learning Engineer,Data Platform Engineer,Software Development,Engineering - Software & QA,"Full Time, Permanent",Internet,4,9,4-9 Yrs,The Networker,Bengaluru,,0.0,0.0,True,Not Disclosed,2026-08-26 14:50:51,"Experience with ML frameworks like TensorFlow and PyTorch from a production perspective|Proven ability to build and manage CI / CD pipelines for ML models,including proficiency with containerization (Docker,Kubernetes).  |Experience in production engineering practices and software development in an OO language (Scala,Java,Python,etc.).",4.csv,Data Scientist / ML Engineer,,algorithms|continuous integration|ci/cd pipelines|cloud services|data pipelines|ai|docker|cloud|containerization|continuous delivery|ai tools|bs|apache|apis|ecommerce|distributed systems|aws|big data|ai models|azure,20,Bengaluru,Mid,False,,,Data Platform Engineer,Other IT,data pipelines|ai tools|containerization|apache|ai models|distributed systems|continuous integration|algorithms|apis|ai|cloud services|azure|docker|continuous delivery|ci/cd pipelines|bs|aws|cloud|ecommerce|big data
90926502508,Machine Learning Engineer,Blockchain Quality Assurance Engineer,Quality Assurance and Testing,Engineering - Software & QA,"Full Time, Permanent",Internet,6,11,6-11 Yrs,The Networker,Bengaluru,,0.0,0.0,True,Not Disclosed,2026-09-09 14:16:58,,4.csv,Data Scientist / ML Engineer,,algorithms|continuous integration|ci/cd pipelines|cloud services|data pipelines|ai|data engineering|cloud|containerization|continuous delivery|ai tools|bs|apache|apis|distributed systems|aws|big data|ai models|architecture|azure,20,Bengaluru,Mid,False,,,Blockchain Quality Assurance Engineer,QA / Test Engineer,data pipelines|data engineering|ai tools|containerization|apache|ai models|distributed systems|continuous integration|algorithms|apis|ai|cloud services|azure|bs|continuous delivery|ci/cd pipelines|aws|cloud|big data|architecture
40826503903,Machine Learning Engineer II,Machine Learning Engineer,Data Science & Machine Learning,Data Science & Analytics,"Full Time, Permanent",IT Services & Consulting,6,11,6-11 Yrs,7 Eleven,Bengaluru,,0.0,0.0,True,Not Disclosed,2026-08-04 17:58:40,,4.csv,Data Scientist / ML Engineer,3.4,copyright|business requirements|ai|day care|accounting|code versioning tools|docker|analytics|deep learning|fast api|automation|data science|design patterns|data structures|digital transformation|finance|azure|employee development,18,Bengaluru,Mid,False,,,Machine Learning Engineer,Data Scientist / ML Engineer,ai|azure|analytics|docker|automation|day care|fast api|data structures|copyright|finance|accounting|data science|employee development|digital transformation|code versioning tools|design patterns|business requirements|deep learning
40826503885,Machine Learning Engineer I,Machine Learning Engineer,Data Science & Machine Learning,Data Science & Analytics,"Full Time, Permanent",IT Services & Consulting,6,11,6-11 Yrs,7 Eleven,Bengaluru,,0.0,0.0,True,Not Disclosed,2026-08-04 17:58:39,Experience in leading the project from end to end.  |Experience leading and mentoring team members to help grow to their full potential.  . Ability to understand business requirements and translate into technical requirements.  . Bachelors degree in Computer Science or equivalent.  |Responsibilities. Educational & Required Qualifications,4.csv,Data Scientist / ML Engineer,3.4,copyright|business requirements|ai|day care|accounting|code versioning tools|equity|docker|analytics|deep learning|fast api|automation|data science|design patterns|data structures|digital transformation|azure|employee development,18,Bengaluru,Mid,False,,,Machine Learning Engineer,Data Scientist / ML Engineer,ai|azure|analytics|docker|automation|day care|equity|fast api|data structures|copyright|accounting|data science|employee development|digital transformation|code versioning tools|design patterns|business requirements|deep learning
270826009462,Machine Learning Engineer,IT & Information Security - Other,IT & Information Security - Other,IT & Information Security,"Full Time, Permanent",IT Services & Consulting,10,12,10-12 Yrs,Evoke HR,Hyderabad,Bengaluru,1500000.0,2250000.0,False,15-22.5 Lacs,2026-08-27 10:38:20,"6+ years in Data/ML Engineering with hands-on LLM deployment, expertise in LangChain and RAG pipelines|Build and deploy LLM-powered applications, design RAG pipelines, productionize AI systems with observability and cost controls, integrate AI into enterprise workflows",4.csv,Data Scientist / ML Engineer,,Langchain|Artificial Intelligence|Aiml|rag|Al|LLM|Python|ML,8,Hyderabad,Senior,True,1500000.0,2250000.0,IT & Information Security - Other,Other IT,aiml|langchain|artificial intelligence|machine learning|llm/gen ai|al|rag|python
250826015250,Machine Learning Engineer,Machine Learning Engineer,Data Science & Machine Learning,Data Science & Analytics,"Full Time, Permanent",BPM / BPO,3,8,3-8 Yrs,Kaara Info Systems,Bengaluru,,400000.0,1600000.0,False,4-16 Lacs,2026-08-25 12:33:23,"3-6 years AI/ML engineering experience with Python/Node.js/Go, AWS serverless and container orchestration, expertise in LLMs (OpenAI, Anthropic, Bedrock), agentic frameworks, vector databases, and RAG architecture|Design scalable backend services and APIs, deploy cloud-native AWS solutions, build LLM integration layers, develop agentic workflows, manage MLOps/LLMOps pipelines, and ensure AI platform security and scalability",4.csv,Data Scientist / ML Engineer,,Large Language Model|Retrieval Augmented Generation,2,Bengaluru,Mid,True,400000.0,1600000.0,Machine Learning Engineer,Data Scientist / ML Engineer,retrieval augmented generation|large language model
20926015784,Machine Learning Engineer,Machine Learning Engineer,Data Science & Machine Learning,Data Science & Analytics,"Full Time, Permanent",Recruitment / Staffing,4,10,4-10 Yrs,Kronosco India,Bengaluru,,0.0,0.0,True,Not Disclosed,2026-09-02 12:28:42,"4-10 years experience in Machine Learning Engineering with expertise in Python and ML libraries like Scikit-Learn, Tensorflow, PyTorch|Design, develop, test, deploy ML models; build data pipelines using Spark Mllib; collaborate with teams to integrate ML solutions; troubleshoot model and data issues",4.csv,Data Scientist / ML Engineer,,Pytorch|Tensorflow|Spark Mllib|Cisco Firewall|Scikit-Learn,5,Bengaluru,Mid,False,,,Machine Learning Engineer,Data Scientist / ML Engineer,tensorflow|scikit-learn|pytorch|cisco firewall|spark mllib
20926015508,Machine Learning Engineer,Machine Learning Engineer,Data Science & Machine Learning,Data Science & Analytics,"Full Time, Permanent",IT Services & Consulting,3,5,3-5 Yrs,Recruise India Consulting,Bengaluru,,2500000.0,3500000.0,False,25-35 Lacs,2026-09-02 12:25:47,"Strong understanding of Statistics, Probability, Linear Algebra, classical ML algorithms, Python coding, and advanced SQL|Develop, deploy, and monitor machine learning models; perform feature engineering, data preprocessing, and model evaluation",4.csv,Data Scientist / ML Engineer,,Statistics|Deep Learning|SQL|Python,4,Bengaluru,Mid,True,2500000.0,3500000.0,Machine Learning Engineer,Data Scientist / ML Engineer,python|sql|statistics|deep learning
30726503872,AI Engineer/AI Lead (Data Science / Machine Learning | Azure + MCP),Data Science & Machine Learning - Other,Data Science & Machine Learning,Data Science & Analytics,"Full Time, Permanent",IT Services & Consulting,10,15,10-15 Yrs,Sparix Global,Noida,,0.0,0.0,True,Not Disclosed,2026-07-03 17:10:22,"Please share suitable profiles for the requirement.  . Disclaimer: This job posting has been aggregated from external source|Required Qualifications: 10+ years experience in Data Science,ML Engineering,or AI Engineering|Learning,and hands-on experience building and operating AI solutions on Microsoft Azure,including|Experience building RAG architectures,AI agents,and AI APIs",4.csv,Data Scientist / ML Engineer,4.2,Training|data science|Architecture|Machine learning|microsoft azure|Deployment|MCP|Management|Monitoring|Python,10,Noida,Senior,False,,,Data Science & Machine Learning - Other,Data Scientist / ML Engineer,azure|machine learning|management|training|deployment|monitoring|architecture|mcp|python|data science
260826921936,Principal Machine Learning Engineer,Data Platform Engineer,Software Development,Engineering - Software & QA,"Full Time, Permanent",Pharmaceutical & Life Sciences,12,17,12-17 Yrs,Amgen Inc,Hyderabad,,0.0,0.0,True,Not Disclosed,2026-08-26 15:26:42,"12-17 years experience in ML/AI engineering with expertise in Reinforcement Learning, MLOps, Python, and distributed cloud systems|Design and deploy scalable RL and multi-agent AI systems, lead technical architecture, mentor engineers, and translate research into production-grade ML solutions",4.csv,Data Scientist / ML Engineer,2.9,Biotechnology|Azure|Automation|Generative Ai|Ai Solutions|Operations Research|Ai|Reinforcement Learning|Programming|Technical Leadership|Research|Distributed Systems|Algorithms|Gcp|Cloud|Aws|Mlops|Python,18,Hyderabad,Senior,False,,,Data Platform Engineer,Other IT,ai|ai solutions|reinforcement learning|azure|operations research|algorithms|llm/gen ai|distributed systems|gcp|aws|biotechnology|research|mlops|cloud|programming|python|automation|technical leadership
70926928576,Principal Machine Learning Engineer - Forecasting,Blockchain Quality Assurance Engineer,Quality Assurance and Testing,Engineering - Software & QA,"Full Time, Permanent",Pharmaceutical & Life Sciences,3,8,3-8 Yrs,Amgen Inc,Hyderabad,,0.0,0.0,True,Not Disclosed,2026-09-07 17:52:38,"12+ years in ML engineering with expertise in forecasting, Bayesian, LLM, and agentic AI systems|Lead design, build, and scale enterprise ML, LLM, and AI agent systems for forecasting and decision automation; establish MLOps and responsible AI practices; collaborate cross-functionally to deliver production AI solutions",4.csv,Data Scientist / ML Engineer,2.9,Airflow|Biotechnology|Automation|Commercial Analytics|Architecture|Biotech|Ai Infrastructure|Cloud Services|Apis|Bayesian|Biology|Code Quality|Analytics Platforms|Analytics|Cloud Platforms|Containerization|Cloud|Consumer Goods,18,Hyderabad,Mid,False,,,Blockchain Quality Assurance Engineer,QA / Test Engineer,biology|cloud services|bayesian|code quality|analytics|commercial analytics|consumer goods|containerization|biotechnology|biotech|analytics platforms|architecture|airflow|ai infrastructure|cloud platforms|cloud|automation|apis
30926020664,"Data Science Engineer,python,Snowflake,Machine learning",Machine Learning Engineer,Data Science & Machine Learning,Data Science & Analytics,"Full Time, Permanent",IT Services & Consulting,5,9,5-9 Yrs,Kairos Technologies,Hyderabad,Chennai,1500000.0,2000000.0,False,15-20 Lacs,2026-09-03 15:07:36,"5-8 years experience with Python and Snowflake for Data Science|Lead design, development, and deployment of ML, AI, and Generative AI solutions; build predictive and optimization models; architect MLOps frameworks; mentor teams; drive AI strategy and innovation",4.csv,Data Scientist / ML Engineer,3.6,,0,Hyderabad,Mid,True,1500000.0,2000000.0,Machine Learning Engineer,Data Scientist / ML Engineer,
220926050099,Machine Learning Engineer (Python),Machine Learning Engineer,Data Science & Machine Learning,Data Science & Analytics,"Full Time, Permanent",Software Product,2,5,2-5 Yrs,Route Mobile (RML),Bengaluru,,1000000.0,2000000.0,False,10-20 Lacs,2026-09-22 19:55:14,"2+ years in machine learning with expertise in Python and ML libraries like TensorFlow, PyTorch|Build and deploy machine learning models using advanced algorithms",4.csv,Data Scientist / ML Engineer,3.5,Pytorch|Python,2,Bengaluru,Entry,True,1000000.0,2000000.0,Machine Learning Engineer,Data Scientist / ML Engineer,python|pytorch
250626504315,"Machine Learning Engineer, Apple Intelligence",Software Development - Other,Software Development,Engineering - Software & QA,"Full Time, Permanent",Consumer Electronics & Appliances,2,10,2-10 Yrs,Apple,Bengaluru,,0.0,0.0,True,Not Disclosed,2026-06-25 16:33:12,Our team specifically focuses on generative technologies for key International markets and ensure that experience is top class for the popular languages in these markets,4.csv,Data Scientist / ML Engineer,4.3,Training|Product engineering|Focus|Machine learning|Architectural design|Programming|Deployment|Natural language processing,8,Bengaluru,Entry,False,,,Software Development - Other,Other IT,architectural design|machine learning|nlp|training|focus|deployment|programming|product engineering
130226502590,"Machine Learning Engineer, Apple Intelligence",Software Development - Other,Software Development,Engineering - Software & QA,"Full Time, Permanent",Consumer Electronics & Appliances,4,12,4-12 Yrs,Apple,Bengaluru,,0.0,0.0,True,Not Disclosed,2026-02-13 16:41:25,Experience in NLP modeling for Indian languages is desired. Strong problem solving and drive what matters |Preferred Qualifications . | . 4+yrs of machine learning expertise. Strong programming using Python / Objective C / Swift. Good exposure to Deep Learning libraries like PyTorch and TensorFlow.,4.csv,Data Scientist / ML Engineer,4.3,Training|Product engineering|Focus|Machine learning|Architectural design|Programming|Deployment|Natural language processing,8,Bengaluru,Mid,False,,,Software Development - Other,Other IT,architectural design|machine learning|nlp|training|focus|deployment|programming|product engineering
240826012555,Machine Learning Operations (MLOps) Engineer,Machine Learning Engineer,Data Science & Machine Learning,Data Science & Analytics,"Full Time, Permanent",IT Services & Consulting,5,10,5-10 Yrs,Careernet,Bengaluru,,0.0,0.0,True,Not Disclosed,2026-08-24 14:41:37,"5-8 years in Cloud Engineering or MLOps with expertise in GCP, Vertex AI, and DevOps|Design and maintain scalable MLOps frameworks, automate ML model deployment, implement CI/CD pipelines, and ensure production readiness",4.csv,Data Scientist / ML Engineer,,Kubeflow|ML Flow,2,Bengaluru,Mid,False,,,Machine Learning Engineer,Data Scientist / ML Engineer,ml flow|kubeflow
80926014727,Machine Learning Engineer,Search Engineer,Software Development,Engineering - Software & QA,"Full Time, Permanent",Aviation,3,6,3-6 Yrs,Jet2 Travel Technologies,Pune,,0.0,0.0,True,Not Disclosed,2026-09-08 12:27:31,"3–5 years experience in Machine Learning Engineering with expertise in AWS (SageMaker, Lambda, ECS/EKS), Terraform, MLOps, CI/CD, Python, SQL, and Generative AI|Build, deploy, and optimize scalable ML and Generative AI solutions on AWS; develop and support LLM-powered applications; automate and monitor production AI workloads; collaborate with cross-functional teams; apply software engineering best practices|Permanent work from home, skill enhancement and certification, reward and recognition programs, health insurance",4.csv,Data Scientist / ML Engineer,3.3,Programming|Amazon Cloudwatch|Ci/Cd|Machine Learning|Engineering|S|Docker|AWS Sagemaker|Agile|AWS Cloud|AWS|ML|Python|CD|Lambda Expressions|Artificial Intelligence|Testing Frameworks|Eks|SQL|Agile Methodology|GIT|Glue|ECS|Continuous Integration|Cloud|AWS IAM|API|Kubernetes,28,Pune,Mid,False,,,Search Engineer,Other IT,artificial intelligence|amazon cloudwatch|machine learning|agile|agile methodology|testing frameworks|cd|aws iam|programming|kubernetes|ecs|aws sagemaker|lambda expressions|python|continuous integration|eks|engineering|ci/cd|aws cloud|git|glue|api|docker|aws|cloud|sql
240726502941,Machine Learning Engineer (Agentic AI & LLMs),Machine Learning Engineer,Data Science & Machine Learning,Data Science & Analytics,"Full Time, Permanent",Biotechnology,2,4,2-4 Yrs,Ellicium Solutions,Pune,,0.0,0.0,True,Not Disclosed,2026-07-24 17:56:58,,4.csv,Data Scientist / ML Engineer,3.4,algorithms|python|c|software development|data pipelines|mathematics|ai|machine learning|programming languages|artificial intelligence|cloud|deep learning|tensorflow|java|design|pytorch|aws|cloud computing|programming|statistics,20,Pune,Entry,False,,,Machine Learning Engineer,Data Scientist / ML Engineer,artificial intelligence|data pipelines|machine learning|programming|cloud computing|software development|python|deep learning|pytorch|programming languages|algorithms|java|mathematics|statistics|design|tensorflow|ai|aws|cloud
220623500177,Machine Learning Engineer,Machine Learning Engineer,Data Science & Machine Learning,Data Science & Analytics,"Full Time, Permanent",Hardware & Networking,2,7,2-7 Yrs,TAC Security,Mumbai,,0.0,0.0,True,Not Disclosed,2026-05-26 09:37:53,,4.csv,Data Scientist / ML Engineer,2.4,SAN|deep learning|Artificial Intelligence|MySQL|Machine learning|Data analytics|data visualization|Vulnerability management|big data|Python,10,Mumbai,Entry,False,,,Machine Learning Engineer,Data Scientist / ML Engineer,data analytics|artificial intelligence|vulnerability management|machine learning|san|data visualization|big data|python|mysql|deep learning
90926500766,Machine Learning engineer,Data Platform Engineer,Software Development,Engineering - Software & QA,"Full Time, Permanent",Pharmaceutical & Life Sciences,2,4,2-4 Yrs,Praxis Global Alliance,Mumbai,,0.0,0.0,True,Not Disclosed,2026-09-09 14:13:39,"Bachelor s or master s degree in computer science,Engineering,or related field. 5+ years of experience in machine learning engineering or similar roles. Strong programming expertise in Python. Hands-on experience with TensorFlow,PyTorch,or Scikit-learn. |Required Skills & Qualifications. |Preferred Qualifications. |Experience Level:  2-4+ Years",4.csv,Data Scientist / ML Engineer,2.1,algorithms|kubernetes|ci/cd pipelines|due diligence|airflow|data processing|ai|cloud platforms|docker|cloud|deep learning|apis|gcp|computer vision|data ingestion|feature engineering|distributed systems|agile|aws|azure|deployment,21,Mumbai,Entry,False,,,Data Platform Engineer,Other IT,feature engineering|agile|kubernetes|data processing|distributed systems|computer vision|cloud platforms|deep learning|gcp|algorithms|deployment|airflow|data ingestion|apis|due diligence|ai|azure|docker|ci/cd pipelines|aws|cloud
40926922318,Machine Learning Engineer,Machine Learning Engineer,Data Science & Machine Learning,Data Science & Analytics,"Full Time, Permanent",IT Services & Consulting,4,9,4-9 Yrs,Cloudxtreme,Bhubaneswar,Mumbai,0.0,0.0,True,Not Disclosed,2026-09-04 16:57:50,"4 to 10 years experience with Machine Learning, Artificial Intelligence, Cloud platforms, and Python or R|Develop and implement machine learning models and AI solutions",4.csv,Data Scientist / ML Engineer,3.6,,0,Bhubaneswar,Mid,False,,,Machine Learning Engineer,Data Scientist / ML Engineer,
250826021351,Machine Learning Engineer,Machine Learning Engineer,Data Science & Machine Learning,Data Science & Analytics,"Full Time, Permanent",IT Services & Consulting,1,1,1 Yrs,Filuet,Chenani,,300000.0,500000.0,False,3-5 Lacs,2026-08-25 15:25:07,"Strong knowledge of Python and AI/ML fundamentals with exposure to Generative AI, LLMs, and Prompt Engineering|Develop and maintain full stack applications using JavaScript, React, Node.js/Python backend, APIs, and databases with AI tool integration",4.csv,Data Scientist / ML Engineer,5.0,Tensorflow|AI|Scikit-learn|Node.js|AI Guardrails|AI Workflows|React|Machine Learning|Deep Learning|REST API|PyTorch|Java Script|MLFlow|API|Azure Machine Learning|ML|Python,17,Chenani,Entry,True,300000.0,500000.0,Machine Learning Engineer,Data Scientist / ML Engineer,tensorflow|ai|scikit-learn|pytorch|mlflow|ai workflows|machine learning|python|react|rest api|ai guardrails|java script|node.js|azure machine learning|api|deep learning
100926030093,Machine Learning Engineer,Machine Learning Engineer,Data Science & Machine Learning,Data Science & Analytics,"Full Time, Permanent",IT Services & Consulting,2,4,2-4 Yrs,Eduitalent Co.,Noida,,1200000.0,1400000.0,False,12-14 Lacs,2026-09-10 18:03:07,"2–4 years experience in Python, Scikit-learn, Classical ML, XGBoost, LightGBM, feature engineering, and statistics|Develop and evaluate machine learning models",4.csv,Data Scientist / ML Engineer,,Xgboost|light|LightGBM|Classical ML|Statistics|Scikit-Learn|Python|SQL|Random Forest,9,Noida,Entry,True,1200000.0,1400000.0,Machine Learning Engineer,Data Scientist / ML Engineer,scikit-learn|random forest|classical ml|xgboost|lightgbm|statistics|python|sql|light
230626506949,Staff Machine Learning Engineer,Data Platform Engineer,Software Development,Engineering - Software & QA,"Full Time, Permanent",IT Services & Consulting,10,12,10-12 Yrs,Intellify Solutions,Remote,,0.0,0.0,True,Not Disclosed,2026-06-23 18:39:22,"Bachelors degree required|Experience deploying ML and AI models using cloud microservice architecture (AWS preferred). |Strong software engineering skills,including object oriented programming,testing,version control,CI / CD best practices and IaC (terraform preferred). |Hands-on experience with multimodal data (text,images,3D). .",4.csv,Data Scientist / ML Engineer,4.0,python|supply chain|version control|ai|iac|numpy|machine learning|pandas|cloud|tensorflow|data science|computer vision|pytorch|manufacturing|terraform|software engineering|aws|programming|ai models|architecture|statistics|ml,22,Remote,Senior,False,,,Data Platform Engineer,Other IT,machine learning|numpy|software engineering|programming|ai models|data science|version control|iac|computer vision|pandas|python|supply chain|pytorch|manufacturing|statistics|tensorflow|ai|terraform|aws|cloud|architecture
220726500332,Machine Learning Engineer - IV (Computer Vision),Machine Learning Engineer,Data Science & Machine Learning,Data Science & Analytics,"Full Time, Permanent",IT Services & Consulting,5,10,5-10 Yrs,Jumio,Remote,,0.0,0.0,True,Not Disclosed,2026-07-22 15:42:00,"Fairness Ethics: You understand the sources of algorithmic bias in Computer Vision and have practical experience measuring and mitigating disparate impact.  . Strong Engineering: Expert proficiency in Python (both machine learning and vision libraries such as Pillow,OpenCV,PyTorch,etc)",4.csv,Data Scientist / ML Engineer,4.0,jax|algorithms|aml|gaming|airflow|ai|machine learning|financial services|fintech|cloud native|cloud|biometrics|automation|b2b|ec2|compliance|computer vision|design|data privacy|aws|architecture|communication skills|ml,23,Remote,Mid,False,,,Machine Learning Engineer,Data Scientist / ML Engineer,machine learning|cloud native|fintech|ec2|computer vision|communication skills|data privacy|algorithms|jax|b2b|airflow|design|ai|biometrics|aml|aws|financial services|cloud|compliance|architecture|automation|gaming
200726502616,Machine Learning Engineer,Machine Learning Engineer,Data Science & Machine Learning,Data Science & Analytics,"Full Time, Permanent",Industrial Equipment / Machinery,0,2,0-2 Yrs,Park Controls & Communications,Bengaluru,,0.0,0.0,True,Not Disclosed,2026-07-20 16:44:31,0-2 years preferably in Aerospace and Defence sectors|Skill Experience |Experience in documenting processes and findings effectively|Experience,4.csv,Data Scientist / ML Engineer,3.4,Report generation|C++|Automation|Aerospace|Analytical|Machine learning|Data processing|model development|Predictive analytics|Python,10,Bengaluru,Entry,False,,,Machine Learning Engineer,Data Scientist / ML Engineer,analytical|model development|c++|report generation|machine learning|predictive analytics|python|automation|aerospace|data processing
110826507201,Machine Learning Engineer,Blockchain Quality Assurance Engineer,Quality Assurance and Testing,Engineering - Software & QA,"Full Time, Permanent",Aviation,2,7,2-7 Yrs,The Eplane Company,Chennai,,0.0,0.0,True,Not Disclosed,2026-08-11 17:07:39,,4.csv,Data Scientist / ML Engineer,2.0,algorithms|kubernetes|generative ai|mathematics|prototyping|ai|model deployment|algebra|llm|machine learning|docker|containerization|ai tools|ml algorithms|elasticsearch|data structures|linear algebra|architecture|deployment|ml,20,Chennai,Entry,False,,,Blockchain Quality Assurance Engineer,QA / Test Engineer,ai|ml algorithms|linear algebra|machine learning|algorithms|llm/gen ai|docker|ai tools|containerization|model deployment|mathematics|algebra|elasticsearch|deployment|architecture|data structures|kubernetes|prototyping
80926500850,AI Machine Learning Engineer,Search Engineer,Software Development,Engineering - Software & QA,"Full Time, Permanent",IT Services & Consulting,8,13,8-13 Yrs,NCS Group,Pune,,0.0,0.0,True,Not Disclosed,2026-09-08 13:55:43,"basic,advanced,or professional),where applicable. Category Essential for this role Good to have Education and Qualifications Bachelor s or Master s degree in Computer Science or a related field Work Experience |Experience with model lifecycle management,including model registry,versioning,lineage,reproducibility,deployment tracking,and monitoring.",4.csv,Data Scientist / ML Engineer,3.3,mlops|data analysis|ai|databricks|power bi|machine learning|mlflow|sql|cloud|production operations|data quality|scripting|tableau|git|operations|azure ml|incident handling|ml models|azure|deployment|ml|ml pipelines,22,Pune,Senior,False,,,Search Engineer,Other IT,machine learning|mlflow|data quality|tableau|power bi|operations|ml models|incident handling|scripting|mlops|deployment|git|production operations|azure ml|data analysis|ai|azure|databricks|ml pipelines|cloud|sql
70926501832,Machine Learning Engineer,Machine Learning Engineer,Data Science & Machine Learning,Data Science & Analytics,"Full Time, Permanent",IT Services & Consulting,3,8,3-8 Yrs,Codelogicx,Kolkata,,0.0,0.0,True,Not Disclosed,2026-09-07 14:29:58,"Location. Kolkata,West Bengal,India. Job Type. Full time. Disclaimer: This job posting has been aggregated from external source|Minimum 3 years of hands on experience in core machine learning.  . Technical Skills",4.csv,Data Scientist / ML Engineer,3.8,algorithms|data preprocessing|generative ai|ai|linear regression|classification|llm|machine learning|artificial neural networks|deep learning|data cleaning|matplotlib|feature engineering|iso 9001|logistic regression|architecture|ml,17,Kolkata,Mid,False,,,Machine Learning Engineer,Data Scientist / ML Engineer,ai|feature engineering|machine learning|algorithms|llm/gen ai|artificial neural networks|logistic regression|data preprocessing|data cleaning|linear regression|classification|architecture|matplotlib|iso 9001|deep learning
70926501243,Machine Learning Engineer,Machine Learning Engineer,Data Science & Machine Learning,Data Science & Analytics,"Full Time, Permanent",IT Services & Consulting,2,7,2-7 Yrs,Kyptronix,Remote,,0.0,0.0,True,Not Disclosed,2026-09-07 14:28:55,"Experience with cloud platforms (AWS SageMaker,GCP Vertex AI). Masters degree in CS,Statistics,or related field preferred|Job Summary. 2+ years of experience in machine learning engineering.  |Experience with ML deployment tools (MLflow,Docker,Kubernetes).",4.csv,Data Scientist / ML Engineer,4.1,kubernetes|ai|aws sagemaker|model deployment|algebra|cloud platforms|ml deployment|classification|machine learning|docker|mlflow|cloud|gcp|data ingestion|feature engineering|aws|linear algebra|ml models|deployment|ml|ml pipelines,21,Remote,Entry,False,,,Machine Learning Engineer,Data Scientist / ML Engineer,feature engineering|linear algebra|machine learning|kubernetes|mlflow|aws sagemaker|ml models|cloud platforms|gcp|model deployment|algebra|classification|deployment|data ingestion|ai|ml pipelines|docker|aws|cloud|ml deployment
30926505164,Machine Learning Engineer,Blockchain Quality Assurance Engineer,Quality Assurance and Testing,Engineering - Software & QA,"Full Time, Permanent",IT Services & Consulting,2,7,2-7 Yrs,Proofpoint,Remote,,0.0,0.0,True,Not Disclosed,2026-09-03 18:55:20,"Required Qualifications |Experience 2+ years of experience in Machine Learning Engineering or Applied AI . Strong experience building and deploying ML systems in production . |Experience fine-tuning transformer models or LLMs Strong Python engineering skills . |Experience with modern ML frameworks such as PyTorch,Hugging Face,TensorFlow (optional) .",4.csv,Data Scientist / ML Engineer,4.3,lora|fine tuning|deploying models|data pipelines|ai|networking|machine learning|cybersecurity|data engineering|equity|cloud|collaboration tools|compensation and benefits|cyber|low latency|model evaluation|distillation|compliance|ml,19,Remote,Entry,False,,,Blockchain Quality Assurance Engineer,QA / Test Engineer,ai|networking|data pipelines|machine learning|data engineering|compensation and benefits|cybersecurity|low latency|compliance|equity|lora|fine tuning|collaboration tools|cyber|cloud|model evaluation|distillation|deploying models
250626505417,Machine Learning Engineer,Machine Learning Engineer,Data Science & Machine Learning,Data Science & Analytics,"Full Time, Permanent",IT Services & Consulting,1,3,1-3 Yrs,Aaron Softech,Jaipur,,0.0,0.0,True,Not Disclosed,2026-06-25 17:11:58,,4.csv,Data Scientist / ML Engineer,4.9,Computer science|Analytical skills|advanced analytics|Data analysis|data science|Artificial Intelligence|System integration|Machine learning|model development|Python,10,Jaipur,Entry,False,,,Machine Learning Engineer,Data Scientist / ML Engineer,system integration|computer science|artificial intelligence|model development|machine learning|analytical skills|advanced analytics|python|data analysis|data science
310826500439,Computer Vision / Machine Learning Engineer,Blockchain Quality Assurance Engineer,Quality Assurance and Testing,Engineering - Software & QA,"Full Time, Permanent",IT Services & Consulting,3,5,3-5 Yrs,Patterns7,Pune,,0.0,0.0,True,Not Disclosed,2026-08-31 16:35:51,"3-5 years of experience in Computer Vision and Machine Learning|Bachelor s or Master s degree in Computer Science,Artificial Intelligence,Machine Learning,Computer Vision,or a related field| . Hands-on experience with PyTorch or TensorFlow|Experience with object detection,image segmentation,and tracking algorithms",4.csv,Data Scientist / ML Engineer,4.9,image processing|algorithms|cuda|debug|ai solutions|embedded ai|ai|machine learning|ai deployment|artificial intelligence|deep learning|data annotation|computer vision|debugging|embedded|ai models|dataset management|deployment,18,Pune,Mid,False,,,Blockchain Quality Assurance Engineer,QA / Test Engineer,ai|ai solutions|artificial intelligence|embedded|machine learning|algorithms|debugging|cuda|ai deployment|ai models|image processing|computer vision|debug|embedded ai|dataset management|deployment|data annotation|deep learning
280825503404,Machine Learning Engineer,Machine Learning Engineer,Data Science & Machine Learning,Data Science & Analytics,"Full Time, Permanent",IT Services & Consulting,2,5,2-5 Yrs,Codersbay Technologies,Remote,,0.0,0.0,True,Not Disclosed,2025-08-28 17:13:57,,4.csv,Data Scientist / ML Engineer,,algorithms|python|modeling|natural language processing|software testing|data pipeline|machine learning|artificial intelligence|scalability|ml algorithms|predictive modeling|computer vision|troubleshooting|machine learning algorithms|ml,15,Remote,Entry,False,,,Machine Learning Engineer,Data Scientist / ML Engineer,ml algorithms|data pipeline|artificial intelligence|machine learning|nlp|software testing|algorithms|computer vision|predictive modeling|troubleshooting|scalability|python|modeling|machine learning algorithms
41125502230,Machine Learning Engineer,Machine Learning Engineer,Data Science & Machine Learning,Data Science & Analytics,"Full Time, Permanent",Software Product,2,7,2-7 Yrs,Level Ai,Noida,,0.0,0.0,True,Not Disclosed,2025-11-04 17:43:49,"Proficient in Python,NLP knowledge and practical experience in solving NLP problems in areas such as text classification,entity tagging,information retrieval,question-answering,natural language generation,clustering,etc|Knowledge and experience with data engineering,basic machine learning concepts,data mining,feature extraction,pattern recognition,etc",4.csv,Data Scientist / ML Engineer,2.0,Computer science|Artificial Intelligence|Machine learning|Data structures|Silicon|Open source|Data mining|Monitoring|Python|Recruitment,10,Noida,Entry,False,,,Machine Learning Engineer,Data Scientist / ML Engineer,computer science|artificial intelligence|machine learning|open source|data mining|python|recruitment|silicon|monitoring|data structures
30626505293,AI Engineer / Machine Learning Engineer,Data Platform Engineer,Software Development,Engineering - Software & QA,"Full Time, Permanent",IT Services & Consulting,2,7,2-7 Yrs,Katbotz India,REMOTE,,0.0,0.0,True,Not Disclosed,2026-06-03 18:26:29,"AI Engineer / Machine Learning Engineer MLOps . We are looking for an AI Engineer with strong experience in Machine Learning Operations (MLOps) to design,deploy,monitor,and maintain machine learning and AI models in production environments|Experience Required |Experience deploying models to production is mandatory",4.csv,Data Scientist / ML Engineer,,Training|NoSQL|GCP|Machine learning|Cloud|Data quality|Management|Monitoring|SQL|Python,10,REMOTE,Entry,False,,,Data Platform Engineer,Other IT,data quality|gcp|machine learning|training|monitoring|cloud|python|nosql|sql|management
300126501695,AI/Machine Learning Engineer,Machine Learning Engineer,Data Science & Machine Learning,Data Science & Analytics,"Full Time, Permanent",Building Material,2,6,2-6 Yrs,Cks Global Ventures,Pune,,0.0,0.0,True,Not Disclosed,2026-01-30 14:18:38,,4.csv,Data Scientist / ML Engineer,,Analytical skills|Computer vision|deep learning|3D modeling|Image processing|Analytical|Machine learning|Algorithm development|Programming|Python,10,Pune,Entry,False,,,Machine Learning Engineer,Data Scientist / ML Engineer,analytical|machine learning|image processing|3d modeling|computer vision|analytical skills|algorithm development|programming|python|deep learning
281123501423,Machine Learning Engineer (Speech) - AI,Machine Learning Engineer,Data Science & Machine Learning,Data Science & Analytics,"Full Time, Permanent",Software Product,3,7,3-7 Yrs,Level Ai,Remote,,0.0,0.0,True,Not Disclosed,2023-11-28 18:28:29,"Requirements :  . Bachelors in Computer Science or Electrical Engineering or related fields|Awareness of state of the art research in Speech NLP domain is a must. |Hands on experience on building CTC Attention based encoder-decoder models for ASr . Hands-on experience with Python,Linux and a Deep Learning framework like Pytorch / Tensorflow",4.csv,Data Scientist / ML Engineer,2.0,ASR|Linux|Transcription|Enterprise applications|Machine learning|Agile|Information retrieval|Silicon|Python,9,Remote,Mid,False,,,Machine Learning Engineer,Data Scientist / ML Engineer,linux|machine learning|agile|enterprise applications|python|silicon|transcription|asr|information retrieval
280123500461,Machine Learning Engineer,Machine Learning Engineer,Data Science & Machine Learning,Data Science & Analytics,"Full Time, Permanent",Film / Music / Entertainment,0,2,0-2 Yrs,Chingari,Bengaluru,,0.0,0.0,True,Not Disclosed,2023-01-28 21:25:35,"Bachelor s degree in computer science or a related technical discipline,with at least 3 years of related work experience in Python,C / C |Understand user behavior and apply various machine learning algorithms to optimize content consumption and production experience . Work with Chingari s cross functional teams to grow Chingari in important regional markets",4.csv,Data Scientist / ML Engineer,3.5,Computer science|deep learning|C|Coding|Machine learning|Programming|Data structures|Mentor|Data mining|Python,10,Bengaluru,Entry,False,,,Machine Learning Engineer,Data Scientist / ML Engineer,computer science|coding|machine learning|mentor|data mining|python|programming|data structures|deep learning
240826504585,Machine Learning Engineer,Blockchain Quality Assurance Engineer,Quality Assurance and Testing,Engineering - Software & QA,"Full Time, Permanent",Management Consulting,5,10,5-10 Yrs,Talent,Remote,,0.0,0.0,True,Not Disclosed,2026-08-24 17:25:08,"Rules-based resolution pipelines with LLM escalation,where the accumulated alias graph is the durable asset and escalation volume should fall over time",4.csv,Data Scientist / ML Engineer,3.3,embeddings|data domain|cloud|claude|claude code|deep learning|git|pytorch|software engineering|radius|dashboard|ml|frontier|snowflake|python|indexing|hr tech|ai|mining|classification|llm|machine learning|gdpr|dbt|aws,25,Remote,Mid,False,,,Blockchain Quality Assurance Engineer,QA / Test Engineer,machine learning|embeddings|software engineering|dashboard|frontier|claude|gdpr|llm/gen ai|mining|python|indexing|deep learning|pytorch|claude code|classification|radius|git|ai|snowflake|dbt|hr tech|aws|cloud|data domain
191124505953,AI / Machine Learning Engineer,Machine Learning Engineer,Data Science & Machine Learning,Data Science & Analytics,"Full Time, Permanent",Internet,1,5,1-5 Yrs,Edhitch,New Delhi,,0.0,0.0,True,Not Disclosed,2024-11-19 18:43:38,Experience with AI / ML projects or internships is a plus. .,4.csv,Data Scientist / ML Engineer,,Data analysis|Statistical modeling|data science|Machine learning|Programming|Python,6,New Delhi,Entry,False,,,Machine Learning Engineer,Data Scientist / ML Engineer,statistical modeling|machine learning|programming|python|data analysis|data science
220926016542,Walk-in || Machine Learning Operations (ML Ops) Engineer,Full Stack Developer,Software Development,Engineering - Software & QA,"Full Time, Permanent",IT Services & Consulting,6,10,6-10 Yrs,LTM,Chennai,,1000000.0,2000000.0,False,10-20 Lacs,2026-09-22 13:40:58,"Experience with CI/CD tools (Jenkins, Gitlab CI/CD), cloud platforms (AWS, GCP, Azure), and ML pipeline automation|Build and maintain ML pipelines, automate deployments, monitor model performance, and collaborate with data teams",4.csv,Data Scientist / ML Engineer,3.5,Github|Gitlab Ci / Cd|Jenkins|Terraform|GCP|Azure Machine Learning|AWS|Azure DevOps|Kubernetes,9,Chennai,Mid,True,1000000.0,2000000.0,Full Stack Developer,Full Stack Developer,gitlab ci / cd|terraform|gcp|azure devops|jenkins|aws|kubernetes|git|azure machine learning
40726016856,Machine Learning Operations (ML Ops) Engineer,Data Science & Machine Learning - Other,Data Science & Machine Learning,Data Science & Analytics,"Full Time, Permanent",IT Services & Consulting,5,10,5-10 Yrs,LTM,Chennai,,0.0,0.0,True,Not Disclosed,2026-09-22 12:27:09,"5+ years experience in MLOps with strong Python, SQL, and ML platform expertise (Databricks, MLflow, SageMaker)|Manage ML model lifecycle, implement CI/CD pipelines, and utilize cloud platforms (AWS, Azure, GCP)",4.csv,Data Scientist / ML Engineer,3.5,Azure Cloud|GCP|Microsoft Flow|Ci/Cd|SAGE|Databricks Engineer|AWS,7,Chennai,Mid,False,,,Data Science & Machine Learning - Other,Data Scientist / ML Engineer,sage|gcp|azure cloud|microsoft flow|databricks engineer|aws|ci/cd
310723500136,Machine Learning Engineer,Machine Learning Engineer,Data Science & Machine Learning,Data Science & Analytics,"Full Time, Permanent",IT Services & Consulting,2,5,2-5 Yrs,Data Collection Infotech,Bengaluru,,0.0,0.0,True,Not Disclosed,2023-07-31 11:02:15,The candidate should be responsible for all kinds of image processing using deep learning / machine learning algorithm and computer vision . Development of customized algorithm for image processing . |The candidate should have experience in image processing and large volume data handling or someone who has completed ML course should be suitable,4.csv,Data Scientist / ML Engineer,3.2,Computer vision|deep learning|Image processing|Machine learning|Algorithm development|Data processing|Data analytics|Mathematics|Statistics|Python,10,Bengaluru,Entry,False,,,Machine Learning Engineer,Data Scientist / ML Engineer,data analytics|machine learning|algorithm development|image processing|computer vision|mathematics|statistics|python|data processing|deep learning
200526502809,Machine Learning Engineer - Apple Store Online,Data Engineer,Software Development,Engineering - Software & QA,"Full Time, Permanent",Consumer Electronics & Appliances,2,7,2-7 Yrs,Apple,Bengaluru,,0.0,0.0,True,Not Disclosed,2026-05-20 16:35:38,"Each customer should feel like they are our only customer and our job is to set the bar for the experience they receive|Our main goal is to deliver a magical,personal digital experience where customers can shop,buy and learn everything Apple,wherever they are",4.csv,Data Scientist / ML Engineer,4.3,Automation|Usage|online retail|Machine learning|Corporate|Infrastructure|Manager Technology|Deployment|Mentor|Research,10,Bengaluru,Entry,False,,,Data Engineer,Data Engineer / Architect,corporate|machine learning|manager technology|mentor|online retail|infrastructure|usage|research|deployment|automation
280726023235,Machine Learning Engineer,Machine Learning Engineer,Data Science & Machine Learning,Data Science & Analytics,"Full Time, Permanent",IT Services & Consulting,7,12,7-12 Yrs,Tata Consultancy Services,Hyderabad,Pune,0.0,0.0,True,Not Disclosed,2026-09-01 15:28:56,"7+ years experience with 3+ years in AI/Gen AI, expertise in generative models, ML, reinforcement learning, NLP, cloud platforms (AWS, Azure, GCP), MLOps/LLMOps/AgentOps, Python/.Net/Java, and tools like LangChain, Phoenix, MLFlow|Design, implement, and optimize generative AI architectures and models; develop and deploy scalable AI solutions; apply CI/CD best practices for AI models",4.csv,Data Scientist / ML Engineer,3.2,MLOps|Langchain|Deep Learning|Python,4,Hyderabad,Senior,False,,,Machine Learning Engineer,Data Scientist / ML Engineer,python|langchain|mlops|deep learning
290626505555,Machine Learning Engineer II,Blockchain Quality Assurance Engineer,Quality Assurance and Testing,Engineering - Software & QA,"Full Time, Permanent",Hotels & Restaurants,2,7,2-7 Yrs,Expedia,Bengaluru,,0.0,0.0,True,Not Disclosed,2026-06-29 17:57:05,,4.csv,Data Scientist / ML Engineer,3.7,Computer science|Automation|Data modeling|Coding|Machine learning|Data structures|System design|Troubleshooting|Distribution system|Monitoring,10,Bengaluru,Entry,False,,,Blockchain Quality Assurance Engineer,QA / Test Engineer,distribution system|computer science|coding|machine learning|troubleshooting|data modeling|system design|monitoring|data structures|automation
291025502362,"Staff Engineer, Machine Learning",Machine Learning Engineer,Data Science & Machine Learning,Data Science & Analytics,"Full Time, Permanent",IT Services & Consulting,1,5,1-5 Yrs,Nagarro,Gurugram,,0.0,0.0,True,Not Disclosed,2025-10-29 17:36:56,Maintain up-to-date technical documentation. Disclaimer: This job description has been sourced from a public domain and may have been modified by Naukri.com to improve clarity for our users,4.csv,Data Scientist / ML Engineer,3.8,technical writing|python|data analytics|data analysis|natural language processing|neural networks|engineering|machine learning|artificial intelligence|sql|deep learning|r|tableau|data science|predictive modeling|technical documentation,16,Gurugram,Entry,False,,,Machine Learning Engineer,Data Scientist / ML Engineer,data analytics|technical documentation|artificial intelligence|neural networks|machine learning|nlp|data science|tableau|predictive modeling|technical writing|engineering|python|sql|data analysis|deep learning
180526503449,Machine Learning Engineer 4,Blockchain Quality Assurance Engineer,Quality Assurance and Testing,Engineering - Software & QA,"Full Time, Permanent",IT Services & Consulting,8,13,8-13 Yrs,Adobe,Bengaluru,,0.0,0.0,True,Not Disclosed,2026-05-18 13:40:41,"Experience working in a matrixed organization,driving alignment,and delivering results.  . Disclaimer : This job posting has been aggregated from external source",4.csv,Data Scientist / ML Engineer,3.7,Computer science|Adobe Acrobat|Backend|Machine learning|Cloud|Workflow|Adobe|Distribution system|Monitoring|Python,10,Bengaluru,Senior,False,,,Blockchain Quality Assurance Engineer,QA / Test Engineer,distribution system|computer science|adobe|machine learning|workflow|monitoring|cloud|backend|python|adobe acrobat
140526501197,Machine Learning Engineer - II,Blockchain Quality Assurance Engineer,Quality Assurance and Testing,Engineering - Software & QA,"Full Time, Permanent",IT Services & Consulting,10,15,10-15 Yrs,Adobe,Bengaluru,,0.0,0.0,True,Not Disclosed,2026-05-14 17:50:31,". What youll need to succeed . Masters or PhD in Computer Science,AI / ML or related fields or BTech and strong experience in AI / ML| . 10+ years of experience . 3+ years as a Lead / Architect . .",4.csv,Data Scientist / ML Engineer,3.7,Computer science|Adobe Acrobat|Backend|Usage|Lead Architect|Illustrator|Machine learning|Technical leadership|Photoshop|Adobe,10,Bengaluru,Senior,False,,,Blockchain Quality Assurance Engineer,QA / Test Engineer,computer science|adobe|machine learning|photoshop|illustrator|usage|lead architect|backend|adobe acrobat|technical leadership
120326501755,Machine Learning Engineer - 4,Blockchain Quality Assurance Engineer,Quality Assurance and Testing,Engineering - Software & QA,"Full Time, Permanent",IT Services & Consulting,5,10,5-10 Yrs,Adobe,Bengaluru,,0.0,0.0,True,Not Disclosed,2026-03-12 15:30:54,"Remain updated on emerging ML techniques and actively integrate innovations into video and media workflows.  . What youll Need to Succeed . 5+ years of hands-on experience in Machine Learning,Deep Learning,or related domains.  |Practical experience in computer vision tasks such as object detection,segmentation,tracking,video understanding,or temporal modeling.",4.csv,Data Scientist / ML Engineer,3.7,Adobe Acrobat|Computer vision|deep learning|Version control|GIT|Analytical|Machine learning|Research|Adobe|Python,10,Bengaluru,Mid,False,,,Blockchain Quality Assurance Engineer,QA / Test Engineer,analytical|machine learning|version control|computer vision|research|adobe|python|adobe acrobat|git|deep learning
10926500826,Machine Learning Engineer 3,Data Platform Engineer,Software Development,Engineering - Software & QA,"Full Time, Permanent",IT Services & Consulting,5,10,5-10 Yrs,Adobe,Bengaluru,,0.0,0.0,True,Not Disclosed,2026-09-01 15:28:24,"In this position,you will build and develop machine learning models from scratch,including custom transformer-based frameworks,to identify fraudulent actions,stop account sharing,and protect the experience of hundreds of millions of users|Minimum Qualifications|Preferred Qualifications|Experience in fraud detection,anomaly detection,or behavioral modeling",4.csv,Data Scientist / ML Engineer,3.7,Computer science|Adobe Acrobat|data science|System integration|Machine learning|Data collection|Adobe|Monitoring|Downstream|Python,10,Bengaluru,Mid,False,,,Data Platform Engineer,Other IT,system integration|computer science|machine learning|data collection|downstream|monitoring|adobe|python|adobe acrobat|data science
220424501411,Machine Learning Engineer,Machine Learning Engineer,Data Science & Machine Learning,Data Science & Analytics,"Full Time, Permanent",Software Product,0,5,0-5 Yrs,Eizen,Hyderabad,,0.0,0.0,True,Not Disclosed,2024-04-22 18:04:46,. Bachelors with 0-5+ years or MS with 0-3+ in engineering . |Minimum 5 experience in Machine Learning & Data Science Frameworks . |Experience in developing Python using FastAPI / FLASK frameworks . Nice to have Building Data Pipelines . |Practical experience with software engineering best-practices and a strong desire to create quality solutions and designs .,4.csv,Data Scientist / ML Engineer,2.4,Computer science|Computer vision|SAN|Linux|Coding|TDD|Machine learning|Debugging|Data structures|Python,10,Hyderabad,Entry,False,,,Machine Learning Engineer,Data Scientist / ML Engineer,linux|computer science|coding|machine learning|debugging|tdd|python|san|computer vision|data structures
150426503181,Machine Learning Engineer,Machine Learning Engineer,Data Science & Machine Learning,Data Science & Analytics,"Full Time, Permanent",IT Services & Consulting,0,2,0-2 Yrs,Nugen Intelligence,Mumbai,,0.0,0.0,True,Not Disclosed,2026-04-15 18:46:56,Strong ML background with experience implementing and optimizing deep learning models using PyTorch or TensorFlow|Experience with techniques that improve model reliability and performance in production environments,4.csv,Data Scientist / ML Engineer,,deep learning|Finance|Debugging|Machine learning|Legal|Regulatory compliance|Manager Technology|Healthcare|Deployment|Research,10,Mumbai,Entry,False,,,Machine Learning Engineer,Data Scientist / ML Engineer,machine learning|debugging|manager technology|legal|regulatory compliance|deployment|research|finance|healthcare|deep learning
20926927231,Machine Learning Engineer,Machine Learning Engineer,Data Science & Machine Learning,Data Science & Analytics,"Full Time, Permanent",Banking,3,3,3 Yrs,S&P Global Market Intelligence,Hyderabad,Bengaluru,0.0,0.0,True,Not Disclosed,2026-09-02 16:27:11,"3+ years hands-on ML, NLP, information retrieval experience; strong Python proficiency; experience with LLM orchestration frameworks like LangChain|Develop and deploy advanced ML systems; build retrieval-driven AI agents grounded in S&P data; evaluate and optimize LLM-based agents; scale ML applications; collaborate cross-functionally; manage full ML lifecycle",4.csv,Data Scientist / ML Engineer,3.9,Matplotlib|Documentation|Natural Language Processing|Data Exploration|Jupyter Notebook|Machine Learning|System|Sql|Jenkins|Communication Skills|Docker|Coding|Collaboration|Fundamentals|Pandas|Information Retrieval|Aws|Ml,18,Hyderabad,Mid,False,,,Machine Learning Engineer,Data Scientist / ML Engineer,documentation|coding|machine learning|nlp|docker|sql|jenkins|system|communication skills|collaboration|pandas|aws|data exploration|information retrieval|jupyter notebook|matplotlib|fundamentals
250825501594,Machine Learning Engineer,Machine Learning Engineer,Data Science & Machine Learning,Data Science & Analytics,"Full Time, Permanent",IT Services & Consulting,1,4,1-4 Yrs,Adytuminfotech,Kolkata,,0.0,0.0,True,Not Disclosed,2025-08-25 17:04:16,,4.csv,Data Scientist / ML Engineer,,Machine learning,1,Kolkata,Entry,False,,,Machine Learning Engineer,Data Scientist / ML Engineer,machine learning
120826504407,GeoAI / Machine Learning Engineer,Machine Learning Engineer,Data Science & Machine Learning,Data Science & Analytics,"Full Time, Permanent",IT Services & Consulting,2,5,2-5 Yrs,Digitalindian Business Solutions,Kolkata,,0.0,0.0,True,Not Disclosed,2026-08-12 18:00:22,,4.csv,Data Scientist / ML Engineer,4.9,data formats|python|predictive analytics|object detection|machine learning|docker|analytics|deep learning|tensorflow|geospatial|computer vision|pytorch|ml,13,Kolkata,Entry,False,,,Machine Learning Engineer,Data Scientist / ML Engineer,tensorflow|pytorch|data formats|machine learning|docker|analytics|geospatial|computer vision|predictive analytics|object detection|python|deep learning
110326505435,Machine Learning Engineer,Data Platform Engineer,Software Development,Engineering - Software & QA,"Full Time, Permanent",IT Services & Consulting,2,6,2-6 Yrs,Codeclouds It Solutions,Kolkata,,0.0,0.0,True,Not Disclosed,2026-03-11 18:45:43,,4.csv,Data Scientist / ML Engineer,3.7,Version control|Analytical|MySQL|Machine learning|System design|Open source|Forecasting|Distribution system|Monitoring|Python,10,Kolkata,Entry,False,,,Data Platform Engineer,Other IT,analytical|distribution system|machine learning|version control|open source|system design|monitoring|forecasting|python|mysql
180626506132,Data Science Or Machine Learning Engineer,Machine Learning Engineer,Data Science & Machine Learning,Data Science & Analytics,"Full Time, Permanent",IT Services & Consulting,5,8,5-8 Yrs,Sparix Global,Noida,,0.0,0.0,True,Not Disclosed,2026-06-18 17:07:44,"Preferred Qualifications . Bachelors or Masters degree in Computer Science,Data Science,Artificial Intelligence,or related field.  |Experience with graph databases and knowledge graphs.  |Required Skills |Experience with LLMs,Prompt Engineering,Fine-Tuning,RAG,Embeddings.  |Experience with SQL,NoSQL databases,ETL pipelines,and vector databases.",4.csv,Data Scientist / ML Engineer,4.2,Computer science|Automation|Data analysis|data science|Enterprise applications|Machine learning|Workflow|Open source|SQL|Python,10,Noida,Mid,False,,,Machine Learning Engineer,Data Scientist / ML Engineer,computer science|machine learning|enterprise applications|workflow|open source|python|sql|automation|data analysis|data science
170626504938,Data Science or Machine Learning Engineer,Machine Learning Engineer,Data Science & Machine Learning,Data Science & Analytics,"Full Time, Permanent",IT Services & Consulting,5,8,5-8 Yrs,Sparix Global,Remote,,0.0,0.0,True,Not Disclosed,2026-06-17 18:58:23,"Preferred Qualifications . Bachelors or Masters degree in Computer Science,Data Science,Artificial Intelligence,or related field.  |Experience with graph databases and knowledge graphs.  |Required Skills |Experience with LLMs,Prompt Engineering,Fine-Tuning,RAG,Embeddings.  |Experience with SQL,NoSQL databases,ETL pipelines,and vector databases.",4.csv,Data Scientist / ML Engineer,4.2,Automation|Data analysis|data science|Enterprise applications|Machine learning|Open source|SQL|Python,8,Remote,Mid,False,,,Machine Learning Engineer,Data Scientist / ML Engineer,machine learning|enterprise applications|open source|python|sql|automation|data analysis|data science
260625502580,Data Science & Machine Learning Engineer,Data Engineer,Software Development,Engineering - Software & QA,"Full Time, Permanent",IT Services & Consulting,3,8,3-8 Yrs,Beon Consult,Hyderabad,,0.0,0.0,True,Not Disclosed,2025-06-26 16:36:54,"Strong Python skills and experience with ML frameworks (e.g.,scikit-learn,TensorFlow,PyTorch) . Proficient in data preprocessing,feature engineering,and model validation techniques . |Solid SQL skills and experience with BI / dashboard tools such as Power BI . |Experience in Industry 0,manufacturing,or process automation projects",4.csv,Data Scientist / ML Engineer,,Process automation|data science|GCP|Machine learning|Agile|System design|German|Monitoring|SQL|Python,10,Hyderabad,Mid,False,,,Data Engineer,Data Engineer / Architect,gcp|machine learning|agile|system design|german|monitoring|python|sql|process automation|data science
190626502646,Staff Machine Learning Engineer (Data & Audience Platform Team),Machine Learning Engineer,Data Science & Machine Learning,Data Science & Analytics,"Full Time, Permanent",Film / Music / Entertainment,8,13,8-13 Yrs,Warner Bros. Discovery,Hyderabad,,0.0,0.0,True,Not Disclosed,2026-06-19 15:46:45,"This role requires 8+ years of experience,exceptional depth across the ML stack,and the ability to influence technical decisions across organizational boundaries.  . What You ll Do. Technical Vision & Architecture. .",4.csv,Data Scientist / ML Engineer,3.9,Computer science|cortex|Automation|Architecture|Neural networks|Machine learning|Data quality|Monitoring|SQL|Python,10,Hyderabad,Senior,False,,,Machine Learning Engineer,Data Scientist / ML Engineer,computer science|data quality|neural networks|cortex|machine learning|monitoring|architecture|python|sql|automation
110926016991,Machine Learning Operations Engineer,Other,Other,Other,"Full Time, Permanent",Hardware & Networking,2,4,2-4 Yrs,Qualys,Pune,,0.0,0.0,True,Not Disclosed,2026-09-11 16:16:41,"23 years experience in ML product deployment, expertise in Binary/Multi-class Classification, Recommendation Chatbots, CI/CD with Jenkins, Kubernetes, MLflow, Kubeflow, PyTorch, CUDA|Design, build, and deploy ML pipelines (NER, Classification), maintain CI/CD workflows, implement model monitoring, collaborate on retraining, deploy with Helm on Kubernetes, optimize LLM performance",4.csv,Data Scientist / ML Engineer,3.4,,0,Pune,Entry,False,,,Other,Other IT,
191225002614,AI/ Machine Learning Engineers/ Leads/ Architects/ Mngrs- Fortune 500,Data Science & Machine Learning - Other,Data Science & Machine Learning,Data Science & Analytics,"Full Time, Permanent",IT Services & Consulting,5,10,5-10 Yrs,Mukul Consultants,Hyderabad,Pune,2000000.0,3500000.0,False,20-35 Lacs,2026-09-09 10:03:23,"Experience in Machine Learning, LLM, Gen AI, NLP, or Computer Vision; 4 to 27 years|Openings for Data Scientists, AI/ML Engineers, Leads, and Architects across various skills",4.csv,Data Scientist / ML Engineer,,Ml Engineer|Gen AI|AI ML|NLP|Artificial Intelligence|computer vision|ML  Architect|AI Engineer|ML Lead|LLM,10,Hyderabad,Mid,True,2000000.0,3500000.0,Data Science & Machine Learning - Other,Data Scientist / ML Engineer,artificial intelligence|nlp|llm/gen ai|ai engineer|ai ml|ml engineer|computer vision|ml  architect|ml lead
240626505740,Staff Machine Learning Engineer (Video Insights),Blockchain Quality Assurance Engineer,Quality Assurance and Testing,Engineering - Software & QA,"Full Time, Permanent",Events / Live Entertainment,7,9,7-9 Yrs,Viacom18,Bengaluru,,0.0,0.0,True,Not Disclosed,2026-06-24 16:33:23,"Experience with version control (Git) and MLOps tools (MLflow,Weights Biases,or similar). |Experience with model evaluation frameworks,A / B testing,and continuous experimentation infrastructure. Proficiency with GPU-based training and inference optimization using CUDA or similar frameworks. .",4.csv,Data Scientist / ML Engineer,3.5,Computer science|Electrical engineering|Computer vision|deep learning|Version control|GIT|Machine learning|Open source|Video codecs|Python,10,Bengaluru,Senior,False,,,Blockchain Quality Assurance Engineer,QA / Test Engineer,computer science|electrical engineering|machine learning|version control|open source|computer vision|video codecs|python|git|deep learning
80926924764,Machine Learning Ops Engineer,Machine Learning Engineer,Data Science & Machine Learning,Data Science & Analytics,"Full Time, Permanent",Accounting / Auditing,2,6,2-6 Yrs,Bread Financial,Bengaluru,,0.0,0.0,True,Not Disclosed,2026-09-08 15:31:38,"Bachelor's in CS/Engineering with 2+ years in AI Operations or related fields|Provide L1-L3 support for AIOps products, automate monitoring, analyze data, develop Python scripts, collaborate with teams, and update stakeholders",4.csv,Data Scientist / ML Engineer,3.7,Data Science|DevOps|ServiceNow|Data Engineering|GitHub|Artificial Intelligence|Data Analysis|JIRA|Azure Devops|Microsoft Excel,10,Bengaluru,Entry,False,,,Machine Learning Engineer,Data Scientist / ML Engineer,artificial intelligence|azure devops|data engineering|microsoft excel|jira|devops|git|servicenow|data analysis|data science
150726504962,Machine Learn Engineer 5,Application Engineer,Engineering,"Production, Manufacturing & Engineering","Full Time, Permanent",Electronics Manufacturing,3,5,3-5 Yrs,Lattice Semiconductor (india),Pune,,0.0,0.0,True,Not Disclosed,2026-07-15 17:55:12,"Required Skills and Qualifications |Exceptional ability to influence senior stakeholders,define strategy,and drive ambiguous initiatives. PhD in CS,EE,AI / ML or equivalent strongly preferred (with significant research / industry contributions)",4.csv,Data Scientist / ML Engineer,4.9,customer success|customer service|neural networks|ai|research|sales|cloud|compensation and benefits|marketing|operations|intellectual property|internet of things|design|leadership|manufacturing|power management|automotive|ml,18,Pune,Mid,False,,,Application Engineer,Other IT,leadership|ai|power management|neural networks|compensation and benefits|manufacturing|machine learning|operations|intellectual property|customer success|research|customer service|cloud|marketing|design|automotive|internet of things|sales
260226504543,Machine Learning Engineer,Machine Learning Engineer,Data Science & Machine Learning,Data Science & Analytics,"Full Time, Permanent",Electronics Manufacturing,2,4,2-4 Yrs,Mittal Alliance,Indore,,0.0,0.0,True,Not Disclosed,2026-02-26 17:45:43,Continuously monitor and improve the performance of machine learning models. Disclaimer: This job description has been sourced from a public domain and may have been modified by Naukri.com to improve clarity for our users,4.csv,Data Scientist / ML Engineer,,hive|algorithms|python|data analysis|natural language processing|data warehousing|data pipeline|machine learning|sql|pandas|amazon ec2|tableau|java|data science|spark|gcp|kafka|mysql|data visualization|hadoop|aws|big data|etl|architecture,24,Indore,Entry,False,,,Machine Learning Engineer,Data Scientist / ML Engineer,data pipeline|machine learning|amazon ec2|etl|data science|apache spark|tableau|pandas|python|gcp|algorithms|data visualization|java|kafka|hive|data analysis|nlp|data warehousing|hadoop|aws|big data|architecture|mysql|sql
10926506605,PRINCIPAL ENGINEER - AI & MACHINE LEARNING,Data Engineer,Software Development,Engineering - Software & QA,"Full Time, Permanent",IT Services & Consulting,5,10,5-10 Yrs,Lepton Software Export & Research,Gurugram,,0.0,0.0,True,Not Disclosed,2026-09-01 18:03:17,Required Qualifications . - 5+ years of hands-on experience building production data and AI / ML systems. - Experience designing and implementing large-scale data platforms and ML infrastructure. - Strong understanding of Generative AI and LLM-based applications in production,4.csv,Data Scientist / ML Engineer,3.5,analytics platforms|data analytics|ai|ai & machine learning|ai infrastructure|data architecture|data engineering|data infrastructure|analytics|cloud|automation|compliance|data governance|data ingestion|data lake|architecture,16,Gurugram,Mid,False,,,Data Engineer,Data Engineer / Architect,ai|data analytics|data architecture|data governance|analytics|data engineering|data lake|compliance|ai & machine learning|analytics platforms|ai infrastructure|cloud|data ingestion|architecture|data infrastructure|automation
210826504120,Principal Engineer - AI & Machine Learning,Data Engineer,Software Development,Engineering - Software & QA,"Full Time, Permanent",IT Services & Consulting,5,10,5-10 Yrs,Lepton Software Export & Research,Gurugram,,0.0,0.0,True,Not Disclosed,2026-08-21 18:08:51,Experience designing and implementing large-scale data platforms and ML infrastructure . Strong understanding of Generative AI and LLM-based applications in production . |Required Qualifications . 5+ years of hands-on experience building production data and AI / ML systems . |Preferred Qualifications . |Experience building AI-powered enterprise platforms .,4.csv,Data Scientist / ML Engineer,3.5,data analytics|data pipelines|data platforms|data lineage|ai|ai & machine learning|ai infrastructure|data architecture|data engineering|analytics|cloud|automation|compliance|data governance|data ingestion|data lake|architecture,17,Gurugram,Mid,False,,,Data Engineer,Data Engineer / Architect,data analytics|ai|data architecture|data governance|data platforms|data pipelines|data engineering|analytics|data ingestion|data lake|compliance|ai & machine learning|data lineage|ai infrastructure|cloud|architecture|automation
221225502698,"Machine Learning Research Engineer, Apple Intelligence",Software Development - Other,Software Development,Engineering - Software & QA,"Full Time, Permanent",Consumer Electronics & Appliances,3,12,3-12 Yrs,Apple,Bengaluru,,0.0,0.0,True,Not Disclosed,2025-12-22 18:03:31,,4.csv,Data Scientist / ML Engineer,4.3,Training|Product engineering|Focus|Machine learning|Architectural design|Programming|Deployment|Natural language processing|Research,9,Bengaluru,Mid,False,,,Software Development - Other,Other IT,architectural design|machine learning|nlp|training|research|focus|deployment|programming|product engineering
310826505584,Machine Learning Engineer - APAC,Machine Learning Engineer,Data Science & Machine Learning,Data Science & Analytics,"Full Time, Permanent",Printing & Publishing,4,7,4-7 Yrs,Elsevier,Bengaluru,,0.0,0.0,True,Not Disclosed,2026-08-31 17:43:05,"This role directly supports our strategic shift toward machine learning,predictive analytics,and Agentic development in the region,enabling faster and more reliable delivery of insights and outcomes for APAC stakeholders on our modern data platforms. .",4.csv,Data Scientist / ML Engineer,3.8,Computer science|Automation|Data processing|Workflow|Windows|microsoft|Analytics|Monitoring|SQL|Python,10,Bengaluru,Mid,False,,,Machine Learning Engineer,Data Scientist / ML Engineer,computer science|analytics|workflow|windows|monitoring|python|microsoft|sql|automation|data processing
180926503722,Full Stack Developer,Full Stack Developer,Software Development,Engineering - Software & QA,"Full Time, Permanent",Biotechnology,0,2,0-2 Yrs,Paarsh Infotech,Nashik,,0.0,0.0,True,Not Disclosed,2026-09-18 17:52:18,"In order for you to succeed in this role,you will need to be proficient in JavaScript,HTML,CSS,and have solid knowledge and experience in programming applications",5.csv,Full Stack Developer,2.2,CSS|Web technologies|Programming|Javascript|HTML|Web designing,6,Nashik,Entry,False,,,Full Stack Developer,Full Stack Developer,web designing|html|web technologies|programming|javascript|css
240926037182,Full-Stack Developer - React & Snowflake SPCS,Full Stack Developer,Software Development,Engineering - Software & QA,"Full Time, Permanent",IT Services & Consulting,4,8,4-8 Yrs,Bahwan CyberTek,Pune,Chennai,0.0,0.0,True,Not Disclosed,2026-09-24 17:56:56,"Experience with Claude Code/COCO assisted programming, React.js, TypeScript, Tailwind CSS, Docker, and Snowflake SPCS|Deploy and manage full-stack applications, provide post-go-live hypercare support",5.csv,Full Stack Developer,3.2,Claude Code,1,Pune,Mid,False,,,Full Stack Developer,Full Stack Developer,claude code
210926922732,Full Stack developer,Full Stack Developer,Software Development,Engineering - Software & QA,"Full Time, Permanent",IT Services & Consulting,1,6,1-6 Yrs,Infosys,Bengaluru,,0.0,0.0,True,Not Disclosed,2026-09-21 17:09:03,"Bachelor of Engineering or Integrated BCA+MCA with expertise in React JS, Python, and AI integration|Design and deploy AI-enabled web apps, build responsive interfaces, develop scalable backend services and AI-powered solutions, integrate Generative AI models, and collaborate with stakeholders",5.csv,Full Stack Developer,3.5,bpo|enterprise applications|classification|cloud technologies|cloud|digital solutions|application integration|apis|data science|data ingestion|full stack|coding standards|azure openai|document processing|azure|deployment,16,Bengaluru,Entry,False,,,Full Stack Developer,Full Stack Developer,application integration|document processing|azure|enterprise applications|cloud technologies|full stack|azure openai|bpo|classification|deployment|cloud|digital solutions|data ingestion|coding standards|apis|data science
220926019078,AWS Full Stack Developer,Full Stack Data Scientist,Data Science & Machine Learning,Data Science & Analytics,"Full Time, Permanent",IT Services & Consulting,4,8,4-8 Yrs,PwC,Pune,Bengaluru,0.0,0.0,True,Not Disclosed,2026-09-22 14:18:58,"4.5-8 years experience with AWS Amplify, TypeScript, REST API design, DynamoDB, CI/CD pipelines, and Infrastructure as Code|Develop frontend and backend using React/Angular and Java/Python/Node.js, design secure APIs, manage AWS databases, build CI/CD pipelines, and implement containerization",5.csv,Full Stack Developer,3.3,Iac,1,Pune,Mid,False,,,Full Stack Data Scientist,Data Scientist / ML Engineer,iac
180926922597,Agentic GEN AI Full Stack Developer,Search Engineer,Software Development,Engineering - Software & QA,"Full Time, Permanent",IT Services & Consulting,3,8,3-8 Yrs,Capgemini,Bengaluru,,0.0,0.0,True,Not Disclosed,2026-09-18 15:29:47,"3+ years experience with Python and React, 2+ years developing RAG-based chatbots and Agentic AI, strong AWS (DynamoDB, Lambda, EKS, IAM, SSO) and Terraform skills|Build and maintain production services, develop RAG-based chatbot and Agentic AI systems, manage cloud infrastructure using Terraform and Docker",5.csv,Full Stack Developer,3.6,Aws Services|Chatbot|Full Stack|React|Full Stack Developer|Docker|Iam|Terraform|Cloud|Rag|Bitbucket|Ai Engineer|Aws|Lambda|Python,15,Bengaluru,Mid,False,,,Search Engineer,Other IT,aws services|terraform|docker|ai engineer|bitbucket|python|full stack|full stack developer|aws|react|chatbot|cloud|rag|iam|lambda
20626006982,Walk-in || Full Stack Developer (NodeJS + NextJS),Full Stack Developer,Software Development,Engineering - Software & QA,"Full Time, Permanent",IT Services & Consulting,9,14,9-14 Yrs,Tata Consultancy Services,Bengaluru,,0.0,0.0,True,Not Disclosed,2026-09-22 22:17:35,"Exposure to NoSQL databases (MongoDB preferred) |Cloud exposure (AWS / Azure preferred) |Experience Range - 9+ Years . Mode of Interview: F2F . Date- 26th Sep 2026 |Ownership beyond implementation-quality,resilience,and user experience . Work with databases (SQL / NoSQL) as per application needs |Balance developer experience (DX) with end-user experience (UX) . .",5.csv,Full Stack Developer,3.2,Express|React.js,2,Bengaluru,Senior,False,,,Full Stack Developer,Full Stack Developer,react|express
230926500243,Full Stack Developer,Full Stack Developer,Software Development,Engineering - Software & QA,"Full Time, Permanent",Education / Training,6,8,6-8 Yrs,Ecorp Trainings,Bengaluru,,0.0,0.0,True,Not Disclosed,2026-09-23 16:12:56,"Details Should be able to isolate errors by trouble-shooting the application stack from application to framework to underlying infrastructure dependencies and network| . Full Stack Developer . Must have skills |Must have exposure to Shell(UNIX) or python scripting working knowledge|Experience with REST API,GIT,Docker,Jenkins,Maven",5.csv,Full Stack Developer,1.1,algorithms|maven|full stack developer|apache storm|networking|javascript|concurrency|docker|apache kafka|apache|git|java|apis|kafka|jenkins|debugging|data structures|debugging and troubleshooting|angularjs|communication skills,20,Bengaluru,Mid,False,,,Full Stack Developer,Full Stack Developer,full stack developer|apache kafka|data structures|apache|networking|apache storm|communication skills|maven|debugging and troubleshooting|concurrency|algorithms|java|jenkins|kafka|javascript|git|apis|docker|debugging|angular
240926930026,Full-Stack Developer,Full Stack Developer,Software Development,Engineering - Software & QA,"Full Time, Permanent",IT Services & Consulting,8,13,8-13 Yrs,Fujitsu,Hyderabad,Chennai,0.0,0.0,True,Not Disclosed,2026-09-24 16:38:55,"8+ years experience with Java, Spring Boot, Node.js, Vue.js, RESTful API design, Oracle/MySQL and MongoDB|Design, develop, test, deploy, and maintain full-stack applications; build and integrate REST APIs; optimize database access; troubleshoot and support production; collaborate with cross-functional teams",5.csv,Full Stack Developer,3.8,apache|apache kafka|api design|api integration|apis|application performance monitoring|automated testing|ci/cd pipelines|cloud|cloud platforms|coding standards|containerization|database technologies|debugging|deployment|devops,16,Hyderabad,Senior,False,,,Full Stack Developer,Full Stack Developer,database technologies|debugging|ci/cd pipelines|devops|cloud platforms|containerization|application performance monitoring|apache kafka|api design|api integration|cloud|apache|automated testing|deployment|coding standards|apis
240926502876,Full Stack Developer (Backend-Focused),Full Stack Developer,Software Development,Engineering - Software & QA,"Full Time, Permanent",IT Services & Consulting,3,8,3-8 Yrs,Barracuda Networks,Bengaluru,,0.0,0.0,True,Not Disclosed,2026-09-24 16:49:36,"Our customers range from top-5 global banks and oil companies to small businesses who lack IT expertise - therefore,a key focus of our engineering efforts is using automation and Machine Learning to help our customers detect threats and tune their configuration for maximum security.  . Tech Stack Exposure . |Required . Proficient in Python and relevant work experience. .",5.csv,Full Stack Developer,3.4,bdd|business requirements|full stack developer|cloud technologies|cybersecurity|equity|code quality|docker|cloud|database management|cyber|automation|django|apis|application security|firewall|bash|agile|aws|bash scripting|azure,21,Bengaluru,Mid,False,,,Full Stack Developer,Full Stack Developer,database management|agile|cybersecurity|firewall|application security|full stack developer|bash scripting|django|code quality|cyber|business requirements|equity|apis|bash|azure|docker|cloud technologies|bdd|aws|cloud|automation
240926501199,Full-Stack Developer,Full Stack Developer,Software Development,Engineering - Software & QA,"Full Time, Permanent",IT Services & Consulting,3,5,3-5 Yrs,Artdex And Cognoscis Technologies,Bengaluru,,0.0,0.0,True,Not Disclosed,2026-09-24 16:47:08,,5.csv,Full Stack Developer,4.3,embeddings|api development|ci/cd pipelines|debug|business requirements|ai|automated testing|docker|cloud|celery|django|git|apis|elasticsearch|gcp|asynchronous|cloud infrastructure|aws|hooks|application deployment|deployment,21,Bengaluru,Mid,False,,,Full Stack Developer,Full Stack Developer,embeddings|django|asynchronous|api development|automated testing|business requirements|cloud infrastructure|gcp|elasticsearch|deployment|git|apis|ai|docker|ci/cd pipelines|celery|debug|aws|hooks|application deployment|cloud
230926942154,Opening For Full Stack Developer @Walkingtree Tech,Full Stack Developer,Software Development,Engineering - Software & QA,"Full Time, Permanent",IT Services & Consulting,7,10,7-10 Yrs,Walking Tree,Bengaluru,,0.0,0.0,True,Not Disclosed,2026-09-23 19:54:41,Must have Skill set: Java + any front-end(Angular or React)+any cloud(AWS or Azure),5.csv,Full Stack Developer,3.1,Spring Boot|React.js|aws|Angular|Microservices|azure,6,Bengaluru,Senior,False,,,Full Stack Developer,Full Stack Developer,azure|spring boot|aws|react|microservices|angular
230926936310,Full Stack Developer,Treasury Executive,Treasury,Finance & Accounting,"Full Time, Permanent",Advertising & Marketing,2,6,2-6 Yrs,Bitespeed,Bengaluru,,0.0,0.0,True,Not Disclosed,2026-09-23 17:48:39,"Experience with React or Vue.js and state management (Redux), backend development using Node.js and Postgres, familiarity with testing and error tracking tools like Sentry|Design, develop, and deploy frontend and backend features; build pixel-perfect responsive UIs; optimize application performance and scalability; collaborate with cross-functional teams",5.csv,Full Stack Developer,1.0,Vue.js|Performance Optimization|Redux|Node.js|Postgres|React,6,Bengaluru,Entry,False,,,Treasury Executive,Other IT,performance optimization|postgresql|vue.js|react|node.js|redux
230926504271,Full-Stack Developer Backend Focus,Full Stack Developer,Software Development,Engineering - Software & QA,"Full Time, Permanent",Aviation,7,11,7-11 Yrs,Indo French Chamber of Commerce and Industry (IFCCI),Bengaluru,,0.0,0.0,True,Not Disclosed,2026-09-23 18:06:18,"You will therefore have the opportunity to . contribute not only to development,but also to the technical architecture,security,scalability . and long-term evolution of the platform|We are looking for a developer with solid experience in modern web application development . and particularly strong backend capabilities",5.csv,Full Stack Developer,,ci/cd pipelines|business requirements|access management|automated testing|backend development|application monitoring|application architectures|automation|apis|application security|aerospace|automotive|application deployment|architecture,14,Bengaluru,Senior,False,,,Full Stack Developer,Full Stack Developer,aerospace|ci/cd pipelines|automotive|application monitoring|access management|backend development|application security|application deployment|architecture|application architectures|automated testing|automation|apis|business requirements
230926503024,Full Stack Developer,Full Stack Developer,Software Development,Engineering - Software & QA,"Full Time, Permanent",IT Services & Consulting,6,7,6-7 Yrs,Technogen India,Bengaluru,,0.0,0.0,True,Not Disclosed,2026-09-23 16:54:19,"The candidate should be comfortable working across both backend and frontend technologies and should have experience delivering solutions in a data-intensive environment.  . Key Responsibilities. Design,develop,and maintain scalable backend systems and services using Python.  . |Preferred Skills. .",5.csv,Full Stack Developer,3.1,core data|data pipelines|data processing|cloud platforms|agile development|backend development|data engineering|application development|docker|cloud|apis|full stack|debugging|agile|aws|architecture|azure|deployment,18,Bengaluru,Mid,False,,,Full Stack Developer,Full Stack Developer,application development|azure|data pipelines|docker|data engineering|debugging|agile|full stack|agile development|core data|backend development|aws|deployment|cloud|architecture|cloud platforms|apis|data processing
230926023978,Immediate Hiring Alert - AI Generative Full Stack Developer - BI-FGJII,Full Stack Developer,Software Development,Engineering - Software & QA,"Full Time, Permanent",IT Services & Consulting,5,10,5-10 Yrs,Bounteous,Gurugram,Chennai,0.0,0.0,True,Not Disclosed,2026-09-23 14:44:42,"6+ years full-stack experience with AI/LLM integration, strong backend skills (Python, Node.js, Java, Go), and AWS deployment ownership|Design, build, and ship AI-powered full-stack features, integrate LLMs, maintain backend services and infrastructure, contribute to UI delivery, collaborate in agile teams",5.csv,Full Stack Developer,3.1,generative ai|React.js|AWS|Python,4,Gurugram,Mid,False,,,Full Stack Developer,Full Stack Developer,llm/gen ai|aws|react|python
190926000325,"Full Stack Developer (Mid-Level) Remote, Work From Home",Full Stack Developer,Software Development,Engineering - Software & QA,"Full Time, Permanent",IT Services & Consulting,0,5,0-5 Yrs,Rxtro,Hyderabad,,1000000.0,1800000.0,False,10-18 Lacs,2026-09-19 03:39:19,"3–5 years experience as full stack developer with React, C#/Java, and SQL Server on Azure|Build and maintain React front end and C#/Java backend, optimize SQL Server data models, deploy on Azure, collaborate with Sydney team, write clean code, troubleshoot full stack issues",5.csv,Full Stack Developer,,Java|Azure Cloud|.NET|React.js|Azure DevOps,5,Hyderabad,Entry,True,1000000.0,1800000.0,Full Stack Developer,Full Stack Developer,azure devops|azure cloud|java|react|.net
110926503765,Full Stack Developer,Full Stack Developer,Software Development,Engineering - Software & QA,"Full Time, Permanent",Software Product,0,3,0-3 Yrs,Comviva Technology,Bengaluru,,0.0,0.0,True,Not Disclosed,2026-09-11 15:53:25,,5.csv,Full Stack Developer,2.7,ci/cd pipelines|application design|automated testing|cloud platforms|application architecture|backend development|apache camel|cloud|angular|apache|apis|coding standards|agile|aws|css3|architecture|azure|browser compatibility,18,Bengaluru,Entry,False,,,Full Stack Developer,Full Stack Developer,apache camel|application design|azure|agile|ci/cd pipelines|cloud platforms|application architecture|backend development|css3|aws|browser compatibility|cloud|architecture|apache|automated testing|coding standards|apis|angular
220926936010,Full Stack Developer,Full Stack Developer,Software Development,Engineering - Software & QA,"Full Time, Permanent",Software Product,10,13,10-13 Yrs,BMC Software,Bengaluru,Bengaluru,0.0,0.0,True,Not Disclosed,2026-09-22 16:32:10,"8+ years Java development experience with multi-threaded server-side and relational databases|Develop backend server features for SaaS platform, work in agile Scrum teams, collaborate across teams, and implement new technologies|Midpoint salary at 3,398,800 INR with variable plan and country-specific benefits",5.csv,Full Stack Developer,3.9,continuous integration|employee training|java backend|full stack developer|java development|bmc control-m|analytical skills|financial transactions|docker|automation|git|java|kafka|aws|architecture|communication skills,16,Bengaluru,Senior,False,,,Full Stack Developer,Full Stack Developer,docker|java development|financial transactions|java backend|analytical skills|java|kafka|full stack developer|employee training|bmc control-m|aws|communication skills|architecture|git|automation|continuous integration
220926500430,Full Stack Developer,Full Stack Developer,Software Development,Engineering - Software & QA,"Full Time, Permanent",IT Services & Consulting,0,1,0-1 Yrs,Opseazy,Chennai,,0.0,0.0,True,Not Disclosed,2026-09-22 16:24:35,,5.csv,Full Stack Developer,4.1,node|restful|restful apis|ux|apis|postgresql|ui|full stack developer|js|react|web applications|mongodb,12,Chennai,Entry,False,,,Full Stack Developer,Full Stack Developer,ui|postgresql|web applications|full stack developer|node|restful apis|ux|react|mongodb|restful|javascript|apis
220926016600,Agentic AI Full Stack Developer,Full Stack Developer,Software Development,Engineering - Software & QA,"Full Time, Permanent",IT Services & Consulting,0,3,0-3 Yrs,Quadlabs Technologies,Gurugram,,0.0,0.0,True,Not Disclosed,2026-09-22 13:41:38,"Experience in building AI agents, agentic workflows, RAG, multi-agent systems using Python, LangGraph/LangChain, FastMCP, and cloud platforms like Azure/AWS|Design and develop AI agents, build LLM-powered applications, develop MCP servers and integrate with AI workflows, build scalable backend and frontend services, containerize and deploy applications, implement production-grade reliability",5.csv,Full Stack Developer,2.9,Node.js|React.js,2,Gurugram,Entry,False,,,Full Stack Developer,Full Stack Developer,node.js|react
180926503773,Full Stack Developer,Full Stack Developer,Software Development,Engineering - Software & QA,"Full Time, Permanent",Biotechnology,0,3,0-3 Yrs,Digital Webber,Kolkata,,0.0,0.0,True,Not Disclosed,2026-09-18 17:52:20,"Candidates should be comfortable to work in night shift. Interview Process: HR & Technical( Basic Quality) Round. Job type: Full Time. Night Shift: 9:00-6:00 am. Job Location is Ergo Tower,Block EP&GP,Sector V,WB,Kol700091. Facilities : . Saturday Sunday fixed off|Experienced and fresher are both welcomed|Minimum qualification: 12th standard",5.csv,Full Stack Developer,3.8,Basic|Web technologies|Web development|HR|Digital marketing|Computer operating,6,Kolkata,Entry,False,,,Full Stack Developer,Full Stack Developer,hr|basic|digital marketing|computer operating|web development|web technologies
210926922756,Full Stack Developer,Full Stack Developer,Software Development,Engineering - Software & QA,"Full Time, Permanent",IT Services & Consulting,1,6,1-6 Yrs,Infosys,Pune,,0.0,0.0,True,Not Disclosed,2026-09-21 17:09:21,"Bachelor's or Master's in Engineering, Technology, or Computer Science with 7-8 years full-stack development experience; expertise in TypeScript, Node.js (Express/NestJS), Java Spring Boot, RESTful APIs, microservices, and secure coding practices|Develop scalable backend services and APIs; build modular frontend components using React/Angular/Vue; design API gateways and integration layers; implement OAuth2.0, JWT, SSO; optimize full-stack performance; maintain CI/CD pipelines and automated testing; troubleshoot production issues; collaborate across teams in agile environment",5.csv,Full Stack Developer,3.5,cqrs|ci/cd pipelines|ai|automated testing|aws lambda|cypress|docker|azure functions|cloud|angular|apis|compliance|devops|debugging|coding standards|api security|aws|application deployment|architecture|azure|deployment,21,Pune,Entry,False,,,Full Stack Developer,Full Stack Developer,devops|azure functions|api security|automated testing|aws lambda|deployment|apis|ai|azure|docker|debugging|ci/cd pipelines|cqrs|aws|application deployment|cloud|compliance|cypress|architecture|coding standards|angular
240926041652,Full Stack Developer,Full Stack Developer,Software Development,Engineering - Software & QA,"Full Time, Permanent",IT Services & Consulting,3,5,3-5 Yrs,Ascendion Engineering,India,,0.0,0.0,True,Not Disclosed,2026-09-24 20:32:24,"Proficient in JavaScript/TypeScript, React.js/Angular/Vue.js, Node.js/Java/Python/.NET, REST API design, and SQL/NoSQL databases|Design, develop, test, and maintain scalable full stack web applications with robust APIs and database management",5.csv,Full Stack Developer,3.1,Programming|HTML|Angular|Backend Development|TypeScript|Rest|Software Development|Front End|NoSQL|Database Management|MySQL|Javascript|.NET|SQL Database|React.js|Web Development|Python|Java|CSS|API Integration|Github|Postgresql|Debugging|Node.js|SQL|Vue.js|GIT|API|MongoDB|Gitlab,30,India,Mid,False,,,Full Stack Developer,Full Stack Developer,database management|gitlab|html|.net|api integration|vue.js|programming|software development|backend development|react|python|mongodb|java|web development|sql database|javascript|rest|nosql|git|api|front end|debugging|typescript|postgresql|node.js|mysql|sql|css|angular
280826006696,Principal Full-Stack Developer,Full Stack Developer,Software Development,Engineering - Software & QA,"Full Time, Permanent",IT Services & Consulting,9,14,9-14 Yrs,Centroid,Hyderabad,,0.0,0.0,True,Not Disclosed,2026-09-23 11:43:46,"9+ years in full-stack development with expertise in .NET/C#, Python, React, React Native, and cloud platforms (Azure, AWS, OCI)|Lead architecture and development of scalable full-stack applications, design APIs and microservices, integrate cloud services, guide teams, and contribute to CI/CD pipelines|Competitive compensation aligned with experience and expertise",5.csv,Full Stack Developer,3.3,C#|Reactnative|PostgreSQL|Prometheus|Node.js|React|Grafana|Angular|YAML|Classic CI/CD pipelines|GitHub Actions|Microsoft Azure|Application Insights|AWS,14,Hyderabad,Senior,False,,,Full Stack Developer,Full Stack Developer,reactnative|yaml|github actions|azure|postgresql|prometheus|application insights|aws|react|grafana|classic ci/cd pipelines|node.js|c#|angular
240926503706,Full Stack Developer,Full Stack Developer,Software Development,Engineering - Software & QA,"Full Time, Permanent",IT Services & Consulting,2,5,2-5 Yrs,iOceane,REMOTE,,0.0,0.0,True,Not Disclosed,2026-09-24 17:50:42,,5.csv,Full Stack Developer,4.1,branding|full stack developer|js|programming languages|code quality|angular|database management|marketing|node|digital media|django|java|api design|apis|postgresql|brand visibility|mysql|front-end development|mongodb|programming,20,REMOTE,Entry,False,,,Full Stack Developer,Full Stack Developer,database management|full stack developer|api design|programming|django|front-end development|code quality|node|marketing|mongodb|programming languages|java|brand visibility|digital media|branding|javascript|apis|postgresql|mysql|angular
240926502452,Full Stack Developer,Full Stack Developer,Software Development,Engineering - Software & QA,"Full Time, Permanent",IT Services & Consulting,3,6,3-6 Yrs,Wissen Infotech,Hyderabad,,0.0,0.0,True,Not Disclosed,2026-09-24 16:48:50,,5.csv,Full Stack Developer,3.5,api gateway|application design|automated testing|application monitoring|application development|apache kafka|apache|apis|aws cloud|asynchronous|agile methodologies|agile|api security|aws|application deployment|architecture,16,Hyderabad,Mid,False,,,Full Stack Developer,Full Stack Developer,application development|application design|agile|application monitoring|api gateway|aws|apache kafka|agile methodologies|application deployment|architecture|apache|automated testing|aws cloud|asynchronous|apis|api security
240926501755,Full Stack Developer,Full Stack Developer,Software Development,Engineering - Software & QA,"Full Time, Permanent",IT Services & Consulting,5,10,5-10 Yrs,Wissen Infotech,Hyderabad,,0.0,0.0,True,Not Disclosed,2026-09-24 16:47:35,"Experience. 5-15 Years. | Proficiency in Typescript and a good understanding of React. |Solid experience with the python and Node.js,including the ability to develop RESTful APIs. |Experience with containerization of service using Docker.",5.csv,Full Stack Developer,3.5,cursor|front end|copilot|event driven|it services|ai|full stack developer|js|financial services|docker|healthcare|containerization|gemini|angular|claude|node|apis|kafka|full stack|manufacturing|debugging|json|agile|aws,24,Hyderabad,Mid,False,,,Full Stack Developer,Full Stack Developer,json|agile|containerization|full stack|full stack developer|claude|node|manufacturing|event driven|kafka|cursor|javascript|apis|healthcare|ai|front end|copilot|docker|debugging|aws|financial services|gemini|it services|angular
240926501197,Full-Stack Developer,Full Stack Developer,Software Development,Engineering - Software & QA,"Full Time, Permanent",IT Services & Consulting,3,5,3-5 Yrs,Artdex And Cognoscis Technologies,Mumbai,,0.0,0.0,True,Not Disclosed,2026-09-24 16:47:08,,5.csv,Full Stack Developer,4.3,embeddings|api development|ci/cd pipelines|debug|business requirements|ai|automated testing|docker|cloud|celery|django|git|apis|elasticsearch|gcp|asynchronous|cloud infrastructure|aws|hooks|application deployment|deployment,21,Mumbai,Mid,False,,,Full Stack Developer,Full Stack Developer,embeddings|django|asynchronous|api development|automated testing|business requirements|cloud infrastructure|gcp|elasticsearch|deployment|git|apis|ai|docker|ci/cd pipelines|celery|debug|aws|hooks|application deployment|cloud
240926500526,Full Stack Developer,Full Stack Developer,Software Development,Engineering - Software & QA,"Full Time, Permanent",IT Services & Consulting,2,3,2-3 Yrs,Fuerte Developers,Rajkot,,,,False,Unpaid,2026-09-24 16:46:12,,5.csv,Full Stack Developer,4.1,css|software development|full stack developer|communication and interpersonal skills|backend development|web applications|code quality|javascript|sql|database management|apis|web technologies|html|full-stack development,14,Rajkot,Entry,True,,,Full Stack Developer,Full Stack Developer,database management|code quality|software development|html|communication and interpersonal skills|backend development|web applications|full stack developer|web technologies|full-stack development|javascript|sql|css|apis
240926500520,Full Stack Developer,Full Stack Developer,Software Development,Engineering - Software & QA,"Full Time, Permanent",IT Services & Consulting,3,5,3-5 Yrs,Microprixs Solution Jaipur,Jaipur,,0.0,0.0,True,Not Disclosed,2026-09-24 16:46:11,,5.csv,Full Stack Developer,3.4,api development|laravel|full stack developer|js|react|code quality|angular|database management|node|apis|php|mysql|mongodb,13,Jaipur,Mid,False,,,Full Stack Developer,Full Stack Developer,mysql|database management|code quality|api development|full stack developer|node|react|mongodb|php|javascript|laravel|apis|angular
230926942153,Opening For Full Stack Developer @Walkingtree Tech,Full Stack Developer,Software Development,Engineering - Software & QA,"Full Time, Permanent",IT Services & Consulting,7,10,7-10 Yrs,Walking Tree,Faridabad,,0.0,0.0,True,Not Disclosed,2026-09-23 19:54:40,Must have Skill set: Java + any front-end(Angular or React)+any cloud(AWS or Azure),5.csv,Full Stack Developer,3.1,Spring Boot|React.js|aws|Angular|Microservices|azure,6,Faridabad,Senior,False,,,Full Stack Developer,Full Stack Developer,azure|spring boot|aws|react|microservices|angular
230926942152,Opening For Full Stack Developer @Walkingtree Tech,Full Stack Developer,Software Development,Engineering - Software & QA,"Full Time, Permanent",IT Services & Consulting,7,10,7-10 Yrs,Walking Tree,Noida,,0.0,0.0,True,Not Disclosed,2026-09-23 19:54:39,Must have Skill set: Java + any front-end(Angular or React)+any cloud(AWS or Azure),5.csv,Full Stack Developer,3.1,Spring Boot|React.js|aws|Angular|Microservices|azure,6,Noida,Senior,False,,,Full Stack Developer,Full Stack Developer,azure|spring boot|aws|react|microservices|angular
230926942151,Opening For Full Stack Developer @Walkingtree Tech,Full Stack Developer,Software Development,Engineering - Software & QA,"Full Time, Permanent",IT Services & Consulting,7,10,7-10 Yrs,Walking Tree,Gurugram,,0.0,0.0,True,Not Disclosed,2026-09-23 19:54:38,Must have Skill set: Java + any front-end(Angular or React)+any cloud(AWS or Azure),5.csv,Full Stack Developer,3.1,Spring Boot|React.js|aws|Angular|Microservices|azure,6,Gurugram,Senior,False,,,Full Stack Developer,Full Stack Developer,azure|spring boot|aws|react|microservices|angular
230926942149,Opening For Full Stack Developer @Walkingtree Tech,Full Stack Developer,Software Development,Engineering - Software & QA,"Full Time, Permanent",IT Services & Consulting,7,10,7-10 Yrs,Walking Tree,New Delhi,,0.0,0.0,True,Not Disclosed,2026-09-23 19:54:37,Must have Skill set: Java + any front-end(Angular or React)+any cloud(AWS or Azure),5.csv,Full Stack Developer,3.1,Spring Boot|React.js|aws|Angular|Microservices|azure,6,New Delhi,Senior,False,,,Full Stack Developer,Full Stack Developer,azure|spring boot|aws|react|microservices|angular
230926942148,Opening For Full Stack Developer @Walkingtree Tech,Full Stack Developer,Software Development,Engineering - Software & QA,"Full Time, Permanent",IT Services & Consulting,7,10,7-10 Yrs,Walking Tree,Nagpur,,0.0,0.0,True,Not Disclosed,2026-09-23 19:54:36,"Proficient in Java, front-end frameworks (Angular or React), and cloud platforms (AWS or Azure)|Design and develop scalable backend applications, build microservices, implement RESTful APIs, optimize databases, create reusable UI components, deploy on cloud, and implement CI/CD pipelines",5.csv,Full Stack Developer,3.1,Spring Boot|React.js|aws|Angular|Microservices|azure,6,Nagpur,Senior,False,,,Full Stack Developer,Full Stack Developer,azure|spring boot|aws|react|microservices|angular
230926942147,Opening For Full Stack Developer @Walkingtree Tech,Full Stack Developer,Software Development,Engineering - Software & QA,"Full Time, Permanent",IT Services & Consulting,7,10,7-10 Yrs,Walking Tree,Bhubaneswar,,0.0,0.0,True,Not Disclosed,2026-09-23 19:54:35,Must have Skill set: Java + any front-end(Angular or React)+any cloud(AWS or Azure),5.csv,Full Stack Developer,3.1,Spring Boot|React.js|aws|Angular|Microservices|azure,6,Bhubaneswar,Senior,False,,,Full Stack Developer,Full Stack Developer,azure|spring boot|aws|react|microservices|angular
230926942145,Opening For Full Stack Developer @Walkingtree Tech,Full Stack Developer,Software Development,Engineering - Software & QA,"Full Time, Permanent",IT Services & Consulting,7,10,7-10 Yrs,Walking Tree,Lucknow,,0.0,0.0,True,Not Disclosed,2026-09-23 19:54:34,Must have Skill set: Java + any front-end(Angular or React)+any cloud(AWS or Azure),5.csv,Full Stack Developer,3.1,Spring Boot|React.js|aws|Angular|Microservices|azure,6,Lucknow,Senior,False,,,Full Stack Developer,Full Stack Developer,azure|spring boot|aws|react|microservices|angular
230926942144,Opening For Full Stack Developer @Walkingtree Tech,Full Stack Developer,Software Development,Engineering - Software & QA,"Full Time, Permanent",IT Services & Consulting,7,10,7-10 Yrs,Walking Tree,Kochi,,0.0,0.0,True,Not Disclosed,2026-09-23 19:54:33,Must have Skill set: Java + any front-end(Angular or React)+any cloud(AWS or Azure),5.csv,Full Stack Developer,3.1,Spring Boot|React.js|aws|Angular|Microservices|azure,6,Kochi,Senior,False,,,Full Stack Developer,Full Stack Developer,azure|spring boot|aws|react|microservices|angular
230926942143,Opening For Full Stack Developer @Walkingtree Tech,Full Stack Developer,Software Development,Engineering - Software & QA,"Full Time, Permanent",IT Services & Consulting,7,10,7-10 Yrs,Walking Tree,Coimbatore,,0.0,0.0,True,Not Disclosed,2026-09-23 19:54:33,Must have Skill set: Java + any front-end(Angular or React)+any cloud(AWS or Azure),5.csv,Full Stack Developer,3.1,Spring Boot|React.js|aws|Angular|Microservices|azure,6,Coimbatore,Senior,False,,,Full Stack Developer,Full Stack Developer,azure|spring boot|aws|react|microservices|angular
230926942141,Opening For Full Stack Developer @Walkingtree Tech,Full Stack Developer,Software Development,Engineering - Software & QA,"Full Time, Permanent",IT Services & Consulting,7,10,7-10 Yrs,Walking Tree,Surat,,0.0,0.0,True,Not Disclosed,2026-09-23 19:54:32,Must have Skill set: Java + any front-end(Angular or React)+any cloud(AWS or Azure),5.csv,Full Stack Developer,3.1,Spring Boot|React.js|aws|Angular|Microservices|azure,6,Surat,Senior,False,,,Full Stack Developer,Full Stack Developer,azure|spring boot|aws|react|microservices|angular
230926942140,Opening For Full Stack Developer @Walkingtree Tech,Full Stack Developer,Software Development,Engineering - Software & QA,"Full Time, Permanent",IT Services & Consulting,7,10,7-10 Yrs,Walking Tree,Jaipur,,0.0,0.0,True,Not Disclosed,2026-09-23 19:54:31,"Proficient in Java, Spring Boot, front-end frameworks (Angular or React), and cloud platforms (AWS or Azure)|Design and develop scalable backend applications, build microservices, implement RESTful APIs, optimize relational databases, create reusable UI components, deploy on cloud, and implement CI/CD pipelines",5.csv,Full Stack Developer,3.1,Spring Boot|React.js|aws|Angular|Microservices|azure,6,Jaipur,Senior,False,,,Full Stack Developer,Full Stack Developer,azure|spring boot|aws|react|microservices|angular
230926942138,Opening For Full Stack Developer @Walkingtree Tech,Full Stack Developer,Software Development,Engineering - Software & QA,"Full Time, Permanent",IT Services & Consulting,7,10,7-10 Yrs,Walking Tree,Chandigarh,,0.0,0.0,True,Not Disclosed,2026-09-23 19:54:30,Must have Skill set: Java + any front-end(Angular or React)+any cloud(AWS or Azure),5.csv,Full Stack Developer,3.1,Spring Boot|React.js|aws|Angular|Microservices|azure,6,Chandigarh,Senior,False,,,Full Stack Developer,Full Stack Developer,azure|spring boot|aws|react|microservices|angular
230926942137,Opening For Full Stack Developer @Walkingtree Tech,Full Stack Developer,Software Development,Engineering - Software & QA,"Full Time, Permanent",IT Services & Consulting,7,10,7-10 Yrs,Walking Tree,Indore,,0.0,0.0,True,Not Disclosed,2026-09-23 19:54:29,Must have Skill set: Java + any front-end(Angular or React)+any cloud(AWS or Azure),5.csv,Full Stack Developer,3.1,Spring Boot|React.js|aws|Angular|Microservices|azure,6,Indore,Senior,False,,,Full Stack Developer,Full Stack Developer,azure|spring boot|aws|react|microservices|angular
230926942135,Opening For Full Stack Developer @Walkingtree Tech,Full Stack Developer,Software Development,Engineering - Software & QA,"Full Time, Permanent",IT Services & Consulting,7,10,7-10 Yrs,Walking Tree,Ahmedabad,,0.0,0.0,True,Not Disclosed,2026-09-23 19:54:29,Must have Skill set: Java + any front-end(Angular or React)+any cloud(AWS or Azure),5.csv,Full Stack Developer,3.1,Spring Boot|React.js|aws|Angular|Microservices|azure,6,Ahmedabad,Senior,False,,,Full Stack Developer,Full Stack Developer,azure|spring boot|aws|react|microservices|angular
230926942134,Opening For Full Stack Developer @Walkingtree Tech,Full Stack Developer,Software Development,Engineering - Software & QA,"Full Time, Permanent",IT Services & Consulting,7,10,7-10 Yrs,Walking Tree,Kolkata,,0.0,0.0,True,Not Disclosed,2026-09-23 19:54:28,Must have Skill set: Java + any front-end(Angular or React)+any cloud(AWS or Azure),5.csv,Full Stack Developer,3.1,Spring Boot|React.js|aws|Angular|Microservices|azure,6,Kolkata,Senior,False,,,Full Stack Developer,Full Stack Developer,azure|spring boot|aws|react|microservices|angular
230926942133,Opening For Full Stack Developer @Walkingtree Tech,Full Stack Developer,Software Development,Engineering - Software & QA,"Full Time, Permanent",IT Services & Consulting,7,10,7-10 Yrs,Walking Tree,Chennai,,0.0,0.0,True,Not Disclosed,2026-09-23 19:54:27,Must have Skill set: Java + any front-end(Angular or React)+any cloud(AWS or Azure),5.csv,Full Stack Developer,3.1,Spring Boot|React.js|aws|Angular|Microservices|azure,6,Chennai,Senior,False,,,Full Stack Developer,Full Stack Developer,azure|spring boot|aws|react|microservices|angular
230926942132,Opening For Full Stack Developer @Walkingtree Tech,Full Stack Developer,Software Development,Engineering - Software & QA,"Full Time, Permanent",IT Services & Consulting,7,10,7-10 Yrs,Walking Tree,Pune,,0.0,0.0,True,Not Disclosed,2026-09-23 19:54:26,"Proficient in Java, Spring Boot, front-end frameworks (Angular or React), and cloud platforms (AWS or Azure)|Design and develop scalable backend applications, build microservices, implement RESTful APIs, optimize relational databases, create reusable UI components, deploy on cloud, and implement CI/CD pipelines",5.csv,Full Stack Developer,3.1,Spring Boot|React.js|aws|Angular|Microservices|azure,6,Pune,Senior,False,,,Full Stack Developer,Full Stack Developer,azure|spring boot|aws|react|microservices|angular
230926942131,Opening For Full Stack Developer @Walkingtree Tech,Full Stack Developer,Software Development,Engineering - Software & QA,"Full Time, Permanent",IT Services & Consulting,7,10,7-10 Yrs,Walking Tree,Hyderabad,,0.0,0.0,True,Not Disclosed,2026-09-23 19:54:25,Must have Skill set: Java + any front-end(Angular or React)+any cloud(AWS or Azure),5.csv,Full Stack Developer,3.1,Spring Boot|React.js|aws|Angular|Microservices|azure,6,Hyderabad,Senior,False,,,Full Stack Developer,Full Stack Developer,azure|spring boot|aws|react|microservices|angular
230926942129,Opening For Full Stack Developer @Walkingtree Tech,Full Stack Developer,Software Development,Engineering - Software & QA,"Full Time, Permanent",IT Services & Consulting,7,10,7-10 Yrs,Walking Tree,Mumbai,,0.0,0.0,True,Not Disclosed,2026-09-23 19:54:25,Must have Skill set: Java + any front-end(Angular or React)+any cloud(AWS or Azure),5.csv,Full Stack Developer,3.1,Spring Boot|React.js|aws|Angular|Microservices|azure,6,Mumbai,Senior,False,,,Full Stack Developer,Full Stack Developer,azure|spring boot|aws|react|microservices|angular
230926935110,Full stack developer,Full Stack Developer,Software Development,Engineering - Software & QA,"Full Time, Permanent",IT Services & Consulting,2,4,2-4 Yrs,Shashwath Solution,Noida,,0.0,0.0,True,Not Disclosed,2026-09-23 17:42:29,"Expertise in Java, C++, Golang, React.js, Next.js, microservices, Docker, RESTful API development, and frontend frameworks|Design, develop, and maintain scalable backend and frontend web applications; build RESTful APIs; integrate third-party services; optimize databases; collaborate with UX/UI and cross-functional teams",5.csv,Full Stack Developer,,continuous integration|kubernetes|css|gulp|ci/cd|vue.js|microservices|docker|react.js|git|postgresql|webpack|devops|html|mysql|typescript|mongodb|rest|javascript|angular|spring boot|tdd|babel|aws,24,Noida,Entry,False,,,Full Stack Developer,Full Stack Developer,html|webpack|vue.js|devops|kubernetes|react|mongodb|microservices|continuous integration|tdd|gulp|spring boot|ci/cd|javascript|rest|git|docker|typescript|postgresql|aws|babel|mysql|css|angular
230926504077,Full Stack Developer,Full Stack Developer,Software Development,Engineering - Software & QA,"Full Time, Permanent",IT Services & Consulting,2,5,2-5 Yrs,Ebizon Net Info,Noida,,0.0,0.0,True,Not Disclosed,2026-09-23 18:05:59,"The new interface must closely align with FinIQ s UI / UX standards,and include chat functionality,role-based access,and backend API integrations. Key Responsibilities:  Frontend Development:  . Set up and configure the React / Next.js project structure|5 years of experience in React.js and Next.js development|Experience with RESTful API integration,especially with FastAPI .",5.csv,Full Stack Developer,3.3,chatbot|frontend development|ci/cd pipelines|api integration|generative ai|ai|full stack developer|articulate|corporate finance|agile|dash|flask|data flow|css3|dashboard|finance|browser compatibility|communication skills|deployment,19,Noida,Entry,False,,,Full Stack Developer,Full Stack Developer,dash|agile|full stack developer|api integration|dashboard|browser compatibility|frontend development|data flow|llm/gen ai|communication skills|flask|articulate|chatbot|deployment|ai|corporate finance|ci/cd pipelines|css3|finance
230926503737,Full Stack Developer,Full Stack Developer,Software Development,Engineering - Software & QA,"Full Time, Permanent",IT Services & Consulting,4,9,4-9 Yrs,Ekloud Inc,Faridabad,,0.0,0.0,True,Not Disclosed,2026-09-23 17:22:39,"Project Duration: Minimum 6 months,extendable|Azure cloud experience preferred|Experience: 4+ Years|Strong experience in RESTful GraphQL APIs|Experience with SQL / NoSQL databases|Experience with third-party API integrations and e-commerce platforms will be an added advantage",5.csv,Full Stack Developer,3.9,CSS|NoSQL|Cloud|Javascript|E-commerce|HTML|JSON|Budgeting|SQL|Python,10,Faridabad,Mid,False,,,Full Stack Developer,Full Stack Developer,e-commerce|html|json|budgeting|cloud|python|javascript|sql|css|nosql
230926502676,AI & Full-Stack Developer,Full Stack Developer,Software Development,Engineering - Software & QA,"Full Time, Permanent",Real Estate,2,5,2-5 Yrs,Moneytree Realty Services,Noida,,0.0,0.0,True,Not Disclosed,2026-09-23 16:53:40,"Experience Required: 2-5 Years. Job Type: Full-Time. Job Summary. We are looking for an AI Full-Stack Developer (SDE-2) who can take ownership of building scalable web applications,AI-powered automation systems,CRM platforms,and technology integrations.  | Can independently own features from requirement to deployment.  | Good To Have",5.csv,Full Stack Developer,3.9,aws ec2|api integration|aws s3|automation systems|ai|artificial intelligence|backend architecture|aws rds|analytics|build automation|automation|apis|aws cloud|ai development|analytics dashboards|aws|architecture,17,Noida,Entry,False,,,Full Stack Developer,Full Stack Developer,ai|backend architecture|artificial intelligence|aws rds|analytics|ai development|aws s3|aws|analytics dashboards|api integration|automation systems|build automation|architecture|aws cloud|automation|apis|aws ec2
230926502616,Full Stack Developer,Blockchain Quality Assurance Engineer,Quality Assurance and Testing,Engineering - Software & QA,"Full Time, Permanent",IT Services & Consulting,1,6,1-6 Yrs,Oneture Technologies,Mumbai,,0.0,0.0,True,Not Disclosed,2026-09-23 16:53:34,,5.csv,Full Stack Developer,4.2,client success|python|full stack developer|express|agile|python developer|performance appraisal|research,8,Mumbai,Entry,False,,,Blockchain Quality Assurance Engineer,QA / Test Engineer,express|agile|performance appraisal|python developer|full stack developer|research|client success|python
230926502598,Full-Stack Developer,Full Stack Developer,Software Development,Engineering - Software & QA,"Full Time, Permanent",IT Services & Consulting,3,5,3-5 Yrs,Artdex And Cognoscis Technologies,Navi Mumbai,,0.0,0.0,True,Not Disclosed,2026-09-23 16:53:30,,5.csv,Full Stack Developer,4.3,embeddings|api development|ci/cd pipelines|debug|business requirements|ai|automated testing|docker|cloud|celery|django|git|apis|elasticsearch|gcp|asynchronous|cloud infrastructure|aws|hooks|application deployment|deployment,21,Mumbai,Mid,False,,,Full Stack Developer,Full Stack Developer,embeddings|django|asynchronous|api development|automated testing|business requirements|cloud infrastructure|gcp|elasticsearch|deployment|git|apis|ai|docker|ci/cd pipelines|celery|debug|aws|hooks|application deployment|cloud
230926502186,Full Stack Developer,Full Stack Developer,Software Development,Engineering - Software & QA,"Full Time, Permanent",IT Services & Consulting,2,7,2-7 Yrs,Ebizon Net Info,Noida,,0.0,0.0,True,Not Disclosed,2026-09-23 16:52:47,"Bachelor s Degree in Computer Science,Computer Engineering,or similar.  . Good Team Handling Experience. About Us:  . We re an international team who specialize in building technology products then helping brands grow with multi-channel demand generation marketing",5.csv,Full Stack Developer,3.3,nextjs|css|customer service|full stack developer|digital agency|js|react|react native|computer engineering|javascript|demand generation|marketing|data storage|microsoft teams|operations|saas|data structures|html|mysql|mongodb,20,Noida,Entry,False,,,Full Stack Developer,Full Stack Developer,react native|html|full stack developer|data structures|digital agency|saas|react|operations|marketing|mongodb|computer engineering|javascript|nextjs|data storage|customer service|microsoft teams|demand generation|mysql|css
230926501972,Full Stack Developer,Full Stack Developer,Software Development,Engineering - Software & QA,"Full Time, Permanent",IT Services & Consulting,2,7,2-7 Yrs,Ebizon Net Info,Noida,,0.0,0.0,True,Not Disclosed,2026-09-23 16:52:25,"Bachelor s Degree in Computer Science,Computer Engineering,or similar.  . Good Team Handling Experience. About Us:  . We re an international team who specialize in building technology products then helping brands grow with multi-channel demand generation marketing",5.csv,Full Stack Developer,3.3,nextjs|css|team handling|full stack developer|digital agency|js|react|react native|computer engineering|javascript|demand generation|marketing|data storage|operations|saas|data structures|html|mysql|technical documentation|mongodb,20,Noida,Entry,False,,,Full Stack Developer,Full Stack Developer,react native|html|full stack developer|data structures|digital agency|team handling|technical documentation|saas|react|operations|marketing|mongodb|computer engineering|javascript|nextjs|data storage|demand generation|mysql|css
230926501370,Full Stack Developer,Full Stack Developer,Software Development,Engineering - Software & QA,"Full Time, Permanent",IT Services & Consulting,4,5,4-5 Yrs,GladOwl,Pune,,0.0,0.0,True,Not Disclosed,2026-09-23 16:51:27,"Job Type: Full time.  . Key Responsibilities| 45 years of hands-on Full Stack Development experience.  . Strong knowledge of JavaScript,HTML,and CSS.  . Hands-on experience with React.js or a similar front-end framework.  . Strong backend experience with Node.js / Express.js,PHP,Python,or similar.  . Good understanding of REST APIs and database management.  | Good to Have",5.csv,Full Stack Developer,3.2,cms platforms|digital marketing|css|data validation|cms|full stack developer|js|cloud platforms|express|advertising|javascript|docker|cloud|database management|advertising agency|git|apis|full stack|debugging|html|aws|deployment,22,Pune,Mid,False,,,Full Stack Developer,Full Stack Developer,database management|html|full stack|full stack developer|data validation|cms platforms|cloud platforms|express|digital marketing|deployment|javascript|git|apis|docker|debugging|aws|advertising|cms|cloud|advertising agency|css
180926501396,React Full stack Developer,Full Stack Developer,Software Development,Engineering - Software & QA,"Full Time, Permanent",IT Services & Consulting,4,9,4-9 Yrs,ITC Infotech,Bengaluru,,0.0,0.0,True,Not Disclosed,2026-09-18 17:48:19,Must have- 4+ years of professional software engineering experience building production systems including rich experience in end-to-end system design and delivery. Strong proficiency in Go Golang for backend development and ReactNextjs or React Native for UI development|Prior experience in distributed systems high-traffic services or data-intensive platforms.,5.csv,Full Stack Developer,3.8,Computer science|UI development|Software design|Backend|Prototype|Enterprise applications|System design|Video conferencing|SDK|Distribution system,10,Bengaluru,Mid,False,,,Full Stack Developer,Full Stack Developer,distribution system|computer science|software design|enterprise applications|prototype|system design|video conferencing|backend|ui development|sdk
240926503934,Full-Stack Developer,Application Security Engineer,IT Security,IT & Information Security,"Full Time, Permanent",Architecture / Interior Design,4,8,4-8 Yrs,Auroma Architecture,Indore,,0.0,0.0,True,Not Disclosed,2026-09-24 17:51:09,"Ensuring complete security of all employees at work place and while travelling to and from office on company transport. Should develop an efficient Intelligence Sourcing and Information gathering and thwart any loss / damage|Ensure Critical Contact List (Fire Brigade,Police,Hospitals etc) should be updated & kept at vantage points",5.csv,Full Stack Developer,,c#|rest|fullstack development|css|software development|web application|bootstrap|ajax|javascript|jquery|spring|react.js|angular|spring boot|node.js|framework|java|json|html|mysql|mvc|angularjs|mongodb,23,Indore,Mid,False,,,Application Security Engineer,Other IT,json|html|jquery|spring|ajax|software development|react|mongodb|c#|web application|java|framework|spring boot|javascript|rest|mvc|fullstack development|bootstrap|node.js|mysql|css|angular
240926018849,Full Stack Developer,Other,Other,Other,"Full Time, Permanent",IT Services & Consulting,6,11,6-11 Yrs,Algoleap Technologies,Hyderabad,,0.0,0.0,True,Not Disclosed,2026-09-24 12:49:03,"9+ years experience with deep expertise in Microsoft .NET ecosystem, RESTful services, secure identity integrations, and SQL Server|Design, build, and maintain scalable full-stack web applications; lead client engagements; troubleshoot production issues; mentor junior engineers; implement secure authentication; optimize database and frontend components",5.csv,Full Stack Developer,4.2,.Net Core|.Net|Angular|SQL,4,Hyderabad,Mid,False,,,Other,Other IT,sql|.net core|.net|angular
150926036754,Intermediate Full Stack Developer,Full Stack Developer,Software Development,Engineering - Software & QA,"Full Time, Permanent",IT Services & Consulting,4,9,4-9 Yrs,Hour Consulting,Kolkata,,700000.0,1700000.0,False,7-17 Lacs,2026-09-23 00:30:18,"5+ years full stack development with Node.js, PHP, React/Angular, Microsoft Azure, CRM/MarTech integrations|Design, develop, and maintain cloud-native full stack applications; build secure REST APIs; integrate CRM and marketing platforms; deploy serverless solutions; manage databases; own CI/CD pipelines; mentor juniors|Competitive compensation with benefits and professional development support",5.csv,Full Stack Developer,,,0,Kolkata,Mid,True,700000.0,1700000.0,Full Stack Developer,Full Stack Developer,
230926043653,Full Stack Developer (ASP.NET + Typescript),Full Stack Developer,Software Development,Engineering - Software & QA,"Full Time, Permanent",Insurance,5,8,5-8 Yrs,Michael Page,Gurugram,,0.0,0.0,True,Not Disclosed,2026-09-23 21:14:38,"Experience with ASP.NET, C#, Typescript, Azure, DevOps, CI/CD, and Automation Testing|Develop and maintain full stack applications using listed technologies",5.csv,Full Stack Developer,,,0,Gurugram,Mid,False,,,Full Stack Developer,Full Stack Developer,
140926915346,Full Stack Developer,Full Stack Developer,Software Development,Engineering - Software & QA,"Full Time, Permanent",IT Services & Consulting,1,6,1-6 Yrs,Capgemini,Bengaluru,,0.0,0.0,True,Not Disclosed,2026-09-14 16:09:24,"4+ years experience with MEAN/MERN/MEVN stacks, expertise in Generative AI, RAG pipelines, and Vector Databases|Design, develop, and maintain scalable full-stack applications using modern JavaScript frameworks; build RESTful APIs and integrate AI capabilities; collaborate across teams and deploy via CI/CD pipelines",5.csv,Full Stack Developer,3.6,Mean|Cd|Node|Node.Js|Ci/Cd|Angular|Microservices|Mern|Vue.Js|Rest|Typescript|Javascript|Agile|Microsoft Azure|Aws|Ajax|Express|Artificial Intelligence|Nosql|Git|Gcp|Continuous Integration|Mongodb|Nosql Databases,24,Bengaluru,Entry,False,,,Full Stack Developer,Full Stack Developer,artificial intelligence|agile|cd|vue.js|ajax|node|mongodb|microservices|continuous integration|express|gcp|nosql databases|ci/cd|javascript|nosql|rest|git|azure|typescript|aws|mean|node.js|mern|angular
100926501746,Full Stack Developer- WD,Full Stack Developer,Software Development,Engineering - Software & QA,"Full Time, Permanent",Analytics / KPO / Research,9,14,9-14 Yrs,Fractal Analytics,Bengaluru,,0.0,0.0,True,Not Disclosed,2026-09-10 15:56:24,"5+ Experience with distributed systems,event-driven architectures,and microservices patterns at scale|Experience: 5 - 9 Years . Must Have Skills:  Fullstack + Frontend + Backend+ End to end App Dev + AWS serverless + CICD Infra as a code + Devops + App unit testing + Python | 5- 14 years of Experience in Core Java development with strong experience on data modelling",5.csv,Full Stack Developer,4.0,api development|api gateway|ai|analytics|ai tools|angular|application integration|automation|active directory|api design|apis|application security|aws serverless|asynchronous|aws cdk|aws|aws services|architecture,18,Bengaluru,Senior,False,,,Full Stack Developer,Full Stack Developer,application integration|ai|active directory|aws cdk|asynchronous|analytics|aws services|api development|ai tools|api gateway|application security|aws serverless|aws|api design|architecture|automation|apis|angular
210926500568,Full-Stack Developer - Offshore,Full Stack Developer,Software Development,Engineering - Software & QA,"Full Time, Permanent",IT Services & Consulting,3,5,3-5 Yrs,Photon,Chennai,,0.0,0.0,True,Not Disclosed,2026-09-21 15:48:10,,5.csv,Full Stack Developer,4.0,python|software development|react|programming languages|code quality|spring|angular|database management|django|java|postgresql|mysql|front-end development|full-stack development|programming,15,Chennai,Mid,False,,,Full Stack Developer,Full Stack Developer,database management|code quality|programming languages|django|software development|postgresql|java|full-stack development|react|spring|programming|python|mysql|front-end development|angular
180926501083,Full Stack Developer,Full Stack Developer,Software Development,Engineering - Software & QA,"Full Time, Permanent",IT Services & Consulting,1,2,1-2 Yrs,Brilliant Info System,Pune,,0.0,0.0,True,Not Disclosed,2026-09-18 17:47:45,,5.csv,Full Stack Developer,4.1,python|full stack developer|react|programming languages|code quality|ruby|spring|angular|spring boot|django|java|data modeling|full stack|programming,14,Pune,Entry,False,,,Full Stack Developer,Full Stack Developer,code quality|programming languages|django|java|full stack|spring boot|full stack developer|data modeling|react|spring|programming|python|ruby|angular
220926015387,AI Full Stack Developer / Full Stack AI Engineer,Full Stack Developer,Software Development,Engineering - Software & QA,"Full Time, Permanent",IT Services & Consulting,4,5,4-5 Yrs,Orion Esolutions,Mohali,,750000.0,1200000.0,False,7.5-12 Lacs,2026-09-22 13:15:52,"5+ years experience in full-stack development with expertise in Next.js, Python, LLM/Generative AI integration, and databases like PostgreSQL or MongoDB|Design, develop, and maintain scalable AI-powered web applications using Next.js/React.js, Python frameworks, and integrate LLM/Generative AI APIs",5.csv,Full Stack Developer,3.3,Agentic Ai|Prompt Engineering|Langchain|Vector Database|LLM|Retrieval Augmented Generation|Nextjs,7,Mohali,Mid,True,750000.0,1200000.0,Full Stack Developer,Full Stack Developer,langchain|vector database|nextjs|agentic ai|llm/gen ai|retrieval augmented generation|prompt engineering
240926019240,Full stack Nodejs Developer,Full Stack Developer,Software Development,Engineering - Software & QA,"Full Time, Permanent",IT Services & Consulting,3,5,3-5 Yrs,Allegis Group,Hyderabad,,0.0,0.0,True,Not Disclosed,2026-09-24 12:57:51,"3-5 years experience in JavaScript and Node.js development with REST API and SQL knowledge|Develop, troubleshoot, and support web applications; collaborate with stakeholders to implement requirements",5.csv,Full Stack Developer,,generative ai|Docker|Relational Databases|LLM|Kubernetes,5,Hyderabad,Mid,False,,,Full Stack Developer,Full Stack Developer,llm/gen ai|relational databases|kubernetes|docker
220926003734,Investment Full Stack Developer,"BFSI, Investments & Trading - Other","BFSI, Investments & Trading - Other","BFSI, Investments & Trading","Full Time, Permanent",IT Services & Consulting,4,8,4-8 Yrs,Delivery Centric Technologies,Bengaluru,Mumbai (All Areas),0.0,0.0,True,Not Disclosed,2026-09-22 10:50:42,"4+ years frontend development in institutional investment, expertise in React, FastAPI/Flask, UI/UX for quantitative finance|Design and develop user-facing quantitative investment tools, collaborate with stakeholders to translate requirements, maintain engineering standards",5.csv,Full Stack Developer,2.7,CSS|Javascript|HTML,3,Bengaluru,Mid,False,,,"BFSI, Investments & Trading - Other",Other IT,html|javascript|css
210926503795,Full Stack Developer,Full Stack Developer,Software Development,Engineering - Software & QA,"Full Time, Permanent",Gaming,3,8,3-8 Yrs,Galaxeye Space,Bengaluru,,0.0,0.0,True,Not Disclosed,2026-09-21 16:31:29,,5.csv,Full Stack Developer,3.7,data formats|ci/cd pipelines|business requirements|ai|cloud platforms|backend development|data engineering|analytics|cloud|angular|api design|apis|control systems|data ingestion|cloud infrastructure|aws|architecture|azure,18,Bengaluru,Mid,False,,,Full Stack Developer,Full Stack Developer,ai|data formats|azure|analytics|control systems|data engineering|ci/cd pipelines|backend development|aws|api design|cloud|cloud infrastructure|data ingestion|cloud platforms|architecture|apis|business requirements|angular
210926011693,AI Generative Full Stack Developer | L-A-IIEBH,Full Stack Developer,Software Development,Engineering - Software & QA,"Full Time, Permanent",IT Services & Consulting,5,10,5-10 Yrs,Bounteous,Gurugram,Chennai,2250000.0,3750000.0,False,22.5-37.5 Lacs,2026-09-21 13:23:33,"Experience in Python, React.js, Generative AI/LLMs, LangChain, LlamaIndex, RAG solutions, and vector databases|Build and deploy AI-powered full stack applications using Generative AI frameworks and cloud platforms",5.csv,Full Stack Developer,3.1,React.Js,1,Gurugram,Mid,True,2250000.0,3750000.0,Full Stack Developer,Full Stack Developer,react
220926500687,Full Stack Developer,Full Stack Developer,Software Development,Engineering - Software & QA,"Full Time, Permanent",Education / Training,7,10,7-10 Yrs,Ecorp Trainings,Bengaluru,,0.0,0.0,True,Not Disclosed,2026-09-22 16:25:06,"Level of experience with each. Stack-ranked by importance 1 Core JAVA,Spring boot,batch,SQL,React JS,Node JS 7 10 Yrs.  . 2 RESTful web services. 7-10 Years. |Bachelor s and / or Masters in computer science,or a related field of study.  . Below 7 years of experience in software development and No experience in Core JAVA.  . .",5.csv,Full Stack Developer,1.1,restful web|css|restful|software development|full stack developer|articulate|js|react|relational databases|core java|javascript|spring|angular|node|java|data modeling|postgresql|html|mysql|mongodb|communication skills,21,Bengaluru,Senior,False,,,Full Stack Developer,Full Stack Developer,html|full stack developer|data modeling|spring|restful|restful web|software development|communication skills|node|react|relational databases|mongodb|core java|articulate|java|javascript|postgresql|mysql|css|angular
210926505170,C # Full - Stack Developer,Full Stack Developer,Software Development,Engineering - Software & QA,"Full Time, Permanent",IT Services & Consulting,4,9,4-9 Yrs,Origin Hr,Bengaluru,,0.0,0.0,True,Not Disclosed,2026-09-21 19:06:56,"exposure to GenAI / OpenAI,Power BI,Data Factory,Databricks,and HPC is preferred",5.csv,Full Stack Developer,3.5,cqrs|css|js|bootstrap|api management|azure devops|docker|iot|cloud|git|design patterns|devops|hpc|html|azure|azure paas|enterprise applications|event hub|iot hub|databricks|angular|apis|agile|logic apps|blazor|app services,26,Bengaluru,Mid,False,,,Full Stack Developer,Full Stack Developer,agile|html|iot|iot hub|devops|api management|azure devops|app services|blazor|logic apps|javascript|git|design patterns|hpc|apis|azure paas|azure|databricks|docker|enterprise applications|event hub|cqrs|bootstrap|cloud|css|angular
210926502206,Full Stack Developer,Full Stack Developer,Software Development,Engineering - Software & QA,"Full Time, Permanent",IT Services & Consulting,6,11,6-11 Yrs,TekWissen,Bengaluru,,0.0,0.0,True,Not Disclosed,2026-09-21 15:50:52,"Bachelor s degree in computer science,Information Technology,or a related field. TekWissen Group is an equal opportunity employer supporting workforce diversity. Disclaimer: This job posting has been aggregated from external source|Experience in development framework such node.js (preferred) and react / angular.js.  . .",5.csv,Full Stack Developer,4.9,github|confluence|data analytics|data processing|full stack developer|bitbucket|futures|analytics|data models|angular|build automation|automation|elk stack|git|apis|data ingestion|gitlab|architecture|communication skills,19,Bengaluru,Mid,False,,,Full Stack Developer,Full Stack Developer,data analytics|elk stack|futures|gitlab|analytics|data models|bitbucket|communication skills|angular|full stack developer|confluence|architecture|build automation|data ingestion|git|automation|apis|data processing
180926915210,Full Stack Developer,Full Stack Developer,Software Development,Engineering - Software & QA,"Full Time, Permanent",IT Services & Consulting,6,8,6-8 Yrs,Victrix Systems And Labs,Bengaluru,,0.0,0.0,True,Not Disclosed,2026-09-18 12:39:27,"6-8+ years full stack .NET Core/.NET 6+, C#, strong Kafka expertise, retail tech experience (POS, inventory, ERP)|Design, develop, and deploy scalable .NET applications and microservices; build Kafka and REST API integrations; collaborate with retail teams; optimize system performance; troubleshoot production issues; document technical designs",5.csv,Full Stack Developer,4.8,kubernetes|restful|react|merchandising|retail|sql|microservices|docker|postgresql|gcp|devops|jenkins|azure|rest|github|erp|enterprise systems|rabbitmq|sql server|angular|restful apis|kafka|full stack|aws,24,Bengaluru,Mid,False,,,Full Stack Developer,Full Stack Developer,merchandising|full stack|retail|restful apis|restful|kubernetes|devops|react|microservices|enterprise systems|gcp|rabbitmq|jenkins|kafka|rest|git|azure|sql server|docker|postgresql|aws|erp|sql|angular
180926500329,Investment Full Stack Developer,Full Stack Developer,Software Development,Engineering - Software & QA,"Full Time, Permanent",IT Services & Consulting,1,4,1-4 Yrs,E4 Software Services,Bengaluru,,0.0,0.0,True,Not Disclosed,2026-09-18 15:21:13,,5.csv,Full Stack Developer,4.0,research and analysis|training and development|full stack developer|technical documentation|research,5,Bengaluru,Entry,False,,,Full Stack Developer,Full Stack Developer,technical documentation|research and analysis|training and development|full stack developer|research
140926500193,Full Stack Developer,Full Stack Developer,Software Development,Engineering - Software & QA,"Full Time, Permanent",Software Product,0,1,0-1 Yrs,Bitcot Technologies,Chennai,,0.0,0.0,True,Not Disclosed,2026-09-14 15:24:58,Night Shift HR|The ideal candidate should have up to 5 years of relevant experience (no freshers) and possess strong written and spoken communication skills.  |Location: Must be based in Chennai or Indore (even though it s a remote role)|Experience. 6 to 5 Years . Positions. 1 .,5.csv,Full Stack Developer,3.5,administration|android|full stack developer|js|case studies|hr operations|app development|marketing|node|flutter|ios app|hr processes|full stack|legal|email management|node.js development|online research|communication skills,18,Chennai,Entry,False,,,Full Stack Developer,Full Stack Developer,hr processes|email management|administration|app development|flutter|case studies|full stack|android|communication skills|legal|full stack developer|node|node.js development|online research|marketing|javascript|ios app|hr operations
110926502046,Full Stack Developer,Full Stack Developer,Software Development,Engineering - Software & QA,"Full Time, Permanent",Software Product,0,1,0-1 Yrs,Bitcot Technologies,Indore,,0.0,0.0,True,Not Disclosed,2026-09-14 15:40:25,Night Shift HR|The ideal candidate should have up to 5 years of relevant experience (no freshers) and possess strong written and spoken communication skills.  |Location: Must be based in Chennai or Indore (even though it s a remote role)|Experience. 6 to 5 Years . Positions. 1 .,5.csv,Full Stack Developer,3.5,administration|android|full stack developer|js|case studies|hr operations|app development|marketing|node|flutter|ios app|hr processes|full stack|legal|email management|node.js development|online research|communication skills,18,Indore,Entry,False,,,Full Stack Developer,Full Stack Developer,hr processes|email management|administration|app development|flutter|case studies|full stack|android|communication skills|legal|full stack developer|node|node.js development|online research|marketing|javascript|ios app|hr operations
100926503307,Full Stack Developer,Full Stack Developer,Software Development,Engineering - Software & QA,"Full Time, Permanent",IT Services & Consulting,0,1,0-1 Yrs,Bigfix,Chennai,,0.0,0.0,True,Not Disclosed,2026-09-10 17:36:22,"As a Full Stack Developer,youll own meaningful chunks of that platform end to end - shipping features,integrating with OEM and partner APIs,and keeping the experience fast and reliable as the business scales. .",5.csv,Full Stack Developer,4.9,python|bigfix|full stack developer|js|react|relational databases|javascript|node|git|operations|apis|ui|typescript|integrations|modern javascript|customer experience,16,Chennai,Entry,False,,,Full Stack Developer,Full Stack Developer,ui|typescript|integrations|modern javascript|customer experience|bigfix|full stack developer|node|react|operations|python|relational databases|javascript|apis|git
170926922805,Full Stack Developer,Full Stack Developer,Software Development,Engineering - Software & QA,"Full Time, Permanent",IT Services & Consulting,6,8,6-8 Yrs,Victrix Systems And Labs,Noida,,0.0,0.0,True,Not Disclosed,2026-09-17 14:36:51,"6-8+ years full stack .NET Core/.NET 6+, C#, strong Kafka expertise, retail tech experience with POS/inventory/ERP|Design, develop, and deploy scalable .NET applications and microservices; build Kafka and REST API integrations; optimize system performance; troubleshoot production issues; document technical designs",5.csv,Full Stack Developer,4.8,kubernetes|restful|react|merchandising|retail|sql|microservices|docker|postgresql|gcp|devops|jenkins|azure|rest|github|erp|enterprise systems|rabbitmq|sql server|angular|restful apis|kafka|full stack|aws,24,Noida,Mid,False,,,Full Stack Developer,Full Stack Developer,merchandising|full stack|retail|restful apis|restful|kubernetes|devops|react|microservices|enterprise systems|gcp|rabbitmq|jenkins|kafka|rest|git|azure|sql server|docker|postgresql|aws|erp|sql|angular
160926501280,Full-stack Developer (Next.js / Laravel),Full Stack Developer,Software Development,Engineering - Software & QA,"Full Time, Permanent",IT Services & Consulting,3,8,3-8 Yrs,Qorvatech,Noida,,0.0,0.0,True,Not Disclosed,2026-09-16 17:25:16,,5.csv,Full Stack Developer,3.6,emerging technologies|laravel|software development|version control|software solutions|js|agile|agile development|communication and interpersonal skills|code quality,10,Noida,Mid,False,,,Full Stack Developer,Full Stack Developer,code quality|emerging technologies|version control|software development|agile|communication and interpersonal skills|agile development|software solutions|javascript|laravel
100926503434,Full Stack Developer,Full Stack Developer,Software Development,Engineering - Software & QA,"Full Time, Permanent",IT Services & Consulting,5,7,5-7 Yrs,Techcarrot Fz-llc,Noida,,0.0,0.0,True,Not Disclosed,2026-09-10 17:36:34,"Job Type . Full time . Disclaimer: This job posting has been aggregated from external source|Build reusable UI components,backend services,REST APIs,and required system integrations|Minimum of 5-7 years of experience in Full stack developer role|Experience on Microservices architecture .",5.csv,Full Stack Developer,2.6,front end|css|html5|full stack developer|js|backend development|caching|azure apim|azure devops|javascript|docker|git|apis|devops|defect analysis|integrations|apim|css3|architecture|azure|browser compatibility|deployment,22,Noida,Mid,False,,,Full Stack Developer,Full Stack Developer,caching|integrations|full stack developer|browser compatibility|defect analysis|html5|devops|azure apim|apim|azure devops|backend development|deployment|git|javascript|apis|front end|azure|docker|css3|architecture|css
100926500704,Full Stack Developer,Full Stack Developer,Software Development,Engineering - Software & QA,"Full Time, Permanent",Architecture / Interior Design,3,7,3-7 Yrs,Cocobolo Industries,Noida,,0.0,0.0,True,Not Disclosed,2026-09-10 15:54:45,,5.csv,Full Stack Developer,,python|full stack developer|react|programming languages|code quality|ruby|spring|angular|database management|django|java|full stack|mysql|front-end development|mongodb|programming,16,Noida,Mid,False,,,Full Stack Developer,Full Stack Developer,database management|code quality|programming languages|django|java|full stack|full stack developer|react|mongodb|spring|programming|python|mysql|front-end development|ruby|angular
21224014989,Full Stack Developer,Full Stack Developer,Software Development,Engineering - Software & QA,"Full Time, Permanent",IT Services & Consulting,2,5,2-5 Yrs,Xpertdox,Noida,,1500000.0,2500000.0,False,15-25 Lacs,2026-09-17 19:55:57,"2-5 years Full Stack development experience with MERN stack, React Native, MongoDB expertise|Design and develop MERN stack web applications, manage databases, develop RESTful APIs, ensure code quality",5.csv,Full Stack Developer,3.3,TypeScript|GIT|Javascript|MongoDB|express|npm|html,7,Noida,Entry,True,1500000.0,2500000.0,Full Stack Developer,Full Stack Developer,express|typescript|html|npm|mongodb|javascript|git
170926923858,Full Stack Developer,Blockchain Quality Assurance Engineer,Quality Assurance and Testing,Engineering - Software & QA,"Full Time, Permanent",IT Services & Consulting,4,6,4-6 Yrs,The Oceann,Noida,,0.0,0.0,True,Not Disclosed,2026-09-17 14:52:30,"Proficient in ReactJS (Redux, NextJs), Python (Django, Flask), RESTful API design, and databases (MySQL, MongoDB, Postgres)|Develop and maintain full-stack applications using ReactJS and Python frameworks, implement APIs, manage databases, and utilize version control",5.csv,Full Stack Developer,1.5,RESTful API|MySQL MongoDB|Redux|Django|HTML5|JavaScript|NextJS|Full Stack Development|Flask|SQL|CSS3,11,Noida,Mid,False,,,Blockchain Quality Assurance Engineer,QA / Test Engineer,javascript|nextjs|full stack development|restful api|css3|mysql mongodb|django|html5|sql|redux|flask
170926019194,Full Stack Developer,IT & Information Security - Other,IT & Information Security - Other,IT & Information Security,"Full Time, Permanent",IT Services & Consulting,8,12,8-12 Yrs,Algoleap Technologies,Greater Noida,,200000.0,275000.0,False,2-2.75 Lacs,2026-09-17 12:57:54,"6-10 years experience with Node.js, Express.js, Angular, Docker, Kubernetes/AKS, Azure, and RESTful API development|Develop scalable web apps, design REST APIs/microservices, containerize and deploy on Azure AKS, troubleshoot and support applications, collaborate with teams",5.csv,Full Stack Developer,4.2,React,1,Greater Noida,Senior,True,200000.0,275000.0,IT & Information Security - Other,Other IT,react
240926933078,Full Stack Developer | Leading IT Co.,Full Stack Developer,Software Development,Engineering - Software & QA,"Full Time, Permanent",IT Services & Consulting,2,7,2-7 Yrs,Hindco Recruitment Consultants,Noida,,0.0,0.0,True,Not Disclosed,2026-09-24 17:33:09,"Proficient with CSS3, JavaScript, HTML5, Angular, React JS, LESS, jQuery; Knowledge of DBMS like Oracle, SQLServer, MySQL, and cache methodologies|Develop frontend and backend web applications; maintain and upgrade software; oversee software analysis, development, and execution",5.csv,Full Stack Developer,,HTML|Java Fullstack|Al|Angular|Rest|Swagger|MySQL|Javascript|.NET|AWS|Software Design|Python|Java|CSS|Data Structures|AI|Full Stack|P&C|Full Stack Developer|Software Engineering|Django|Web Application|API|Cache,24,Noida,Entry,False,,,Full Stack Developer,Full Stack Developer,software design|html|p&c|full stack|cache|full stack developer|software engineering|.net|data structures|django|swagger|python|web application|java|java fullstack|javascript|rest|api|ai|al|aws|mysql|css|angular
240826026378,SAP Full Stack Developer,Full Stack Developer,Software Development,Engineering - Software & QA,"Full Time, Permanent",Software Product,6,11,6-11 Yrs,Hucon Solutions,Hyderabad,Chennai,2000000.0,3000000.0,False,20-30 Lacs,2026-09-24 16:53:45,"Experienced SAP CAP developer with strong Node.js or Java backend skills and SAP Fiori/UI5 expertise|Design and develop CAP backend services, build SAP Fiori/UI5 frontends, deploy and maintain applications on SAP BTP Cloud Foundry or Neo runtimes following cloud-native principles",5.csv,Full Stack Developer,,Java|Integration|CAPM|Cloud Foundry|Node.js|HANA Implementation|Odata|Rest Web API|Cap|MTA,10,Hyderabad,Mid,True,2000000.0,3000000.0,Full Stack Developer,Full Stack Developer,cloud foundry|mta|capm|odata|rest web api|java|hana implementation|node.js|integration|cap
210926904710,Full Stack Developer + AI,Full Stack Developer,Software Development,Engineering - Software & QA,"Full Time, Permanent",BPM / BPO,3,5,3-5 Yrs,Golden Opportunities,Bengaluru,,0.0,0.0,True,Not Disclosed,2026-09-21 11:29:38,"3+ years software development with strong Python, Generative AI, Agentic AI, LLM frameworks experience|Develop Python automation for DB tasks, build full-stack apps with React/JS, design AI-driven operational assistants, integrate cloud and monitoring tools, collaborate to automate operations, maintain coding and security standards",5.csv,Full Stack Developer,,A WS|Ai|Micro Services|React JS|AgenticAI|GenerativeAI|Kub ernetes|Docker|GitHubActions|Java Script|API|LLM frameworks|Python,13,Bengaluru,Mid,False,,,Full Stack Developer,Full Stack Developer,ai|a ws|generativeai|docker|python|agenticai|micro services|kub ernetes|react|java script|api|llm frameworks|githubactions
180926918577,Full stack Developer,Full Stack Developer,Software Development,Engineering - Software & QA,"Full Time, Temporary/Contractual",IT Services & Consulting,12,15,12-15 Yrs,Acesoft Labs,Bengaluru,,1000000.0,2000000.0,False,10-20 Lacs,2026-09-18 13:25:43,"Bachelor's or Master's in CS or related field with proven Full Stack Developer experience and expertise in Vue.js, React, Angular, Node.js, Python, and database systems|Develop and maintain web applications using front-end and back-end technologies",5.csv,Full Stack Developer,,Vue.js|CSS|Postgresql|React.js|Angular|Python,6,Bengaluru,Senior,True,1000000.0,2000000.0,Full Stack Developer,Full Stack Developer,postgresql|vue.js|react|python|css|angular
220926040249,Walk-in || Full  Stack- Angular+Java  Developer,IT & Information Security - Other,IT & Information Security - Other,IT & Information Security,"Full Time, Permanent",IT Services & Consulting,6,11,6-11 Yrs,Tata Consultancy Services,Bengaluru,,0.0,0.0,True,Not Disclosed,2026-09-22 17:18:48,"2-4 years experience with Angular14+, Java Spring Boot, strong OOPS and Angular performance tuning skills|Develop and maintain Angular and Java Spring Boot applications, troubleshoot and debug issues, work within Agile teams",5.csv,Full Stack Developer,3.2,TypeScript|Java|Javascript|Spring Boot|HTML|React.js,6,Bengaluru,Mid,False,,,IT & Information Security - Other,Other IT,typescript|html|java|spring boot|react|javascript
220926503403,Full Stack Developer,Full Stack Developer,Software Development,Engineering - Software & QA,"Full Time, Permanent",Education / Training,6,8,6-8 Yrs,Ecorp Trainings,Chennai,,0.0,0.0,True,Not Disclosed,2026-09-22 17:53:14,"Details Should be able to isolate errors by trouble-shooting the application stack from application to framework to underlying infrastructure dependencies and network| . Full Stack Developer . Must have skills |Must have exposure to Shell(UNIX) or python scripting working knowledge|Experience with REST API,GIT,Docker,Jenkins,Maven",5.csv,Full Stack Developer,1.1,algorithms|maven|full stack developer|apache storm|networking|javascript|concurrency|docker|apache kafka|apache|git|java|apis|kafka|jenkins|debugging|data structures|debugging and troubleshooting|angularjs|communication skills,20,Chennai,Mid,False,,,Full Stack Developer,Full Stack Developer,full stack developer|apache kafka|data structures|apache|networking|apache storm|communication skills|maven|debugging and troubleshooting|concurrency|algorithms|java|jenkins|kafka|javascript|git|apis|docker|debugging|angular
240826902597,Full Stack Developer - Backend Nodejs,Full Stack Developer,Software Development,Engineering - Software & QA,"Full Time, Permanent",IT Services & Consulting,5,8,5-8 Yrs,Skyline Dynamics,Indore,,0.0,0.0,True,Not Disclosed,2026-09-21 10:21:16,"5+ years Node.js experience with Fastify, Express, or NestJS and SQL/NoSQL knowledge|Develop and maintain Node.js applications with authentication and authorization",5.csv,Full Stack Developer,,node|full stack|js|express|nestjs|fastify|nosql|sql|nosql databases,9,Indore,Mid,False,,,Full Stack Developer,Full Stack Developer,fastify|express|nosql databases|full stack|node|nestjs|javascript|sql|nosql
220926503604,Full-Stack Developer,Full Stack Developer,Software Development,Engineering - Software & QA,"Full Time, Permanent",Retail,1,3,1-3 Yrs,Retailcloud,Kozhikode,,0.0,0.0,True,Not Disclosed,2026-09-22 17:53:30,"You will play a key role in building and maintaining our consumer apps,backend services,and admin portals,collaborating with the team to deliver high-quality software solutions,and growing your skills through hands-on experience across our full product ecosystem (apps on Google Play App Store). |Experience with mobile development (Flutter or React Native) is a plus",5.csv,Full Stack Developer,4.7,debug|e2e testing|ai|js|backend development|firebase|git version control|caching|jest|code quality|javascript|cypress|microservices|ai tools|flutter|automation|english communication|git|apis|debugging|coding standards,21,Kozhikode,Entry,False,,,Full Stack Developer,Full Stack Developer,caching|git version control|ai tools|coding standards|code quality|backend development|microservices|jest|english communication|javascript|git|apis|ai|debugging|e2e testing|flutter|debug|firebase|cypress|automation
220926503148,Full Stack Developer,Full Stack Developer,Software Development,Engineering - Software & QA,"Full Time, Permanent",IT Services & Consulting,3,5,3-5 Yrs,Innocode Ventures,Gurugram,,0.0,0.0,True,Not Disclosed,2026-09-22 17:52:50,Experience with React and Node.js .,5.csv,Full Stack Developer,4.5,full stack developer|js|react|cloud deployment|relational databases|cloud|node|apis|postgresql|ui|typescript|aws|graphql|deployment,14,Gurugram,Mid,False,,,Full Stack Developer,Full Stack Developer,ui|graphql|typescript|postgresql|cloud deployment|full stack developer|node|react|aws|deployment|cloud|relational databases|javascript|apis
220926500569,Full Stack Developer,Full Stack Developer,Software Development,Engineering - Software & QA,"Full Time, Permanent",Education / Training,6,11,6-11 Yrs,Ecorp Trainings,Hyderabad,,0.0,0.0,True,Not Disclosed,2026-09-22 16:24:48,. Must have skills,5.csv,Full Stack Developer,1.1,spring|node|automation|debug|java|version control|agile methodologies|full stack developer|js|react|agile,11,Hyderabad,Mid,False,,,Full Stack Developer,Full Stack Developer,version control|agile|java|full stack developer|node|debug|react|agile methodologies|spring|javascript|automation
220926047729,Full-Stack Developer,Full Stack Developer,Software Development,Engineering - Software & QA,"Full Time, Permanent",Software Product,7,12,7-12 Yrs,C1X,Chennai,,1500000.0,2750000.0,False,15-27.5 Lacs,2026-09-22 18:10:20,"Strong knowledge of JavaScript and TypeScript with experience in React, Next.js, Node.js, NestJS, and databases like PostgreSQL, MySQL, or MongoDB|Design, develop, and maintain full-stack web applications including frontend, backend, APIs, database schemas, testing, deployment, and production support",5.csv,Full Stack Developer,4.7,Express|Javascript|React.js|Angular|Nestjs,5,Chennai,Senior,True,1500000.0,2750000.0,Full Stack Developer,Full Stack Developer,express|react|nestjs|javascript|angular
210926909573,Full Stack Developer,Full Stack Developer,Software Development,Engineering - Software & QA,"Full Time, Permanent",IT Services & Consulting,8,12,8-12 Yrs,Kaidoko,New Delhi,,0.0,0.0,True,Not Disclosed,2026-09-21 12:49:49,"8-12 years full stack development with strong Java backend (Spring Boot, Hibernate, JPA) and React.js frontend expertise; proven team leadership of 8+ developers|Lead and mentor development team; architect and develop backend services; build responsive frontend apps; collaborate cross-functionally; ensure scalability, security, and performance; drive best coding and CI/CD practices; troubleshoot and guide team",5.csv,Full Stack Developer,,kubernetes|css|restful|html5|full stack developer|react|bootstrap|sql|microservices|docker|java|git|postgresql|debugging|mysql|mongodb|github|nosql|spring boot|restful apis|scrum|gitlab|agile|css3,24,New Delhi,Senior,False,,,Full Stack Developer,Full Stack Developer,gitlab|agile|full stack developer|restful apis|restful|kubernetes|html5|react|mongodb|microservices|java|spring boot|scrum|nosql|git|docker|debugging|postgresql|css3|bootstrap|mysql|sql|css
210926909572,Full Stack Developer,Full Stack Developer,Software Development,Engineering - Software & QA,"Full Time, Permanent",IT Services & Consulting,8,12,8-12 Yrs,Kaidoko,Delhi / NCR,,0.0,0.0,True,Not Disclosed,2026-09-21 12:49:48,"8-12 years full stack development with strong Java backend expertise and React.js frontend skills, proven team leadership of 8+ developers|Lead and mentor development team, architect scalable Java backend services, build responsive React.js frontend, collaborate cross-functionally, ensure performance and security, drive best practices and troubleshoot technical issues",5.csv,Full Stack Developer,,CSS|NoSQL|Bootstrap|HTML|Tailwind CSS|React.js|SQL,7,Delhi/NCR,Senior,False,,,Full Stack Developer,Full Stack Developer,html|react|bootstrap|nosql|sql|css|tailwind css
210926909521,Full Stack Developer,Full Stack Developer,Software Development,Engineering - Software & QA,"Full Time, Permanent",IT Services & Consulting,3,8,3-8 Yrs,Navgurukul Foundation,Pune,,0.0,0.0,True,Not Disclosed,2026-09-21 12:49:25,"Experienced Full Stack Developer skilled in React.js, Next.js, Vue, Node.js, Express, and Python frameworks|Design, build, and scale responsive frontends and scalable backend systems; develop APIs, manage databases, integrate third-party services, and collaborate with product, design, and AI/ML teams; mentor developers and contribute to architecture decisions",5.csv,Full Stack Developer,3.9,frontend frameworks|python|apis|design|full stack developer|full stack|ai|react|python frameworks|architecture|ml,11,Pune,Mid,False,,,Full Stack Developer,Full Stack Developer,ai|python frameworks|machine learning|full stack|full stack developer|react|design|architecture|python|apis|frontend frameworks
210926505173,C # Full - Stack Developer,Full Stack Developer,Software Development,Engineering - Software & QA,"Full Time, Permanent",IT Services & Consulting,4,9,4-9 Yrs,Origin Hr,New Delhi,,0.0,0.0,True,Not Disclosed,2026-09-21 19:06:56,"exposure to GenAI / OpenAI,Power BI,Data Factory,Databricks,and HPC is preferred",5.csv,Full Stack Developer,3.5,cqrs|css|js|bootstrap|api management|azure devops|docker|iot|cloud|git|design patterns|devops|hpc|html|azure|azure paas|enterprise applications|event hub|iot hub|databricks|angular|apis|agile|logic apps|blazor|app services,26,New Delhi,Mid,False,,,Full Stack Developer,Full Stack Developer,agile|html|iot|iot hub|devops|api management|azure devops|app services|blazor|logic apps|javascript|git|design patterns|hpc|apis|azure paas|azure|databricks|docker|enterprise applications|event hub|cqrs|bootstrap|cloud|css|angular
210926505172,C # Full - Stack Developer,Full Stack Developer,Software Development,Engineering - Software & QA,"Full Time, Permanent",IT Services & Consulting,4,9,4-9 Yrs,Origin Hr,Pune,,0.0,0.0,True,Not Disclosed,2026-09-21 19:06:56,"exposure to GenAI / OpenAI,Power BI,Data Factory,Databricks,and HPC is preferred",5.csv,Full Stack Developer,3.5,cqrs|css|js|bootstrap|api management|azure devops|docker|iot|cloud|git|design patterns|devops|hpc|html|azure|azure paas|enterprise applications|event hub|iot hub|databricks|angular|apis|agile|logic apps|blazor|app services,26,Pune,Mid,False,,,Full Stack Developer,Full Stack Developer,agile|html|iot|iot hub|devops|api management|azure devops|app services|blazor|logic apps|javascript|git|design patterns|hpc|apis|azure paas|azure|databricks|docker|enterprise applications|event hub|cqrs|bootstrap|cloud|css|angular
210926505171,C # Full - Stack Developer,Full Stack Developer,Software Development,Engineering - Software & QA,"Full Time, Permanent",IT Services & Consulting,4,9,4-9 Yrs,Origin Hr,Hyderabad,,0.0,0.0,True,Not Disclosed,2026-09-21 19:06:56,"exposure to GenAI / OpenAI,Power BI,Data Factory,Databricks,and HPC is preferred",5.csv,Full Stack Developer,3.5,cqrs|css|js|bootstrap|api management|azure devops|docker|iot|cloud|git|design patterns|devops|hpc|html|azure|azure paas|enterprise applications|event hub|iot hub|databricks|angular|apis|agile|logic apps|blazor|app services,26,Hyderabad,Mid,False,,,Full Stack Developer,Full Stack Developer,agile|html|iot|iot hub|devops|api management|azure devops|app services|blazor|logic apps|javascript|git|design patterns|hpc|apis|azure paas|azure|databricks|docker|enterprise applications|event hub|cqrs|bootstrap|cloud|css|angular
210926504754,Full Stack Developer,Full Stack Developer,Software Development,Engineering - Software & QA,"Full Time, Permanent",IT Services & Consulting,2,6,2-6 Yrs,Worksbot,Chennai,,0.0,0.0,True,Not Disclosed,2026-09-21 18:21:58,,5.csv,Full Stack Developer,4.4,Backend|Version control|HP data protector|Coding|Agile development|Debugging|Flex|Application security|Troubleshooting,9,Chennai,Entry,False,,,Full Stack Developer,Full Stack Developer,coding|version control|debugging|agile development|application security|backend|troubleshooting|hp data protector|flex
210926504751,Full Stack Developer,Full Stack Developer,Software Development,Engineering - Software & QA,"Full Time, Permanent",Pharmaceutical & Life Sciences,2,7,2-7 Yrs,GNH Pharmaceuticals,Mumbai,,0.0,0.0,True,Not Disclosed,2026-09-21 18:21:58,"We are looking for a skilled and motivated Web Developer with experience in modern web technologies and AI development|Minimum 2 years of professional experience in web development . Strong knowledge of HTML,CSS,and JavaScript . |Experience with Laravel (PHP) framework . |Experience with Node.js backend development .",5.csv,Full Stack Developer,4.4,IT services|ERP|Automation|MySQL|Web development|PHP|HTML|Business intelligence|CRM|Python,10,Mumbai,Entry,False,,,Full Stack Developer,Full Stack Developer,business intelligence|php|html|python|crm|web development|mysql|erp|automation|it services
210926504255,Full Stack Developer,Full Stack Developer,Software Development,Engineering - Software & QA,"Full Time, Permanent",IT Services & Consulting,5,10,5-10 Yrs,Sagaux,Remote,,0.0,0.0,True,Not Disclosed,2026-09-21 17:39:35,"At least 5+ years of experience as Full Stack Developer or similar role . |Experience in Cloud Service deployments (Container,Kubernetes,Terraform. )| Good knowledge of Microservices Design and development,Software Security,and Software Performance tuning . |Experience in modern layout technologies and React Hooks is a plus .",5.csv,Full Stack Developer,,Performance tuning|jQuery|Front end|Coding|XML|MySQL|HTML|Scrum|Apache|Technical documentation,10,Remote,Mid,False,,,Full Stack Developer,Full Stack Developer,front end|coding|technical documentation|html|jquery|xml|performance tuning|scrum|apache|mysql
210926504221,Full Stack Developer,Full Stack Developer,Software Development,Engineering - Software & QA,"Full Time, Permanent",E-Learning / EdTech,3,8,3-8 Yrs,Pspace Systech- School Management Software Company,REMOTE,,0.0,0.0,True,Not Disclosed,2026-09-21 17:39:32,,5.csv,Full Stack Developer,,python|software development|version control|full stack developer|react|agile development|programming languages|code quality|ruby|sql|angular|database management|git|java|agile|front-end development|school management|programming,18,REMOTE,Mid,False,,,Full Stack Developer,Full Stack Developer,database management|code quality|programming languages|version control|software development|agile|java|agile development|full stack developer|react|programming|python|school management|git|sql|front-end development|ruby|angular
210926503952,"Full Stack Developer, Rails and React",Full Stack Developer,Software Development,Engineering - Software & QA,"Full Time, Permanent",IT Services & Consulting,3,6,3-6 Yrs,Allerin Tech,Navi Mumbai,,0.0,0.0,True,Not Disclosed,2026-09-21 16:32:23,What hides underneath is a misunderstood requirement or an edge case nobody considered| No degree requirement,5.csv,Full Stack Developer,1.6,Backend|GIT|Coding|Django|Machine learning|Schema|OWASP|Javascript|Vulnerability|Auditing,10,Mumbai,Mid,False,,,Full Stack Developer,Full Stack Developer,javascript|coding|vulnerability|machine learning|schema|owasp|auditing|backend|django|git
210926503562,C # Full - Stack Developer,Full Stack Developer,Software Development,Engineering - Software & QA,"Full Time, Permanent",IT Services & Consulting,2,6,2-6 Yrs,Origin Hr,Mumbai,,0.0,0.0,True,Not Disclosed,2026-09-21 16:31:08,"exposure to GenAI / OpenAI,Power BI,Data Factory,Databricks,and HPC is preferred|Experience: 4+ Years . Job Location: Mumbai / Pune / Bangalore / Delhi / Hyderabad",5.csv,Full Stack Developer,3.5,cqrs|css|js|bootstrap|api management|azure devops|docker|iot|cloud|git|design patterns|devops|hpc|html|azure|azure paas|enterprise applications|event hub|iot hub|databricks|angular|apis|agile|logic apps|blazor|app services,26,Mumbai,Entry,False,,,Full Stack Developer,Full Stack Developer,agile|html|iot|iot hub|devops|api management|azure devops|app services|blazor|logic apps|javascript|git|design patterns|hpc|apis|azure paas|azure|databricks|docker|enterprise applications|event hub|cqrs|bootstrap|cloud|css|angular
210926500844,C# Full Stack Developer,Full Stack Developer,Software Development,Engineering - Software & QA,"Full Time, Permanent",IT Services & Consulting,6,8,6-8 Yrs,Rarr Technologies,Hyderabad,,0.0,0.0,True,Not Disclosed,2026-09-21 15:48:36,"Experience with Node.js is preferred.  . AWS knowledge is good to have,particularly Lambda,DynamoDB,and CloudWatch.  | Strong hands-on experience with C# . Strong experience in Angular for frontend development.  . Good knowledge of TypeScript / JavaScript .  . Hands-on experience with Azure App Services,Event Hubs,Queues,Topics,and Storage Accounts .",5.csv,Full Stack Developer,4.1,frontend development|full stack developer|js|javascript|sql server|sql|stored procedures|cloud|database design|angular|node|lambda|azure app services|cloudwatch|typescript|aws|azure,17,Hyderabad,Mid,False,,,Full Stack Developer,Full Stack Developer,frontend development|azure app services|azure|sql server|typescript|stored procedures|cloudwatch|database design|full stack developer|node|aws|cloud|javascript|sql|lambda|angular
210926029428,Full Stack Developer,IT & Information Security - Other,IT & Information Security - Other,IT & Information Security,"Full Time, Permanent",IT Services & Consulting,3,7,3-7 Yrs,Siox Global,Vadodara,,0.0,0.0,True,Not Disclosed,2026-09-21 22:47:57,"3-7 years full-stack development with AI-enabled applications, strong backend skills in Node.js/Python, hands-on LLM API integration|Build and maintain AI-powered SaaS platforms, develop frontend with React.js/Next.js, integrate LLMs and AI workflows, implement secure multi-tenant SaaS architecture, optimize AI performance and reliability",5.csv,Full Stack Developer,4.3,Vector Database|Full Stack|RAG|Node.js|React.js|Python,6,Vadodara,Mid,False,,,IT & Information Security - Other,Other IT,vector database|full stack|react|rag|python|node.js
180926916541,Full Stack Developer,Full Stack Developer,Software Development,Engineering - Software & QA,"Full Time, Permanent",IT Services & Consulting,5,10,5-10 Yrs,Labelblind Solutions,Mumbai,,0.0,0.0,True,Not Disclosed,2026-09-18 12:57:16,"Experienced in full-stack development, DevOps, source control, unit testing, code verification, and continuous integration|Develop and debug front-end and back-end software, ensure process excellence, and collaborate in Agile teams",5.csv,Full Stack Developer,2.5,front end|continuous integration|code verification|full stack development|process excellence|sprint|unit testing|agile development|back end|devops|full stack|web development|code review|agile,14,Mumbai,Mid,False,,,Full Stack Developer,Full Stack Developer,front end|sprint|process excellence|code verification|full stack development|agile|unit testing|agile development|full stack|back end|code review|web development|devops|continuous integration
180926915214,Full Stack Developer,Full Stack Developer,Software Development,Engineering - Software & QA,"Full Time, Permanent",IT Services & Consulting,6,8,6-8 Yrs,Victrix Systems And Labs,New Delhi,,0.0,0.0,True,Not Disclosed,2026-09-18 12:39:30,"6-8+ years full stack .NET Core/.NET 6+, C#, strong Kafka expertise, retail tech experience including POS/inventory/ERP|Design, develop, and deploy scalable .NET applications and microservices; build Kafka and REST API integrations; collaborate with retail teams; optimize system performance; troubleshoot production issues; document technical designs",5.csv,Full Stack Developer,4.8,kubernetes|restful|react|merchandising|retail|sql|microservices|docker|postgresql|gcp|devops|jenkins|azure|rest|github|erp|enterprise systems|rabbitmq|sql server|angular|restful apis|kafka|full stack|aws,24,New Delhi,Mid,False,,,Full Stack Developer,Full Stack Developer,merchandising|full stack|retail|restful apis|restful|kubernetes|devops|react|microservices|enterprise systems|gcp|rabbitmq|jenkins|kafka|rest|git|azure|sql server|docker|postgresql|aws|erp|sql|angular
180926915211,Full Stack Developer,Full Stack Developer,Software Development,Engineering - Software & QA,"Full Time, Permanent",IT Services & Consulting,6,8,6-8 Yrs,Victrix Systems And Labs,Lucknow,,0.0,0.0,True,Not Disclosed,2026-09-18 12:39:28,"6-8+ years full stack .NET Core/.NET 6+, C#, strong Kafka expertise, retail tech experience including POS/inventory/ERP|Design, develop, and deploy scalable .NET applications and microservices; build Kafka and REST API integrations; collaborate with retail teams; optimize system performance; troubleshoot production issues; document technical designs",5.csv,Full Stack Developer,4.8,kubernetes|restful|react|merchandising|retail|sql|microservices|docker|postgresql|gcp|devops|jenkins|azure|rest|github|erp|enterprise systems|rabbitmq|sql server|angular|restful apis|kafka|full stack|aws,24,Lucknow,Mid,False,,,Full Stack Developer,Full Stack Developer,merchandising|full stack|retail|restful apis|restful|kubernetes|devops|react|microservices|enterprise systems|gcp|rabbitmq|jenkins|kafka|rest|git|azure|sql server|docker|postgresql|aws|erp|sql|angular
180926915205,Full Stack Developer,Full Stack Developer,Software Development,Engineering - Software & QA,"Full Time, Permanent",IT Services & Consulting,6,8,6-8 Yrs,Victrix Systems And Labs,Hyderabad,,0.0,0.0,True,Not Disclosed,2026-09-18 12:39:23,"6-8+ years full stack .NET Core/.NET 6+, C#, strong Kafka expertise, retail tech experience including POS/inventory/ERP|Design, develop, and deploy scalable .NET applications and microservices; build Kafka and REST API integrations; collaborate with retail teams; optimize system performance; troubleshoot production issues; document technical designs",5.csv,Full Stack Developer,4.8,kubernetes|restful|react|merchandising|retail|sql|microservices|docker|postgresql|gcp|devops|jenkins|azure|rest|github|erp|enterprise systems|rabbitmq|sql server|angular|restful apis|kafka|full stack|aws,24,Hyderabad,Mid,False,,,Full Stack Developer,Full Stack Developer,merchandising|full stack|retail|restful apis|restful|kubernetes|devops|react|microservices|enterprise systems|gcp|rabbitmq|jenkins|kafka|rest|git|azure|sql server|docker|postgresql|aws|erp|sql|angular
180926915212,Full Stack Developer,Full Stack Developer,Software Development,Engineering - Software & QA,"Full Time, Permanent",IT Services & Consulting,6,8,6-8 Yrs,Victrix Systems And Labs,Nagpur,,0.0,0.0,True,Not Disclosed,2026-09-18 12:39:29,"6-8+ years in full stack .NET Core/.NET 6+, C#, strong Kafka expertise, retail tech experience including POS, inventory, ERP|Design, develop, and deploy scalable .NET applications and microservices; build Kafka and REST API integrations; collaborate with retail teams; optimize system performance; troubleshoot production issues; document technical designs",5.csv,Full Stack Developer,4.8,kubernetes|restful|react|merchandising|retail|sql|microservices|docker|postgresql|gcp|devops|jenkins|azure|rest|github|erp|enterprise systems|rabbitmq|sql server|angular|restful apis|kafka|full stack|aws,24,Nagpur,Mid,False,,,Full Stack Developer,Full Stack Developer,merchandising|full stack|retail|restful apis|restful|kubernetes|devops|react|microservices|enterprise systems|gcp|rabbitmq|jenkins|kafka|rest|git|azure|sql server|docker|postgresql|aws|erp|sql|angular
180926502952,Full Stack Developer,Full Stack Developer,Software Development,Engineering - Software & QA,"Full Time, Permanent",IT Services & Consulting,5,10,5-10 Yrs,Cyces Innovation Labs Llp,Chennai,,0.0,0.0,True,Not Disclosed,2026-09-18 17:51:16,"Bachelors degree in Computer Science,Information Technology,or a related field.  . 5 - 3 years of experience in web or software development (internships or academic projects count).  |Familiarity with Git or any version control system.  . Strong problem-solving skills and eagerness to learn new technologies.  . Good communication and teamwork abilities",5.csv,Full Stack Developer,2.4,Computer science|Backend|Version control|Django|MySQL|PHP|HTML|Information technology|SQL|Python,10,Chennai,Mid,False,,,Full Stack Developer,Full Stack Developer,computer science|version control|php|html|python|backend|django|mysql|sql|information technology
180926500860,Full - stack Developer ( WebGIS ),Full Stack Developer,Software Development,Engineering - Software & QA,"Full Time, Permanent",IT Services & Consulting,2,5,2-5 Yrs,Sysglob,Kochi,,0.0,0.0,True,Not Disclosed,2026-09-18 17:47:23,,5.csv,Full Stack Developer,,software development|software solutions|communication and interpersonal skills|web applications|code quality,5,Kochi,Entry,False,,,Full Stack Developer,Full Stack Developer,code quality|software development|communication and interpersonal skills|web applications|software solutions
150725030899,Full Stack Developer,Full Stack Developer,Software Development,Engineering - Software & QA,"Full Time, Permanent",IT Services & Consulting,5,8,5-8 Yrs,Trigyn Technologies,Delhi / NCR,,0.0,0.0,True,Not Disclosed,2026-09-16 12:31:33,"5+ years in NodeJS/Full Stack development with expertise in build tools (Gulp, Bower, NPM) and RESTful APIs, plus experience with Neo4j, Cassandra, or Elasticsearch|Develop and maintain JavaScript/NodeJS code, design REST APIs, use React, PHP, Shell scripting, collaborate with teams, and adapt to client environments",5.csv,Full Stack Developer,3.7,Express,1,Delhi/NCR,Mid,False,,,Full Stack Developer,Full Stack Developer,express
180926504862,Full Stack Developer,Full Stack Developer,Software Development,Engineering - Software & QA,"Full Time, Permanent",Education / Training,1,6,1-6 Yrs,Fireblaze Ai School,Nagpur,,0.0,0.0,True,Not Disclosed,2026-09-18 18:10:32,"Collaborate with designers,product managers,and other developers to deliver user-focused features. Optimize applications for maximum speed,scalability,and reliability. Troubleshoot,debug,and upgrade existing systems. Write clean,maintainable,and well-documented code. .",5.csv,Full Stack Developer,4.2,Computer science|Performance tuning|Front end|Version control|Postgresql|MySQL|HTML|Ruby|SQL|Python,10,Nagpur,Entry,False,,,Full Stack Developer,Full Stack Developer,computer science|front end|version control|html|postgresql|performance tuning|python|mysql|sql|ruby
180926504911,Full Stack Developer,Full Stack Developer,Software Development,Engineering - Software & QA,"Full Time, Permanent",Education / Training,2,7,2-7 Yrs,Fireblaze Ai School,Nagpur,,0.0,0.0,True,Not Disclosed,2026-09-18 18:10:37,"Prior teaching / training experience is highly preferred. Industry certifications in full-stack / web development are a plus|Expertise in Backend Technologies: Node.js,Express.js,Python / Django/Flask,or Java / Spring Boot. Strong understanding of Database Management: MySQL,PostgreSQL,MongoDB,etc. Hands-on experience with Version Control Systems: Git / GitHub. .",5.csv,Full Stack Developer,4.2,Backend|Coding|Postgresql|MySQL|Web development|PHP|HTML|SQL|Python|CSS3,10,Nagpur,Entry,False,,,Full Stack Developer,Full Stack Developer,coding|php|html|python|postgresql|css3|backend|web development|mysql|sql
180926504874,Full Stack Developer,Full Stack Developer,Software Development,Engineering - Software & QA,"Full Time, Permanent",Education / Training,1,6,1-6 Yrs,Fireblaze Ai School,Nagpur,,0.0,0.0,True,Not Disclosed,2026-09-18 18:10:33,"Requirements . Proficiency in HTML,CSS,JavaScript . |Experience with front-end frameworks like React.js / Angular / Vue.js . |Experience with databases like MySQL / MongoDB . Understanding of RESTful APIs | . Hands-on experience with live projects",5.csv,Full Stack Developer,4.2,Backend|Version control|GIT|MySQL|Javascript|PHP|HTML|MongoDB|Python|CSS3,10,Nagpur,Entry,False,,,Full Stack Developer,Full Stack Developer,javascript|mysql|version control|html|python|css3|mongodb|backend|php|git
180926501812,"Full Stack Developer, Rails and React",Full Stack Developer,Software Development,Engineering - Software & QA,"Full Time, Permanent",IT Services & Consulting,3,6,3-6 Yrs,Allerin Tech,Mumbai,,0.0,0.0,True,Not Disclosed,2026-09-18 17:49:08,What hides underneath is a misunderstood requirement or an edge case nobody considered| No degree requirement,5.csv,Full Stack Developer,1.6,Backend|GIT|Coding|Django|Machine learning|Schema|OWASP|Javascript|Vulnerability|Auditing,10,Mumbai,Mid,False,,,Full Stack Developer,Full Stack Developer,javascript|coding|vulnerability|machine learning|schema|owasp|auditing|backend|django|git
170926501152,Investment Full Stack Developer,Full Stack Developer,Software Development,Engineering - Software & QA,"Full Time, Permanent",IT Services & Consulting,1,4,1-4 Yrs,E4 Software Services,Mumbai,,0.0,0.0,True,Not Disclosed,2026-09-18 15:31:21,,5.csv,Full Stack Developer,4.0,research and analysis|training and development|full stack developer|technical documentation|research,5,Mumbai,Entry,False,,,Full Stack Developer,Full Stack Developer,technical documentation|research and analysis|training and development|full stack developer|research
300526009346,Urgent Hiring ASP.NET Full Stack Developer- Guntur/Hyderabad,Full Stack Developer,Software Development,Engineering - Software & QA,"Full Time, Permanent",IT Services & Consulting,0,5,0-5 Yrs,Bookxpert,Guntur,Hyderabad,0.0,0.0,True,Not Disclosed,2026-09-10 11:54:03,"B.Tech/MCA in CS/IT with expertise in C#, .NET, MVC, MySQL, React.JS and API integration|Design, build, and maintain efficient code; integrate user-facing elements and data storage; identify and fix bottlenecks and bugs; ensure high performance and quality",5.csv,Full Stack Developer,4.3,MVC Architecture|OOPs/UI/UX|Problem-Solving|Planning Skills|.Net Framework|React JS|Leadership Skills|Presentation Skills|UIKIT|Git|Java Script|Swift|Testing,13,Guntur,Entry,False,,,Full Stack Developer,Full Stack Developer,presentation skills|swift|.net framework|planning skills|react|java script|mvc architecture|problem-solving|leadership skills|uikit|git|testing|oops/ui/ux
220926934040,Full Stack Developer (NodeJS),Full Stack Developer,Software Development,Engineering - Software & QA,"Full Time, Permanent",Software Product,1,3,1-3 Yrs,Aspire Talent Innovations,Chandigarh,,0.0,0.0,True,Not Disclosed,2026-09-22 16:11:14,"1+ years experience in full stack development with JavaScript, Node.js, React, RESTful APIs, and database management|Design, develop, and maintain scalable web applications; collaborate with teams; optimize performance; troubleshoot and upgrade systems|Competitive salary with annual bonuses and comprehensive health insurance",5.csv,Full Stack Developer,,Full Stack development|CSS|NoSQL|HTML|Rest API|SQL,6,Chandigarh,Entry,False,,,Full Stack Developer,Full Stack Developer,full stack development|html|rest api|nosql|sql|css
180926021887,Urgent Hiring_Java Full Stack Developer,Full Stack Developer,Software Development,Engineering - Software & QA,"Full Time, Permanent",IT Services & Consulting,3,8,3-8 Yrs,Sigma Allied Services,India,,0.0,0.0,True,Not Disclosed,2026-09-18 15:12:08,"Experience with AI-assisted development tools and full-stack frameworks like Java Spring Boot, React, and LLM integration|Develop and integrate front-end and back-end components using AgentAI tools, implement RAG-based features, and collaborate with AI specialists",5.csv,Full Stack Developer,,,0,India,Mid,False,,,Full Stack Developer,Full Stack Developer,
170926503182,Full Stack Developer - Product Engineering,Full Stack Developer,Software Development,Engineering - Software & QA,"Full Time, Permanent",Management Consulting,5,10,5-10 Yrs,Beinex,Kochi,,0.0,0.0,True,Not Disclosed,2026-09-17 17:10:50,"comfortable in Agile / Scrum environments.  . |Solid knowledge of relational databases (PostgreSQL,AWS RDS),including schema design and query optimisation.  . Hands-on experience with Docker,AWS,and Azure.  | Jest,Vitest,or similar on the front end).  . Ability to self-solution - independently architect,design,and implement.  . Good communication skills",5.csv,Full Stack Developer,2.0,Product engineering|github|Front end|Coding|Postgresql|Schema|Javascript|HTTP|AWS|CSS3,10,Kochi,Mid,False,,,Full Stack Developer,Full Stack Developer,javascript|front end|coding|postgresql|schema|css3|aws|http|git|product engineering
170926923165,Full Stack Developer,Full Stack Developer,Software Development,Engineering - Software & QA,"Full Time, Permanent",IT Services & Consulting,5,7,5-7 Yrs,Sadup Soft,Chennai,Bengaluru,0.0,0.0,True,Not Disclosed,2026-09-17 14:41:53,"5+ years Full Stack Developer with expertise in Node.js, React.js, Java/J2EE, Spring, Microservices, REST API development|Develop scalable web applications, build single-page apps, handle cross-browser/platform issues, write automated tests, and follow agile processes",5.csv,Full Stack Developer,4.2,REST API|Full Stack Developer|Spring Framework|Agile Development|Webpack|Microservices,6,Chennai,Mid,False,,,Full Stack Developer,Full Stack Developer,agile development|webpack|full stack developer|rest api|spring framework|microservices
140926906106,Full stack Developer,Full Stack Developer,Software Development,Engineering - Software & QA,"Full Time, Permanent",IT Services & Consulting,2,3,2-3 Yrs,Leadpulse.io,Hyderabad,Bengaluru,0.0,0.0,True,Not Disclosed,2026-09-14 12:15:34,"1-3 years experience with React, Node.js, Next.js, TypeScript, CI/CD, and Git|Develop and optimize scalable web applications, build APIs, maintain CI/CD pipelines, integrate Headless CMS, and collaborate on code quality",5.csv,Full Stack Developer,,css|full stack developer|cms|headless cms|react|sql|database management|git|web frameworks|devops|debugging|web development|typescript|architecture|version control|backend development|javascript|apis|web technologies|full stack,20,Hyderabad,Entry,False,,,Full Stack Developer,Full Stack Developer,database management|full stack|full stack developer|devops|version control|backend development|react|web development|javascript|git|apis|debugging|typescript|web frameworks|cms|architecture|web technologies|sql|css|headless cms
140926503683,Full Stack Developer,Full Stack Developer,Software Development,Engineering - Software & QA,"Full Time, Permanent",IT Services & Consulting,4,9,4-9 Yrs,Beyondata Solutions,Mumbai,,0.0,0.0,True,Not Disclosed,2026-09-14 16:44:39,"The ideal candidate should have a strong foundation in modern web technologies,an analytical mindset,and a passion for creating scalable,efficient,and secure enterprise grade applications. | . Optimize applications for performance,security,and scalability . Must Have |Experience with Cloud Technologies: OCI,AWS . Self-Development",5.csv,Full Stack Developer,4.2,Product engineering|Front end|Analytical|Employee engagement|Javascript|Wellness|Team building|Python|CSS3|Scripting,10,Mumbai,Mid,False,,,Full Stack Developer,Full Stack Developer,analytical|front end|scripting|wellness|team building|css3|employee engagement|python|javascript|product engineering
110926501439,Full stack developer,Full Stack Developer,Software Development,Engineering - Software & QA,"Full Time, Permanent",Management Consulting,4,8,4-8 Yrs,Apex 2000,Bengaluru,,0.0,0.0,True,Not Disclosed,2026-09-11 15:38:49,,5.csv,Full Stack Developer,3.3,python|git|it services|compliance|full stack|full stack developer|communication and interpersonal skills|javascript|apex|coding and development,10,Bengaluru,Mid,False,,,Full Stack Developer,Full Stack Developer,javascript|apex|full stack|communication and interpersonal skills|full stack developer|coding and development|compliance|python|git|it services
110926501320,Full Stack Developer,Full Stack Developer,Software Development,Engineering - Software & QA,"Full Time, Permanent",IT Services & Consulting,1,5,1-5 Yrs,Rupstech,Bengaluru,,0.0,0.0,True,Not Disclosed,2026-09-11 15:38:36,"Experience with frameworks like React,Angular,or Vue. Backend development using Java (Spring Boot),Node.js,or Python. Understanding of REST APIs and microservices architecture. |Minimum age: 18+. |Bachelor s in Computer Science / IT (preferred). Full-stack coding test may be conducted. |Portfolio or GitHub projects required.",5.csv,Full Stack Developer,4.3,css|github|python|full stack developer|js|react|backend development|code quality|javascript|docker|microservices|spring|angular|node|git|java|apis|microservices architecture|html|mysql|mongodb|architecture|communication skills,23,Bengaluru,Entry,False,,,Full Stack Developer,Full Stack Developer,html|full stack developer|spring|microservices architecture|code quality|backend development|communication skills|node|react|python|mongodb|microservices|java|javascript|git|apis|docker|architecture|mysql|css|angular
100926502439,Full Stack Developer,Full Stack Developer,Software Development,Engineering - Software & QA,"Full Time, Permanent",IT Services & Consulting,3,5,3-5 Yrs,Santric Technologies,Bengaluru,,0.0,0.0,True,Not Disclosed,2026-09-10 15:57:37,,5.csv,Full Stack Developer,4.6,laravel|software development|full stack developer|mysql|react|agile|agile development|communication and interpersonal skills|web applications,9,Bengaluru,Mid,False,,,Full Stack Developer,Full Stack Developer,agile|software development|communication and interpersonal skills|agile development|web applications|full stack developer|react|mysql|laravel
100926501942,Full Stack Developer,Full Stack Developer,Software Development,Engineering - Software & QA,"Full Time, Permanent",Banking,5,10,5-10 Yrs,Barclays,Pune,,0.0,0.0,True,Not Disclosed,2026-09-10 15:56:46,"Experience / knowledge on Cloud service,AWS. |Experience / knowledge on managing CI / CD pipeline. |Requires in-depth technical knowledge and experience in their assigned area of expertise. | Resolve problems by identifying and selecting solutions through the application of acquired technical experience and will be guided by precedents",5.csv,Full Stack Developer,3.7,confluence|exception handling|full stack developer|js|agile development|hibernate|code quality|microservices|cloud|ai tools|claude|git|java|devops|jenkins|jira|middleware|maven|ai|gradle|angular|kafka|gitlab|agile|aws,25,Pune,Mid,False,,,Full Stack Developer,Full Stack Developer,gitlab|agile|ai tools|full stack developer|confluence|devops|claude|code quality|agile development|jira|exception handling|maven|microservices|gradle|hibernate|middleware|java|jenkins|kafka|javascript|git|ai|aws|cloud|angular
100926031319,Full Stack Developer (Job location: Bangalore),Full Stack Developer,Software Development,Engineering - Software & QA,"Full Time, Permanent",IT Services & Consulting,6,11,6-11 Yrs,APPLIED INFORMATION SCIENCES (AIS),Bengaluru,,0.0,0.0,True,Not Disclosed,2026-09-10 18:41:16,"4-18 years experience with .NET, C#, ReactJS, RESTful APIs, Docker containerization|Design, develop, and maintain scalable web applications; implement secure RESTful APIs; collaborate with stakeholders; ensure code quality and troubleshoot issues",5.csv,Full Stack Developer,3.4,C#|Azure|.NET Core,3,Bengaluru,Mid,False,,,Full Stack Developer,Full Stack Developer,.net core|azure|c#
150926504226,Azure Full Stack Developer,Full Stack Developer,Software Development,Engineering - Software & QA,"Full Time, Permanent",IT Services & Consulting,6,12,6-12 Yrs,Skywalk Global,Thiruvananthapuram,,0.0,0.0,True,Not Disclosed,2026-09-15 18:13:23,,5.csv,Full Stack Developer,4.5,css|debug|full stack developer|cloud apps|programming languages|javascript|nosql|azure functions|azure services|cloud|angular|database management|java|apis|compliance|html|front-end development|programming|azure|nosql databases,20,Thiruvananthapuram,Mid,False,,,Full Stack Developer,Full Stack Developer,database management|html|full stack developer|azure services|programming|cloud apps|front-end development|azure functions|programming languages|nosql databases|java|javascript|nosql|apis|azure|debug|cloud|compliance|css|angular
110926501386,Full Stack Developer,Full Stack Developer,Software Development,Engineering - Software & QA,"Full Time, Permanent",Management Consulting,1,3,1-3 Yrs,Csrhat,Mumbai,,0.0,0.0,True,Not Disclosed,2026-09-11 15:38:44,,5.csv,Full Stack Developer,,python|restful|full stack developer|react|programming languages|ruby|spring|angular|database management|django|java|restful apis|api design|apis|postgresql|full stack|mysql|front-end development|programming,19,Mumbai,Entry,False,,,Full Stack Developer,Full Stack Developer,database management|full stack|full stack developer|restful apis|api design|spring|programming|django|restful|front-end development|react|python|ruby|programming languages|java|apis|postgresql|mysql|angular
110926013975,Full Stack Developer,Full Stack Developer,Software Development,Engineering - Software & QA,"Full Time, Permanent",IT Services & Consulting,5,8,5-8 Yrs,Randomtrees,Bengaluru,,1200000.0,2200000.0,False,12-22 Lacs,2026-09-11 14:58:22,"Experienced Full Stack Developer skilled in Python (FastAPI), React.js, SQL/PostgreSQL, AWS, LLMs, and AI-assisted development tools|Develop and maintain full-stack applications, build scalable APIs, implement unit tests, support AWS deployments, and integrate AI/LLM capabilities",5.csv,Full Stack Developer,3.7,GenAI|Git|Ci/Cd|LLM,4,Bengaluru,Mid,True,1200000.0,2200000.0,Full Stack Developer,Full Stack Developer,ci/cd|llm/gen ai|git|genai
100926500305,Full Stack Developer,Full Stack Developer,Software Development,Engineering - Software & QA,"Full Time, Permanent",IT Services & Consulting,2,6,2-6 Yrs,Hindsol Software,Bengaluru,,0.0,0.0,True,Not Disclosed,2026-09-10 15:54:23,,5.csv,Full Stack Developer,4.8,emerging technologies|node|software development|postgresql|full stack|full stack developer|js|react|agile|agile development|communication and interpersonal skills|code quality,12,Bengaluru,Entry,False,,,Full Stack Developer,Full Stack Developer,code quality|emerging technologies|agile|software development|postgresql|full stack|agile development|communication and interpersonal skills|full stack developer|node|react|javascript
180926013235,Full Stack AI Developer,Software Development - Other,Software Development,Engineering - Software & QA,"Full Time, Permanent",Management Consulting,6,15,6-15 Yrs,EY,India,,0.0,0.0,True,Not Disclosed,2026-09-18 11:55:16,"6-15 years full stack development experience with Java/.NET, expertise in cloud computing (AWS), proficiency in generative AI model development using Python|Design, develop, test, deploy and maintain scalable cloud-based applications; develop and integrate machine learning models; collaborate with teams to translate business needs; troubleshoot complex application issues",5.csv,Full Stack Developer,3.4,Java|Genrative Ai|Full Stack|Machine Learning|Agentic Ai|Large Language Model|Cloud|Development|.NET|Retrieval Augmented Generation|Python,11,India,Mid,False,,,Software Development - Other,Other IT,agentic ai|machine learning|retrieval augmented generation|genrative ai|full stack|java|large language model|development|.net|cloud|python
170926035288,UPI Full Stack Developer,Full Stack Developer,Software Development,Engineering - Software & QA,"Full Time, Temporary/Contractual",IT Services & Consulting,5,10,5-10 Yrs,Ubique Systems,Mumbai (All Areas),,0.0,0.0,True,Not Disclosed,2026-09-17 19:21:41,"The ideal candidate should have hands-on experience working on high-volume transaction platforms and a deep understanding of UPI architecture,transaction processing,APIs,and microservices|The requirement specifically calls for professionals experienced in enhancing and maintaining common libraries within the UPI stack|Preferred candidate profile . .",5.csv,Full Stack Developer,,Java|React.js|Digital Payment|Online Payment|Angular,5,Mumbai,Mid,False,,,Full Stack Developer,Full Stack Developer,java|digital payment|react|online payment|angular
170926032411,Full stack developer - Returnee,Full Stack Developer,Software Development,Engineering - Software & QA,"Full Time, Temporary/Contractual",Medical Devices & Equipment,3,5,3-5 Yrs,Somani Technologies,Bengaluru,,400000.0,450000.0,False,4-4.5 Lacs,2026-09-17 17:54:12,,5.csv,Full Stack Developer,,Kubernetes,1,Bengaluru,Mid,True,400000.0,450000.0,Full Stack Developer,Full Stack Developer,kubernetes
100926008921,Facets Full Stack Developer - 7+ Years - Multiple locations,Full Stack Developer,Software Development,Engineering - Software & QA,"Full Time, Permanent",IT Services & Consulting,7,10,7-10 Yrs,Crescendo Global Leadership Hiring India,Pune,Chennai,0.0,0.0,True,Not Disclosed,2026-09-10 10:22:07,"7+ years IT experience with 3+ years in TriZetto Facets development, strong skills in C#, .NET Full Stack, SQL, REST APIs, Microservices, Docker, Kubernetes|Design, develop, and support Facets applications; create design documents; lead delivery and cross-team collaboration; mentor team members; manage production support and issue resolution",5.csv,Full Stack Developer,,C#|rest API|facets|microservices,4,Pune,Senior,False,,,Full Stack Developer,Full Stack Developer,facets|rest api|c#|microservices
240926504486,Full Stack Laravel Developer,Full Stack Developer,Software Development,Engineering - Software & QA,"Full Time, Permanent",IT Services & Consulting,3,5,3-5 Yrs,Abaan Tech,Noida,Lucknow,0.0,0.0,True,Not Disclosed,2026-09-24 18:26:17,"Employment Type : Full Time,Permanent |The ideal candidate should be proficient in building scalable,secure,and high-performing web applications using Laravel and PHP|Joining: Immediate or by a maximum of 15 to 30 days . Disclaimer: This job posting has been aggregated from external source",5.csv,Full Stack Developer,,mvc framework|cakephp|laravel|debug|api integration|it services|php laravel|core php|full stack developer|codeigniter framework|dbms|lamp|backend development|ajax|caching|qa|codeigniter|full stack|php|mysql|mvc|aws|azure,23,Noida,Mid,False,,,Full Stack Developer,Full Stack Developer,caching|mvc framework|codeigniter|full stack|full stack developer|api integration|qa|ajax|cakephp|backend development|dbms|codeigniter framework|lamp|php|laravel|core php|mvc|php laravel|azure|debug|aws|mysql|it services
240926501792,Full Stack WordPress Developer,Full Stack Developer,Software Development,Engineering - Software & QA,"Full Time, Permanent",IT Services & Consulting,3,6,3-6 Yrs,Abaan Tech,Noida,Lucknow,0.0,0.0,True,Not Disclosed,2026-09-24 16:47:40,"The ideal candidate will have solid experience in developing,customizing,and maintaining WordPress websites (themes and plugins),along with strong front-end and back-end development skills|Joining: Immediate or by a maximum of 15 to 30 days. Disclaimer: This job posting has been aggregated from external source",5.csv,Full Stack Developer,,css|wordpress|application designing|plugins|cms|operating systems|bootstrap|web applications|javascript|jquery|plugin development|english communication|customer feedback|ecommerce|full stack|php|html|programming,18,Noida,Mid,False,,,Full Stack Developer,Full Stack Developer,operating systems|plugins|php|html|jquery|programming|full stack|wordpress|web applications|english communication|customer feedback|application designing|cms|bootstrap|ecommerce|plugin development|javascript|css
240926500792,Full-Stack Next.js Developer,Full Stack Developer,Software Development,Engineering - Software & QA,"Full Time, Permanent",Software Product,2,6,2-6 Yrs,Ismartrecruit,Rajkot,,0.0,0.0,True,Not Disclosed,2026-09-24 16:46:39,,5.csv,Full Stack Developer,3.8,css|restful|version control|js|react|code quality|javascript|database management|frontend frameworks|git|restful apis|api design|apis|postgresql|webpack|babel|frontend build tools|full-stack development|sass|mongodb,20,Rajkot,Entry,False,,,Full Stack Developer,Full Stack Developer,database management|webpack|restful apis|api design|restful|code quality|version control|react|mongodb|frontend frameworks|frontend build tools|sass|full-stack development|git|javascript|apis|postgresql|babel|css
110826502083,Full Stack Developer,Software Development - Other,Software Development,Engineering - Software & QA,"Full Time, Permanent",Management Consulting,0,1,0-1 Yrs,Godigi Infotech,Bengaluru,,0.0,0.0,True,Not Disclosed,2026-08-11 13:04:33,Disclaimer: This job description has been sourced from a public domain and may have been modified by Naukri.com to improve clarity for our users| . We are seeking a talented Full Stack Developer proficient in Python and Angular to join our dynamic team .,5.csv,Full Stack Developer,4.6,Application deployment|continuous integration|github|Front end|Postgresql|Agile|HTML|Ajax|Python,9,Bengaluru,Entry,False,,,Software Development - Other,Other IT,front end|agile|html|postgresql|application deployment|python|git|ajax|continuous integration
100524500132,Full Stack Developer,Software Development - Other,Software Development,Engineering - Software & QA,"Full Time, Permanent",Management Consulting,0,1,0-1 Yrs,Godigi Infotech,Mumbai,,0.0,0.0,True,Not Disclosed,2026-05-20 11:46:08,. We are seeking a talented Full Stack Developer proficient in Python and Angular to join our dynamic team .,5.csv,Full Stack Developer,4.6,Application deployment|continuous integration|github|Front end|Postgresql|Agile|HTML|Ajax|Python,9,Mumbai,Entry,False,,,Software Development - Other,Other IT,front end|agile|html|postgresql|application deployment|python|git|ajax|continuous integration
100926504148,Full Stack Developer  SAP & Zoho Integration,Full Stack Developer,Software Development,Engineering - Software & QA,"Full Time, Permanent",IT Services & Consulting,5,10,5-10 Yrs,Katbotz India,Remote,,0.0,0.0,True,Not Disclosed,2026-09-10 17:57:06,". KATBOTZ LLC . is looking for a Full Stack Developer with strong integration experience to design,develop,and maintain web applications and integrations across SAP,Zoho,and other enterprise / non-ERP applications. |Bachelor degree in |Experience with iPaaS platforms and middleware|Required Technical Skills . Full Stack Development",5.csv,Full Stack Developer,,data exchange|csv|cloud platforms|application architecture|api management|backend development|computer engineering|deluge|docker|cloud|data models|angular|apis|api security|data transformation|aws|architecture|azure|crm|deployment,20,Remote,Mid,False,,,Full Stack Developer,Full Stack Developer,application architecture|crm|api management|backend development|api security|cloud platforms|data models|data exchange|deployment|computer engineering|apis|csv|azure|docker|data transformation|aws|deluge|cloud|architecture|angular
220424001918,Full Stack Developer,Other,Other,Other,"Full Time, Permanent",Travel & Tourism,5,10,5-10 Yrs,Easemytrip,Noida,Gurugram,0.0,0.0,True,Not Disclosed,2026-09-19 00:30:35,"Strong command over ASP.Net, C++, C#, AngularJS, and database management skills|Engage in end-to-end development of travel and eCommerce web applications, collaborate with product teams, and ensure high-performance solutions",5.csv,Full Stack Developer,3.7,Web Api|C|Programming|JSON|Angular|Software Development|NoSQL|IIS Server|Coding|C#.Net|Javascript|Web Development|ASP|Web Technologies|Html5|SQL Server|Asp.Net Core Mvc|ASP.Net MVC|.NET Framework|SQL|IIS|Linux|XML|ASP.Net|API|MongoDB|WCF,27,Noida,Mid,False,,,Other,Other IT,coding|json|c#.net|xml|programming|html5|linux|software development|iis|mongodb|asp|web api|iis server|asp.net core mvc|asp.net mvc|.net framework|web development|javascript|nosql|api|asp.net|sql server|wcf|web technologies|sql|angular
170926922828,Full Stack Developer,Full Stack Developer,Software Development,Engineering - Software & QA,"Full Time, Permanent",IT Services & Consulting,6,8,6-8 Yrs,Victrix Systems And Labs,Jaipur,,0.0,0.0,True,Not Disclosed,2026-09-17 14:37:05,"6-8+ years full stack .NET Core/.NET 6+, C#, strong Kafka expertise, retail tech experience including POS/inventory/ERP|Design, develop, and deploy scalable .NET applications and microservices; build and maintain Kafka and REST API integrations; collaborate with retail teams; optimize system performance; troubleshoot production issues; document technical designs",5.csv,Full Stack Developer,4.8,kubernetes|restful|react|merchandising|retail|sql|microservices|docker|postgresql|gcp|devops|jenkins|azure|rest|github|erp|enterprise systems|rabbitmq|sql server|angular|restful apis|kafka|full stack|aws,24,Jaipur,Mid,False,,,Full Stack Developer,Full Stack Developer,merchandising|full stack|retail|restful apis|restful|kubernetes|devops|react|microservices|enterprise systems|gcp|rabbitmq|jenkins|kafka|rest|git|azure|sql server|docker|postgresql|aws|erp|sql|angular
170926922819,Full Stack Developer,Full Stack Developer,Software Development,Engineering - Software & QA,"Full Time, Permanent",IT Services & Consulting,6,8,6-8 Yrs,Victrix Systems And Labs,Gurugram,,0.0,0.0,True,Not Disclosed,2026-09-17 14:36:59,"6-8+ years full stack .NET Core/.NET 6+, C#, strong Kafka expertise, retail tech experience (POS, inventory, ERP)|Design, develop, and deploy scalable .NET applications and microservices; build Kafka and REST API integrations; collaborate with retail teams; optimize system performance; troubleshoot production issues; document technical designs",5.csv,Full Stack Developer,4.8,kubernetes|restful|react|merchandising|retail|sql|microservices|docker|postgresql|gcp|devops|jenkins|azure|rest|github|erp|enterprise systems|rabbitmq|sql server|angular|restful apis|kafka|full stack|aws,24,Gurugram,Mid,False,,,Full Stack Developer,Full Stack Developer,merchandising|full stack|retail|restful apis|restful|kubernetes|devops|react|microservices|enterprise systems|gcp|rabbitmq|jenkins|kafka|rest|git|azure|sql server|docker|postgresql|aws|erp|sql|angular
170926922815,Full Stack Developer,Full Stack Developer,Software Development,Engineering - Software & QA,"Full Time, Permanent",IT Services & Consulting,6,8,6-8 Yrs,Victrix Systems And Labs,Ahmedabad,,0.0,0.0,True,Not Disclosed,2026-09-17 14:36:57,"6-8+ years full stack .NET Core/.NET 6+, C#, strong Kafka expertise, retail tech experience (POS, inventory, ERP)|Design, develop, and deploy scalable .NET applications and microservices; build Kafka and REST API integrations; collaborate with retail teams; optimize system performance; troubleshoot production issues; document technical designs",5.csv,Full Stack Developer,4.8,kubernetes|restful|react|merchandising|retail|sql|microservices|docker|postgresql|gcp|devops|jenkins|azure|rest|github|erp|enterprise systems|rabbitmq|sql server|angular|restful apis|kafka|full stack|aws,24,Ahmedabad,Mid,False,,,Full Stack Developer,Full Stack Developer,merchandising|full stack|retail|restful apis|restful|kubernetes|devops|react|microservices|enterprise systems|gcp|rabbitmq|jenkins|kafka|rest|git|azure|sql server|docker|postgresql|aws|erp|sql|angular
170926922806,Full Stack Developer,Full Stack Developer,Software Development,Engineering - Software & QA,"Full Time, Permanent",IT Services & Consulting,6,8,6-8 Yrs,Victrix Systems And Labs,Surat,,0.0,0.0,True,Not Disclosed,2026-09-17 14:36:52,"6-8+ years full stack .NET Core/.NET 6+, C#, strong Kafka expertise, retail tech experience including POS/inventory/ERP|Design, develop, and deploy scalable .NET applications and microservices; build Kafka and REST API integrations; collaborate with retail teams; optimize system performance; troubleshoot production issues; document technical designs",5.csv,Full Stack Developer,4.8,kubernetes|restful|react|merchandising|retail|sql|microservices|docker|postgresql|gcp|devops|jenkins|azure|rest|github|erp|enterprise systems|rabbitmq|sql server|angular|restful apis|kafka|full stack|aws,24,Surat,Mid,False,,,Full Stack Developer,Full Stack Developer,merchandising|full stack|retail|restful apis|restful|kubernetes|devops|react|microservices|enterprise systems|gcp|rabbitmq|jenkins|kafka|rest|git|azure|sql server|docker|postgresql|aws|erp|sql|angular
170926922803,Full Stack Developer,Full Stack Developer,Software Development,Engineering - Software & QA,"Full Time, Permanent",IT Services & Consulting,6,8,6-8 Yrs,Victrix Systems And Labs,Kolkata,,0.0,0.0,True,Not Disclosed,2026-09-17 14:36:50,"6-8+ years full stack .NET Core/.NET 6+, C#, strong Kafka expertise, retail tech experience (POS, inventory, ERP)|Design, develop, and deploy scalable .NET applications and microservices; build Kafka and REST API integrations; collaborate with retail teams; optimize system performance; troubleshoot production issues; document technical designs",5.csv,Full Stack Developer,4.8,kubernetes|restful|react|merchandising|retail|sql|microservices|docker|postgresql|gcp|devops|jenkins|azure|rest|github|erp|enterprise systems|rabbitmq|sql server|angular|restful apis|kafka|full stack|aws,24,Kolkata,Mid,False,,,Full Stack Developer,Full Stack Developer,merchandising|full stack|retail|restful apis|restful|kubernetes|devops|react|microservices|enterprise systems|gcp|rabbitmq|jenkins|kafka|rest|git|azure|sql server|docker|postgresql|aws|erp|sql|angular
170926922802,Full Stack Developer,Full Stack Developer,Software Development,Engineering - Software & QA,"Full Time, Permanent",IT Services & Consulting,6,8,6-8 Yrs,Victrix Systems And Labs,Chennai,,0.0,0.0,True,Not Disclosed,2026-09-17 14:36:49,"6-8+ years full stack .NET Core/.NET 6+, C#, strong Kafka expertise, retail tech experience (POS, inventory, ERP)|Design, develop, and deploy scalable .NET applications and microservices; build Kafka and REST API integrations; optimize system performance; troubleshoot production issues; document technical designs",5.csv,Full Stack Developer,4.8,kubernetes|restful|react|merchandising|retail|sql|microservices|docker|postgresql|gcp|devops|jenkins|azure|rest|github|erp|enterprise systems|rabbitmq|sql server|angular|restful apis|kafka|full stack|aws,24,Chennai,Mid,False,,,Full Stack Developer,Full Stack Developer,merchandising|full stack|retail|restful apis|restful|kubernetes|devops|react|microservices|enterprise systems|gcp|rabbitmq|jenkins|kafka|rest|git|azure|sql server|docker|postgresql|aws|erp|sql|angular
170926503900,Full Stack Developer,Full Stack Developer,Software Development,Engineering - Software & QA,"Full Time, Permanent",Education / Training,1,3,1-3 Yrs,Hsquare Sports,New Delhi,,0.0,0.0,True,Not Disclosed,2026-09-17 17:12:12,"Bachelor s degree in computer programming,computer science,or a related field.  . Fluency or understanding of specific languages,such as Javascript,Typescript,PHP,SQL.  . Strong understanding of the web development cycle and programming techniques and tools.  . Focus on efficiency,user experience,and process improvement.  |Were an ambitious bunch,were hungry,and weve only just begun",5.csv,Full Stack Developer,5.0,Computer science|Backend|Senior management|Process improvement|MySQL|Web development|Javascript|PHP|JIRA|SQL,10,New Delhi,Entry,False,,,Full Stack Developer,Full Stack Developer,process improvement|javascript|computer science|php|jira|senior management|backend|web development|mysql|sql
170926503274,Full Stack developer (Microsoft technology stack),Full Stack Developer,Software Development,Engineering - Software & QA,"Full Time, Permanent",IT Services & Consulting,1,4,1-4 Yrs,Ikart Solutions,Ahmedabad,,0.0,0.0,True,Not Disclosed,2026-09-17 17:11:02,"Ideal candidate will be IT graduate with 1-4 years of relevant experience. Disclaimer: This job posting has been aggregated from external source| Why you should join us |Candidate should be quick learner and willing to work on different range of technologies. Azure cloud platform. Microsoft SQL server,mySQL,SQLite,PostgreSQL| Qualification & Experience",5.csv,Full Stack Developer,4.9,jQuery|LINQ|Postgresql|MySQL|Javascript|HTML|MVC|Visual Studio|microsoft|SQL,10,Ahmedabad,Entry,False,,,Full Stack Developer,Full Stack Developer,mvc|javascript|linq|jquery|html|postgresql|visual studio|microsoft|mysql|sql
170926503108,Full Stack Developer (Full-time),Full Stack Developer,Software Development,Engineering - Software & QA,"Full Time, Permanent",Software Product,2,7,2-7 Yrs,Trusted Communities Organization,Gandhinagar,,0.0,0.0,True,Not Disclosed,2026-09-17 17:10:42,,5.csv,Full Stack Developer,3.9,Computer science|Front end|Version control|User interface designing|Postgresql|MySQL|Security testing|Healthcare|SQL|Python,10,Gandhinagar,Entry,False,,,Full Stack Developer,Full Stack Developer,computer science|front end|version control|security testing|postgresql|user interface designing|python|mysql|sql|healthcare
170926501817,Full Stack Developer,Full Stack Developer,Software Development,Engineering - Software & QA,"Full Time, Permanent",BPM / BPO,1,6,1-6 Yrs,Corient Business Solutions,Mumbai,,0.0,0.0,True,Not Disclosed,2026-09-17 17:08:15,,5.csv,Full Stack Developer,3.1,technical support|operations|training and development|ticketing|incident management|customer feedback|customer complaints|full stack developer|troubleshooting,9,Mumbai,Entry,False,,,Full Stack Developer,Full Stack Developer,customer complaints|technical support|training and development|ticketing|troubleshooting|full stack developer|customer feedback|operations|incident management
160926934503,Full Stack Developer,Full Stack Developer,Software Development,Engineering - Software & QA,"Full Time, Permanent",IT Services & Consulting,6,8,6-8 Yrs,Victrix Systems And Labs,Pune,,0.0,0.0,True,Not Disclosed,2026-09-16 16:05:02,"- 6 to 8+ years of hands-on full stack development using .NET Core / .NET 6+,C#,and modern frontend frameworks (React / Angular preferred)| . - Solid experience designing RESTful APIs and integrating with enterprise systems",5.csv,Full Stack Developer,4.8,kubernetes|restful|react|merchandising|retail|sql|microservices|docker|postgresql|gcp|devops|jenkins|azure|rest|github|erp|enterprise systems|rabbitmq|sql server|angular|restful apis|kafka|full stack|aws,24,Pune,Mid,False,,,Full Stack Developer,Full Stack Developer,merchandising|full stack|retail|restful apis|restful|kubernetes|devops|react|microservices|enterprise systems|gcp|rabbitmq|jenkins|kafka|rest|git|azure|sql server|docker|postgresql|aws|erp|sql|angular
160926934501,Full Stack Developer,Full Stack Developer,Software Development,Engineering - Software & QA,"Full Time, Permanent",IT Services & Consulting,6,8,6-8 Yrs,Victrix Systems And Labs,Mumbai,,0.0,0.0,True,Not Disclosed,2026-09-16 16:05:01,"- 6 to 8+ years of hands-on full stack development using .NET Core / .NET 6+,C#,and modern frontend frameworks (React / Angular preferred)| . - Solid experience designing RESTful APIs and integrating with enterprise systems",5.csv,Full Stack Developer,4.8,kubernetes|restful|react|merchandising|retail|sql|microservices|docker|postgresql|gcp|devops|jenkins|azure|rest|github|erp|enterprise systems|rabbitmq|sql server|angular|restful apis|kafka|full stack|aws,24,Mumbai,Mid,False,,,Full Stack Developer,Full Stack Developer,merchandising|full stack|retail|restful apis|restful|kubernetes|devops|react|microservices|enterprise systems|gcp|rabbitmq|jenkins|kafka|rest|git|azure|sql server|docker|postgresql|aws|erp|sql|angular
160926934488,Full Stack Developer,Full Stack Developer,Software Development,Engineering - Software & QA,"Full Time, Permanent",IT Services & Consulting,6,8,6-8 Yrs,Victrix Systems And Labs,New Delhi,,0.0,0.0,True,Not Disclosed,2026-09-16 16:04:56,"- 6 to 8+ years of hands-on full stack development using .NET Core / .NET 6+,C#,and modern frontend frameworks (React / Angular preferred)| . - Solid experience designing RESTful APIs and integrating with enterprise systems",5.csv,Full Stack Developer,4.8,kubernetes|restful|react|merchandising|retail|sql|microservices|docker|postgresql|gcp|devops|jenkins|azure|rest|github|erp|enterprise systems|rabbitmq|sql server|angular|restful apis|kafka|full stack|aws,24,New Delhi,Mid,False,,,Full Stack Developer,Full Stack Developer,merchandising|full stack|retail|restful apis|restful|kubernetes|devops|react|microservices|enterprise systems|gcp|rabbitmq|jenkins|kafka|rest|git|azure|sql server|docker|postgresql|aws|erp|sql|angular
160926934484,Full Stack Developer,Full Stack Developer,Software Development,Engineering - Software & QA,"Full Time, Permanent",IT Services & Consulting,6,8,6-8 Yrs,Victrix Systems And Labs,Lucknow,,0.0,0.0,True,Not Disclosed,2026-09-16 16:04:53,"- 6 to 8+ years of hands-on full stack development using .NET Core / .NET 6+,C#,and modern frontend frameworks (React / Angular preferred)| . - Solid experience designing RESTful APIs and integrating with enterprise systems",5.csv,Full Stack Developer,4.8,kubernetes|restful|react|merchandising|retail|sql|microservices|docker|postgresql|gcp|devops|jenkins|azure|rest|github|erp|enterprise systems|rabbitmq|sql server|angular|restful apis|kafka|full stack|aws,24,Lucknow,Mid,False,,,Full Stack Developer,Full Stack Developer,merchandising|full stack|retail|restful apis|restful|kubernetes|devops|react|microservices|enterprise systems|gcp|rabbitmq|jenkins|kafka|rest|git|azure|sql server|docker|postgresql|aws|erp|sql|angular
160926934027,Full Stack Developer,Full Stack Developer,Software Development,Engineering - Software & QA,"Full Time, Permanent",Printing & Publishing,3,5,3-5 Yrs,S4Carlisle,Chennai,,0.0,0.0,True,Not Disclosed,2026-09-16 16:01:50,,5.csv,Full Stack Developer,3.9,TypeScript|Node.js|SQL databases|React,4,Chennai,Mid,False,,,Full Stack Developer,Full Stack Developer,typescript|node.js|react|sql databases
160926933789,Full Stack Developer - SaaS Platform & Automation,Full Stack Developer,Software Development,Engineering - Software & QA,"Full Time, Permanent",IT Services & Consulting,4,8,4-8 Yrs,Suntuity Renewable Energy India,Mumbai,,0.0,0.0,True,Not Disclosed,2026-09-16 16:00:10,"Ensure robust API logging,error handling,and monitoring. 2) Portal Enhancement (Customer + Engineering + Admin) Improve portal UI / UX to reduce clicks,simplify intake,and enhance user experience|Required Skills |Strong understanding of: authentication (OAuth2,JWT) Role Based Access Control (RBAC) Database experience: PostgreSQL / MySQL (preferred) MongoDB (optional)",5.csv,Full Stack Developer,3.4,API Integration|OAuth2|JWT|PostgreSQL|SaaS|Node.js|Next.js|Express.js|React|REST API|Full Stack Developer|MySQL,12,Mumbai,Mid,False,,,Full Stack Developer,Full Stack Developer,mysql|jwt|postgresql|oauth2|saas|react|api integration|rest api|full stack developer|node.js|express.js|next.js
160926502745,Full Stack Developer,Full Stack Developer,Software Development,Engineering - Software & QA,"Full Time, Permanent",IT Services & Consulting,4,5,4-5 Yrs,Pragnova Bangalore,Coimbatore,,0.0,0.0,True,Not Disclosed,2026-09-16 17:27:52,,5.csv,Full Stack Developer,,IT services|Analytical skills|Backend|Front end|Web technologies|Version control|Production support|Web development|Javascript|Information technology,10,Coimbatore,Mid,False,,,Full Stack Developer,Full Stack Developer,javascript|front end|information technology|version control|analytical skills|production support|backend|web development|web technologies|it services
160926501890,Full Stack Developer (Laravel & Vue),Full Stack Developer,Software Development,Engineering - Software & QA,"Full Time, Permanent",IT Services & Consulting,3,6,3-6 Yrs,Mayur Web Technology,Ahmedabad,,0.0,0.0,True,Not Disclosed,2026-09-16 17:26:18,,5.csv,Full Stack Developer,,Backend|Version control|MySQL|Billing|Javascript|PHP|Deployment|Auditing|microservices|Testing,10,Ahmedabad,Mid,False,,,Full Stack Developer,Full Stack Developer,javascript|version control|billing|testing|deployment|auditing|backend|php|mysql|microservices
160926500188,FULL STACK developer,Full Stack Developer,Software Development,Engineering - Software & QA,"Full Time, Permanent",IT Services & Consulting,2,7,2-7 Yrs,Bugtreat Technologies,Madurai,,0.0,0.0,True,Not Disclosed,2026-09-16 14:45:52,,5.csv,Full Stack Developer,2.7,schema|software development|data security|full stack developer|js|express|react|communication and interpersonal skills|database schema|git version control|node|git|apis|agile methodologies|coding standards|mysql|agile|mongodb,18,Madurai,Entry,False,,,Full Stack Developer,Full Stack Developer,javascript|mysql|database schema|express|git version control|software development|agile|data security|communication and interpersonal skills|coding standards|full stack developer|node|react|mongodb|agile methodologies|schema|apis|git
150926503492,Full Stack Developer,Full Stack Developer,Software Development,Engineering - Software & QA,"Full Time, Permanent",IT Services & Consulting,4,9,4-9 Yrs,Beyondata Solutions,Ahmedabad,,0.0,0.0,True,Not Disclosed,2026-09-15 16:03:43,"The ideal candidate should have a strong foundation in modern web technologies,an analytical mindset,and a passion for creating scalable,efficient,and secure enterprise grade applications. | . Optimize applications for performance,security,and scalability . Must Have |Experience with Cloud Technologies: OCI,AWS . Self-Development",5.csv,Full Stack Developer,4.2,Product engineering|Front end|Analytical|Employee engagement|Javascript|Wellness|Team building|Python|CSS3|Scripting,10,Ahmedabad,Mid,False,,,Full Stack Developer,Full Stack Developer,analytical|front end|scripting|wellness|team building|css3|employee engagement|python|javascript|product engineering
150926007400,Full Stack Developer,Full Stack Developer,Software Development,Engineering - Software & QA,"Full Time, Permanent",Film / Music / Entertainment,1,3,1-3 Yrs,Bamigos,New Delhi,,250000.0,450000.0,False,2.5-4.5 Lacs,2026-09-15 11:27:03,"1–2 years experience with JavaScript/TypeScript, React, Node.js, SQL, Git, and APIs|Develop and maintain web and kiosk software with problem-solving and ownership|Salary ₹25,000–₹40,000/month",5.csv,Full Stack Developer,,GIT|Javascript|Node.js|React.js|SQL,5,New Delhi,Entry,True,250000.0,450000.0,Full Stack Developer,Full Stack Developer,react|node.js|javascript|sql|git
140926501860,Full Stack Developer,Full Stack Developer,Software Development,Engineering - Software & QA,"Full Time, Permanent",IT Services & Consulting,5,10,5-10 Yrs,Scalex Technology Solutions,Pune,,0.0,0.0,True,Not Disclosed,2026-09-14 16:02:50,"Roles and Responsibilities . Lead the design,development,and maintenance of complex web applications using JavaScript or TypeScript-based technologies.  . Hands-on experience with Node.js,Next.js,NestJS,TypeScript,PostgreSQL,and related technologies within JavaScript or TypeScript.  |Required Qualifications,Capabilities,And Skills . .",5.csv,Full Stack Developer,4.8,Computer science|Software design|Manager Quality Assurance|Architecture|Coding|Postgresql|Consulting|System design|High level design|Software services,10,Pune,Mid,False,,,Full Stack Developer,Full Stack Developer,computer science|coding|software services|high level design|software design|postgresql|system design|architecture|consulting|manager quality assurance
140926501003,Full Stack Developer,Full Stack Developer,Software Development,Engineering - Software & QA,"Full Time, Permanent",Analytics / KPO / Research,4,8,4-8 Yrs,Binlytix,Hyderabad,,0.0,0.0,True,Not Disclosed,2026-09-14 16:00:39,,5.csv,Full Stack Developer,4.3,emerging technologies|python|full stack developer|js|programming languages|code quality|digital solutions|angular|database management|node|django|java|api design|apis|postgresql|mysql|front-end development|mongodb|programming,19,Hyderabad,Mid,False,,,Full Stack Developer,Full Stack Developer,database management|full stack developer|api design|programming|django|front-end development|code quality|emerging technologies|node|python|mongodb|programming languages|java|digital solutions|javascript|apis|postgresql|mysql|angular
140926500967,Full Stack Developer,Full Stack Developer,Software Development,Engineering - Software & QA,"Full Time, Permanent",Emerging Technologies,2,6,2-6 Yrs,Createntropy,Pune,,0.0,0.0,True,Not Disclosed,2026-09-14 16:00:36,,5.csv,Full Stack Developer,,emerging technologies|software development|version control|full stack developer|js|automated testing|react|communication and interpersonal skills|code quality|cloud|node|git|agile methodologies|agile|cloud computing,15,Pune,Entry,False,,,Full Stack Developer,Full Stack Developer,cloud computing|code quality|emerging technologies|version control|software development|agile|communication and interpersonal skills|full stack developer|node|react|agile methodologies|cloud|automated testing|javascript|git
140926500663,Full Stack Developer,Full Stack Developer,Software Development,Engineering - Software & QA,"Full Time, Permanent",Software Product,3,5,3-5 Yrs,Triveous,Remote,,0.0,0.0,True,Not Disclosed,2026-09-14 15:41:57,"Create technical requirement documents and conduct a feasibility analysis| 3-5 years of work experience in a full-stack development environment.  . Strong expertise in programming languages such as JavaScript,React JS,and TypeScript.  |Experience in Java is advantageous.  . Proficiency in frameworks like Node.js or Spring Boot.",5.csv,Full Stack Developer,2.0,debug|ai solutions|ai|ai infrastructure|full stack developer|js|backend development|fintech|javascript|database design|java|apis|feasibility analysis|cancer|data structures|full-stack development|dashboard|communication skills,18,Remote,Mid,False,,,Full Stack Developer,Full Stack Developer,ai|ai solutions|java|backend development|database design|feasibility analysis|full stack developer|debug|cancer|full-stack development|dashboard|ai infrastructure|communication skills|data structures|javascript|fintech|apis
120926008712,WordPress / Webflow & Full Stack Developer,Full Stack Developer,Software Development,Engineering - Software & QA,"Full Time, Permanent",IT Services & Consulting,3,7,3-7 Yrs,Digital Trendz,Ahmedabad,,250000.0,425000.0,False,2.5-4.25 Lacs,2026-09-12 10:25:53,"3+ years experience in Full Stack development with strong WordPress and Webflow expertise, proficiency in PHP, JavaScript, custom theme and plugin development|Develop and maintain WordPress sites and full stack web applications, design databases, build APIs, ensure performance, security, and SEO, collaborate with teams",5.csv,Full Stack Developer,,Wordpress CMS|Figma|Woocommerce|Wordpress Development,4,Ahmedabad,Mid,True,250000.0,425000.0,Full Stack Developer,Full Stack Developer,wordpress cms|figma|woocommerce|wordpress development
110926502002,Full-Stack Developer,Full Stack Developer,Software Development,Engineering - Software & QA,"Full Time, Permanent",IT Services & Consulting,4,5,4-5 Yrs,Ncircle Tech,Pune,,0.0,0.0,True,Not Disclosed,2026-09-11 15:39:41,,5.csv,Full Stack Developer,3.2,autodesk|css|api integration|aps|bim|cad|data processing|full stack developer|js|git version control|javascript|microservices|node|git|apis|devops|microservices architecture|geometry|html|engineering design|mongodb|architecture,22,Pune,Mid,False,,,Full Stack Developer,Full Stack Developer,autodesk|git version control|html|cad|geometry|full stack developer|api integration|engineering design|devops|microservices architecture|data processing|bim|aps|node|mongodb|microservices|git|javascript|apis|architecture|css
110926500250,Full Stack Developer,Full Stack Developer,Software Development,Engineering - Software & QA,"Full Time, Permanent",IT Services & Consulting,5,7,5-7 Yrs,Techcarrot Fz-llc,Chennai,,0.0,0.0,True,Not Disclosed,2026-09-11 15:20:57,"Job Type . Full time . Disclaimer: This job posting has been aggregated from external source|Build reusable UI components,backend services,REST APIs,and required system integrations|Minimum of 5-7 years of experience in Full stack developer role|Experience on Microservices architecture .",5.csv,Full Stack Developer,2.6,front end|css|html5|full stack developer|js|backend development|caching|azure apim|azure devops|javascript|docker|git|apis|devops|defect analysis|integrations|apim|css3|architecture|azure|browser compatibility|deployment,22,Chennai,Mid,False,,,Full Stack Developer,Full Stack Developer,caching|integrations|full stack developer|browser compatibility|defect analysis|html5|devops|azure apim|apim|azure devops|backend development|deployment|git|javascript|apis|front end|azure|docker|css3|architecture|css
110926500249,Full Stack Developer,Full Stack Developer,Software Development,Engineering - Software & QA,"Full Time, Permanent",IT Services & Consulting,5,7,5-7 Yrs,Techcarrot Fz-llc,Hyderabad,,0.0,0.0,True,Not Disclosed,2026-09-11 15:20:57,"Job Type . Full time . Disclaimer: This job posting has been aggregated from external source|Build reusable UI components,backend services,REST APIs,and required system integrations|Minimum of 5-7 years of experience in Full stack developer role|Experience on Microservices architecture .",5.csv,Full Stack Developer,2.6,front end|css|html5|full stack developer|js|backend development|caching|azure apim|azure devops|javascript|docker|git|apis|devops|defect analysis|integrations|apim|css3|architecture|azure|browser compatibility|deployment,22,Hyderabad,Mid,False,,,Full Stack Developer,Full Stack Developer,caching|integrations|full stack developer|browser compatibility|defect analysis|html5|devops|azure apim|apim|azure devops|backend development|deployment|git|javascript|apis|front end|azure|docker|css3|architecture|css
100926917646,Full Stack Developer,Full Stack Developer,Software Development,Engineering - Software & QA,"Full Time, Permanent",Emerging Technologies (AI/ML),4,5,4-5 Yrs,Knowdis,New Delhi,Delhi / NCR,0.0,0.0,True,Not Disclosed,2026-09-10 13:17:05,"Experience with MERN stack, React.js in Typescript, and REST API development|Design and implement web architecture, develop responsive features, manage database, and establish CI/CD pipelines",5.csv,Full Stack Developer,,Typescript|MongoDB|Node.js|Express.js|React,5,New Delhi,Mid,False,,,Full Stack Developer,Full Stack Developer,typescript|react|node.js|mongodb|express.js
100926917262,Full Stack Developer,Full Stack Developer,Software Development,Engineering - Software & QA,"Full Time, Permanent",Analytics / KPO / Research,5,10,5-10 Yrs,Gun Marine Services (GMS),Indore,Chennai,0.0,0.0,True,Not Disclosed,2026-09-10 13:11:51,"2+ years experience in Node.js, Vue.js, JavaScript; strong data engineering background with ETL and large-scale data systems; Bachelor's in CS/Engineering or equivalent|Design and maintain backend systems with Python/Django; develop frontend components using React, HTML, CSS, JavaScript; manage cloud deployments (AWS preferred); integrate systems via RESTful APIs; collaborate with AI and engineering teams; participate in Agile processes",5.csv,Full Stack Developer,3.4,Java|IT Manager|Web Designer|Agile|Full Stack|.Net|Software|HTML|ETL|React|Angular,11,Indore,Mid,False,,,Full Stack Developer,Full Stack Developer,agile|html|full stack|java|it manager|.net|react|etl|web designer|software|angular
100926914986,Full Stack Developer,Full Stack Developer,Software Development,Engineering - Software & QA,"Full Time, Permanent",IT Services & Consulting,3,5,3-5 Yrs,Wits Innovation Lab,Mohali,,0.0,0.0,True,Not Disclosed,2026-09-10 12:21:21,"3+ years experience with Node.js/TypeScript or Golang and working knowledge of React.js or Flutter|Design, develop, and maintain scalable backend services and APIs; build and integrate RESTful APIs; collaborate with cross-functional teams; write clean code and optimize performance",5.csv,Full Stack Developer,3.2,TypeScript|Golang|Node.js|Flutter|React.js|RESTful APIs,6,Mohali,Mid,False,,,Full Stack Developer,Full Stack Developer,typescript|flutter|go|react|restful apis|node.js
100926504159,Full Stack Developer,Full Stack Developer,Software Development,Engineering - Software & QA,"Full Time, Permanent",IT Services & Consulting,2,5,2-5 Yrs,Slash Mark,REMOTE,,0.0,0.0,True,Not Disclosed,2026-09-10 17:57:07,"Eligibility: Bachelors (BTech,BCA,BSc) or equivalent.",5.csv,Full Stack Developer,4.4,cloud|cloud services|mern stack|apis|mern|full stack developer|cloud deployment|deployment,8,REMOTE,Entry,False,,,Full Stack Developer,Full Stack Developer,cloud services|cloud deployment|full stack developer|deployment|cloud|mern stack|apis|mern
100926503759,Full Stack Developer,Full Stack Developer,Software Development,Engineering - Software & QA,"Full Time, Permanent",IT Services & Consulting,3,4,3-4 Yrs,Autorabit,Remote,,0.0,0.0,True,Not Disclosed,2026-09-10 17:37:08,Experience with Prisma or a comparable ORM and knowledge of when to drop to raw SQL|Experience and Desired Skills | Hands-on experience with Node.js and Java building APIs or microservices .,5.csv,Full Stack Developer,3.8,container|ci/cd pipelines|api integration|cloud platforms|bitbucket|code quality|concurrency|cloud|containerization|apis|compliance|devops|coding standards|devsecops|agile|aws|azure integration services|cloning|azure|deployment,20,Remote,Mid,False,,,Full Stack Developer,Full Stack Developer,agile|containerization|devsecops|api integration|devops|code quality|cloud platforms|concurrency|bitbucket|azure integration services|deployment|apis|azure|container|ci/cd pipelines|aws|cloud|compliance|cloning|coding standards
